Temperature,Humidity,PM2.5,PM10,NO2,SO2,CO,Proximity_to_Industrial_Areas,Population_Density,Air_Quality
27.0,87.3,10.8,18.7,24.2,10.7,1.47,6.3,327,Moderate
32.2,57.0,22.8,34.4,25.7,5.8,1.5,7.0,509,Moderate
36.0,75.2,4.7,10.5,33.5,0.4,1.72,6.5,336,Moderate
26.2,52.6,11.3,11.5,29.3,14.6,1.55,7.3,397,Moderate
28.7,63.9,13.5,25.3,16.2,10.9,1.17,6.3,478,Moderate
36.7,71.8,47.7,56.7,28.8,18.0,1.57,7.6,702,Moderate
31.6,85.1,4.5,19.4,29.0,11.9,1.23,6.3,429,Moderate
34.7,69.9,29.7,43.7,29.5,11.6,1.6,6.9,398,Moderate
25.5,88.7,10.6,20.0,25.4,10.5,1.5,5.8,364,Moderate
29.7,46.7,0.4,12.9,33.2,4.5,1.63,5.2,541,Moderate
39.0,92.4,1.7,3.6,31.7,4.8,1.19,7.0,428,Moderate
29.6,68.9,1.9,7.6,26.5,4.1,1.5,9.9,398,Moderate
33.9,72.8,22.7,30.8,26.1,15.3,1.98,5.6,598,Moderate
32.0,51.9,43.7,55.7,24.3,12.1,1.41,5.1,461,Moderate
34.5,86.1,9.0,21.6,39.1,7.5,1.79,5.2,450,Moderate
33.8,86.8,12.5,20.9,26.7,6.6,1.66,5.2,685,Moderate
28.9,61.7,2.7,7.1,35.3,7.8,1.45,6.0,439,Moderate
34.1,90.5,14.3,17.4,19.6,6.4,1.59,7.0,494,Moderate
31.8,80.1,5.6,7.6,24.4,16.6,1.56,10.4,679,Moderate
30.2,87.8,3.4,15.9,36.0,14.2,1.47,7.3,399,Moderate
26.4,63.7,7.3,11.2,30.1,11.6,1.13,8.7,507,Moderate
27.8,83.3,13.5,30.5,21.6,0.7,1.64,5.4,653,Moderate
30.6,80.3,4.5,13.8,25.9,4.9,1.32,5.0,333,Moderate
34.7,74.8,6.6,19.6,26.4,12.7,1.6,8.5,304,Moderate
33.6,55.2,2.9,21.2,21.9,5.1,1.69,5.3,454,Moderate
25.7,67.7,43.0,52.4,22.5,7.2,1.35,6.0,415,Moderate
30.2,63.7,16.6,29.7,30.1,15.1,1.75,6.0,297,Moderate
29.3,74.3,8.5,19.9,26.7,11.1,1.67,7.4,599,Moderate
31.0,66.7,5.9,19.3,29.4,14.0,1.44,5.4,633,Moderate
24.7,78.9,55.7,66.2,28.5,6.3,1.33,7.2,454,Moderate
30.7,75.8,2.4,19.2,29.4,9.3,1.66,5.5,448,Moderate
32.6,61.4,37.3,53.1,27.8,11.8,1.65,5.1,529,Moderate
28.9,72.0,48.2,58.4,29.3,9.2,1.56,9.5,422,Moderate
37.1,53.3,37.3,51.0,25.9,10.0,0.98,9.0,473,Moderate
27.9,89.6,11.5,8.6,21.7,15.8,1.27,5.2,618,Moderate
31.4,79.4,55.7,62.7,24.1,11.5,1.46,7.8,361,Moderate
26.7,48.8,19.7,23.8,31.8,5.3,1.27,5.3,538,Moderate
28.3,82.7,11.7,19.7,28.6,14.5,1.27,5.2,430,Moderate
32.7,59.4,2.1,14.7,21.9,13.7,1.21,8.4,394,Moderate
34.7,88.9,8.9,16.1,33.3,8.5,1.19,6.0,447,Moderate
33.6,72.6,24.5,31.2,24.1,14.8,1.3,6.7,489,Moderate
29.9,78.6,25.1,30.1,26.5,7.2,1.49,7.3,323,Moderate
30.7,61.2,2.6,15.9,20.5,4.2,1.77,5.3,449,Moderate
25.4,75.4,33.4,35.5,31.4,9.4,1.8,5.8,600,Moderate
31.0,95.6,32.3,39.5,21.4,8.9,1.25,10.7,327,Moderate
29.2,77.9,12.9,21.4,24.7,12.6,1.39,6.4,640,Moderate
31.3,56.1,2.3,11.6,21.1,9.0,1.41,10.9,588,Moderate
33.8,53.7,11.2,30.1,25.8,10.6,1.23,5.3,640,Moderate
31.5,73.6,55.0,68.7,22.3,12.5,1.35,6.2,417,Moderate
41.4,79.4,28.4,40.4,28.0,17.8,1.15,6.4,538,Moderate
24.2,80.6,3.3,13.0,23.6,14.5,1.22,6.1,367,Moderate
34.8,72.7,12.7,20.2,23.4,16.3,1.68,8.2,679,Moderate
37.3,61.0,67.6,72.0,22.7,10.3,1.6,9.3,582,Moderate
30.8,76.8,3.7,15.9,30.8,12.0,1.78,7.8,501,Moderate
40.0,52.7,1.0,12.1,34.3,5.3,1.25,6.2,355,Moderate
29.3,86.7,18.2,32.5,29.2,12.9,1.4,5.5,552,Moderate
29.3,78.5,14.8,19.2,29.3,-0.4,1.48,8.0,451,Moderate
31.5,67.6,33.4,46.2,22.8,0.7,2.07,5.4,446,Moderate
35.6,82.5,1.8,11.9,20.6,14.6,1.63,10.1,672,Moderate
43.7,76.2,56.6,64.2,23.2,12.3,1.4,5.6,390,Moderate
27.7,58.8,39.1,50.7,33.0,9.8,1.43,7.9,408,Moderate
31.2,49.7,20.5,30.6,25.2,15.7,1.59,9.0,347,Moderate
29.9,69.7,4.0,13.5,25.5,10.5,1.52,11.8,668,Moderate
29.8,60.2,10.7,19.8,24.9,12.4,2.0,6.4,472,Moderate
29.3,86.8,62.8,74.6,23.6,13.1,1.62,5.1,564,Moderate
23.9,79.8,35.5,48.2,25.8,11.1,1.77,8.8,441,Moderate
32.1,75.6,16.2,21.1,18.9,12.4,1.44,9.3,405,Moderate
31.2,63.7,24.8,34.8,28.0,5.7,1.43,7.3,616,Moderate
31.6,68.2,3.4,14.1,20.2,8.8,1.56,5.2,423,Moderate
23.2,72.9,29.3,39.3,20.6,7.2,1.36,5.4,299,Moderate
30.7,81.9,0.5,11.4,26.4,20.0,1.71,5.2,650,Moderate
30.5,76.0,30.7,48.8,25.3,3.3,1.56,7.3,721,Moderate
35.1,81.5,1.7,10.9,29.1,11.0,1.48,11.5,337,Moderate
37.9,96.9,43.3,51.1,31.9,10.6,1.23,7.2,293,Moderate
30.3,51.2,7.3,18.8,26.3,14.1,1.39,5.2,624,Moderate
28.9,91.1,12.3,22.6,29.5,6.3,1.21,6.3,351,Moderate
25.7,78.9,47.3,61.1,32.0,8.7,1.23,7.4,530,Moderate
35.4,85.1,18.4,25.0,25.3,6.5,1.56,5.3,425,Moderate
30.8,84.4,34.2,50.3,27.8,16.1,1.3,5.1,416,Moderate
38.1,82.6,5.1,13.8,25.0,9.9,1.5,6.7,582,Moderate
36.4,61.9,15.7,22.4,21.9,13.4,1.75,5.7,616,Moderate
30.1,86.8,7.3,22.4,27.9,6.0,1.29,6.0,690,Moderate
24.3,92.5,25.8,32.4,30.8,13.7,1.69,6.0,268,Moderate
30.1,72.0,14.4,19.7,22.7,10.7,1.46,6.4,372,Moderate
33.1,80.3,28.6,49.4,27.8,15.3,1.46,5.6,609,Moderate
28.0,80.2,27.7,28.8,34.3,12.3,1.55,6.2,631,Moderate
30.9,73.9,7.1,19.8,27.7,4.1,1.19,6.1,545,Moderate
26.4,74.6,73.9,86.5,24.4,7.0,1.65,5.1,603,Moderate
29.3,52.3,22.6,31.6,25.6,7.0,1.68,6.5,508,Moderate
31.6,60.9,18.0,35.8,17.9,11.0,1.34,7.9,458,Moderate
29.0,50.4,4.8,18.9,26.4,9.4,1.75,9.0,302,Moderate
32.3,69.5,0.4,10.8,32.6,8.2,1.35,5.8,643,Moderate
29.6,46.6,5.1,16.2,27.0,7.0,1.93,7.6,364,Moderate
24.2,83.2,19.6,29.1,22.4,1.7,1.37,6.0,384,Moderate
25.3,64.3,0.7,14.2,22.5,9.6,1.52,6.7,301,Moderate
27.6,51.3,6.0,12.7,32.6,6.4,1.44,5.1,386,Moderate
34.6,86.1,17.8,28.9,37.4,10.2,1.44,6.4,414,Moderate
35.7,73.1,2.8,7.9,26.9,14.5,1.77,6.2,421,Moderate
30.5,55.3,6.3,18.2,21.9,15.1,1.45,5.2,391,Moderate
24.1,72.6,27.7,36.5,35.3,6.5,1.95,8.4,493,Moderate
34.7,85.2,30.0,42.1,36.6,5.2,1.55,7.6,448,Moderate
34.1,61.4,6.8,16.3,41.3,15.3,1.57,7.3,624,Moderate
28.7,96.3,8.5,13.6,27.1,13.1,1.35,5.2,409,Moderate
34.2,81.2,30.3,40.5,31.5,19.6,1.48,5.5,551,Moderate
22.1,53.8,6.9,19.6,18.8,5.7,1.65,9.6,457,Moderate
33.7,89.4,30.0,47.3,26.5,8.1,1.41,6.0,613,Moderate
32.5,53.4,45.9,52.7,27.2,10.8,1.21,7.5,513,Moderate
29.8,84.3,0.6,14.0,34.6,14.2,1.61,5.4,506,Moderate
35.4,51.9,48.4,53.0,21.0,10.4,1.53,6.6,628,Moderate
35.2,71.8,12.2,25.7,28.0,7.1,1.27,7.8,327,Moderate
20.6,88.6,47.9,57.9,28.9,12.3,1.94,5.4,412,Moderate
32.5,64.6,5.5,13.3,29.7,11.6,1.74,5.5,485,Moderate
34.6,81.4,21.9,32.1,29.6,1.9,1.19,6.9,512,Moderate
27.2,70.5,37.6,41.9,18.9,13.9,1.68,8.2,579,Moderate
24.2,55.2,11.6,28.8,24.8,9.9,1.5,7.8,350,Moderate
25.6,87.4,23.6,32.3,29.2,3.1,1.59,6.2,582,Moderate
42.9,80.5,3.8,7.1,24.0,9.4,1.3,6.6,553,Moderate
27.6,69.8,16.8,30.0,27.7,8.9,1.74,12.2,564,Moderate
27.4,64.6,21.8,37.7,22.3,5.6,1.45,6.4,465,Moderate
27.4,67.7,36.3,42.0,27.0,19.6,1.35,7.4,511,Moderate
29.5,82.2,40.6,50.6,25.0,13.1,1.7,6.6,591,Moderate
32.2,78.1,0.4,6.2,26.7,13.8,1.64,5.1,540,Moderate
25.5,68.9,2.9,16.0,38.3,2.3,1.61,10.9,357,Moderate
23.2,88.9,55.5,60.9,31.4,13.1,1.19,5.5,351,Moderate
22.7,69.7,9.6,24.8,32.8,14.1,1.45,5.2,607,Moderate
23.6,67.9,13.6,31.3,32.5,12.4,1.48,6.2,309,Moderate
36.5,81.0,9.8,22.2,31.5,6.8,1.63,6.5,322,Moderate
28.5,62.2,84.5,102.4,24.8,0.8,1.41,5.1,287,Moderate
31.0,72.1,1.5,17.4,28.5,5.9,1.7,5.1,332,Moderate
26.6,66.0,2.2,3.7,27.7,11.7,1.63,6.6,395,Moderate
27.6,67.0,1.5,18.1,28.8,10.5,1.38,5.8,406,Moderate
33.5,75.7,2.3,18.1,29.4,10.1,1.45,6.0,633,Moderate
17.5,51.6,7.5,22.3,18.4,16.8,1.56,10.7,284,Moderate
29.5,85.9,13.6,33.2,18.7,14.4,1.78,6.6,397,Moderate
36.1,82.6,28.1,28.1,31.7,12.7,1.52,9.0,601,Moderate
32.0,74.9,43.3,45.5,28.8,9.5,1.42,7.8,598,Moderate
26.2,85.9,48.1,60.2,19.8,9.0,1.56,7.1,286,Moderate
32.7,79.1,17.2,29.7,23.9,17.0,1.25,7.5,504,Moderate
22.6,74.6,3.4,16.0,17.5,4.9,1.6,6.2,718,Moderate
29.6,56.4,17.2,35.2,20.7,4.5,1.7,6.3,649,Moderate
35.1,47.6,23.8,31.7,26.6,14.5,1.35,6.9,565,Moderate
26.9,59.1,21.4,33.0,22.2,9.2,1.14,5.5,398,Moderate
30.6,58.2,8.8,13.1,17.5,14.4,1.35,6.3,328,Moderate
27.9,59.3,45.9,56.0,27.0,6.7,1.4,6.7,633,Moderate
30.6,58.5,17.0,31.9,27.1,9.3,1.54,5.4,405,Moderate
31.5,71.2,8.1,16.1,17.1,8.3,1.47,9.0,615,Moderate
33.1,72.0,30.3,48.8,30.8,11.8,1.12,6.2,341,Moderate
30.0,67.1,47.1,61.3,22.1,7.3,1.82,5.7,639,Moderate
29.4,73.1,11.7,28.0,24.5,13.2,1.51,8.0,459,Moderate
35.0,56.0,23.4,27.1,32.7,11.5,1.62,5.8,452,Moderate
35.2,57.6,46.5,59.0,22.3,4.7,1.37,5.3,650,Moderate
29.5,58.6,6.1,17.5,32.6,17.0,1.19,5.0,311,Moderate
34.9,59.2,31.4,41.2,25.3,16.4,1.55,7.2,570,Moderate
18.1,50.3,10.3,15.5,19.8,19.8,1.69,7.3,440,Moderate
21.1,54.2,49.3,59.1,30.7,9.9,1.5,6.9,660,Moderate
31.8,71.4,18.6,32.0,18.7,13.9,1.3,5.5,483,Moderate
32.7,60.5,13.5,27.2,22.9,9.3,1.45,8.7,322,Moderate
24.3,77.6,16.9,29.0,34.7,8.9,1.22,9.0,316,Moderate
32.5,55.8,1.0,13.5,34.3,9.7,1.84,6.0,325,Moderate
33.4,70.5,7.5,15.2,24.1,8.6,1.49,6.0,417,Moderate
31.2,54.0,16.4,22.8,23.0,3.9,1.59,9.4,492,Moderate
34.1,67.9,40.1,47.1,34.6,1.0,1.72,9.5,462,Moderate
32.1,72.6,11.3,25.5,21.7,7.1,1.55,6.7,374,Moderate
31.5,83.9,14.3,24.3,29.9,12.7,1.64,5.2,265,Moderate
29.8,62.8,22.2,32.8,36.9,1.1,1.55,5.0,437,Moderate
38.1,61.3,8.5,27.1,21.9,13.0,1.61,5.5,343,Moderate
29.9,81.0,3.9,14.9,25.2,10.9,1.24,6.4,366,Moderate
24.9,54.3,39.0,56.5,30.3,12.3,1.6,5.2,351,Moderate
26.7,72.9,28.7,30.2,32.9,6.4,1.65,8.1,688,Moderate
28.8,49.0,0.4,9.3,35.2,7.3,1.43,5.4,553,Moderate
31.9,68.5,7.2,19.3,20.7,1.9,1.46,12.4,537,Moderate
26.7,54.6,3.1,7.1,29.9,9.1,1.44,9.6,509,Moderate
23.7,73.0,16.4,21.4,21.7,9.5,1.66,6.0,386,Moderate
32.6,92.5,5.4,10.9,26.2,12.9,1.32,5.6,377,Moderate
32.5,55.7,5.6,10.7,26.0,12.7,1.54,5.7,298,Moderate
26.9,79.7,17.3,27.3,27.2,0.0,1.45,7.5,575,Moderate
34.1,67.7,8.4,18.5,25.0,10.7,1.52,10.2,460,Moderate
25.6,51.5,35.5,40.7,32.2,-1.7,1.35,7.3,378,Moderate
31.9,70.7,20.2,28.7,29.2,9.7,1.39,6.4,689,Moderate
35.7,53.1,43.4,52.7,26.4,6.1,1.51,6.9,659,Moderate
29.5,53.5,12.2,22.2,26.8,10.0,1.49,8.0,438,Moderate
31.8,85.8,51.5,73.1,20.7,16.8,1.63,6.9,683,Moderate
23.0,79.9,0.3,9.8,23.0,10.2,1.73,8.9,264,Moderate
27.7,78.7,1.1,20.5,28.2,9.8,1.53,5.5,449,Moderate
37.7,76.3,15.4,15.2,22.0,13.0,1.02,6.2,386,Moderate
24.9,83.7,12.1,20.4,30.8,7.6,1.3,7.6,516,Moderate
30.8,60.9,7.2,20.0,36.1,13.7,1.37,5.1,342,Moderate
32.4,57.8,18.0,29.1,26.1,9.8,1.71,7.4,299,Moderate
35.6,47.4,13.1,30.9,33.1,4.9,1.66,5.7,328,Moderate
34.2,62.7,40.0,50.3,23.8,9.3,1.5,5.1,416,Moderate
31.0,85.8,10.1,24.8,29.4,8.5,1.89,12.1,507,Moderate
40.0,63.2,14.9,24.0,27.4,7.0,1.51,6.4,569,Moderate
36.2,56.8,27.1,35.3,30.8,8.1,1.47,5.7,388,Moderate
36.6,59.5,12.9,20.4,33.3,9.1,1.41,5.7,588,Moderate
34.6,71.4,20.4,32.4,22.9,7.0,1.64,7.6,514,Moderate
36.3,60.8,19.8,29.7,22.1,14.6,1.27,16.3,495,Moderate
32.2,42.8,24.8,37.3,26.9,16.8,1.16,5.8,453,Moderate
29.1,54.3,5.8,15.1,28.0,8.8,1.43,10.8,421,Moderate
25.8,58.8,0.3,10.3,25.0,9.9,1.62,9.9,622,Moderate
36.2,63.6,16.1,27.3,23.4,9.6,1.73,7.6,574,Moderate
30.5,58.2,11.8,24.8,22.9,15.9,1.52,5.1,431,Moderate
29.2,83.7,5.8,20.6,25.7,11.9,1.46,5.1,698,Moderate
29.0,79.2,66.5,82.1,25.8,16.7,1.51,5.3,575,Moderate
25.3,73.8,6.5,19.1,32.4,12.6,1.2,5.5,419,Moderate
28.3,76.6,10.3,17.8,37.4,5.2,1.38,7.1,540,Moderate
32.0,63.8,53.7,62.1,27.2,6.8,1.49,17.1,345,Moderate
26.4,66.0,3.5,14.4,23.7,7.0,1.74,5.0,511,Moderate
31.0,50.1,6.8,20.9,17.7,12.8,1.7,5.1,328,Moderate
33.7,72.5,6.9,22.6,22.8,16.2,1.48,8.5,644,Moderate
27.9,82.5,8.3,24.2,29.0,9.4,1.78,5.6,349,Moderate
32.5,75.1,24.9,36.0,25.8,6.3,1.69,6.4,516,Moderate
24.8,86.3,14.3,21.5,22.7,12.2,1.27,8.6,419,Moderate
34.9,76.9,7.5,25.2,31.4,14.4,1.43,5.0,342,Moderate
28.1,73.2,31.1,41.5,18.8,12.8,1.23,5.1,423,Moderate
30.4,48.7,0.1,6.6,24.2,9.1,1.63,6.1,536,Moderate
33.3,64.4,17.0,33.1,25.1,10.6,1.39,5.9,511,Moderate
35.5,55.7,41.5,52.6,37.1,8.7,1.17,9.2,546,Moderate
33.2,57.3,6.3,20.3,31.2,5.8,1.69,8.2,316,Moderate
26.7,71.4,9.4,22.3,31.4,10.3,1.55,7.7,688,Moderate
30.7,80.5,19.9,34.2,19.9,8.4,1.43,6.8,527,Moderate
36.3,83.6,43.6,55.0,27.9,10.0,1.17,7.2,512,Moderate
31.5,80.1,26.2,28.0,14.9,7.3,1.21,7.6,317,Moderate
35.0,72.3,38.4,47.6,28.4,5.5,1.24,7.6,640,Moderate
29.2,63.7,0.2,11.0,24.3,18.3,1.3,11.8,574,Moderate
25.3,64.5,30.9,47.8,27.8,11.3,1.63,5.3,389,Moderate
35.6,57.6,19.4,33.5,35.1,10.0,1.57,5.1,424,Moderate
27.4,81.5,18.9,30.4,22.6,12.8,1.55,5.1,341,Moderate
28.0,55.4,3.0,15.1,22.8,21.8,1.76,5.1,405,Moderate
22.3,53.9,28.5,47.9,30.2,12.6,1.44,5.9,614,Moderate
32.7,50.3,26.8,40.9,22.0,8.1,1.68,9.1,417,Moderate
35.5,62.6,71.2,75.9,20.5,9.3,1.58,5.5,405,Moderate
27.8,75.4,6.0,14.4,16.8,12.8,1.47,5.7,539,Moderate
30.3,68.3,18.8,29.0,23.9,11.2,1.47,9.6,456,Moderate
28.8,77.2,27.8,42.3,27.5,4.8,1.6,10.8,538,Moderate
23.8,70.3,0.8,12.7,17.8,11.1,1.42,5.5,606,Moderate
31.2,55.8,19.5,27.0,20.5,13.4,1.47,6.1,402,Moderate
36.1,61.6,1.1,10.7,21.5,8.5,1.76,7.0,567,Moderate
32.9,79.1,1.5,6.7,30.9,20.2,1.77,5.5,344,Moderate
28.1,62.6,19.4,29.4,16.2,12.3,1.77,7.1,676,Moderate
31.9,53.6,13.3,23.8,20.8,7.0,1.67,11.3,366,Moderate
30.1,56.7,7.9,25.2,26.4,11.4,1.39,7.0,662,Moderate
23.5,86.3,4.3,23.8,32.3,5.6,1.46,9.5,427,Moderate
33.8,72.1,3.7,18.3,29.7,6.8,1.16,5.9,625,Moderate
28.0,76.6,24.8,35.9,28.1,13.4,1.53,7.4,440,Moderate
23.5,62.3,0.8,10.5,32.4,14.9,1.03,8.1,614,Moderate
31.6,71.5,11.0,24.3,24.5,17.1,1.57,8.0,560,Moderate
34.8,61.8,6.8,15.5,23.5,9.6,1.47,6.0,404,Moderate
31.3,70.5,13.7,23.4,28.6,10.6,1.69,5.9,647,Moderate
30.6,65.6,28.7,38.2,21.5,14.8,1.48,8.3,383,Moderate
26.8,91.8,5.1,10.5,28.3,7.2,1.31,9.6,376,Moderate
35.2,79.8,11.3,18.6,37.1,8.2,1.42,9.6,510,Moderate
36.5,78.5,4.7,11.3,30.3,13.9,1.33,6.5,412,Moderate
30.4,56.5,5.9,14.5,23.7,6.4,1.24,6.7,410,Moderate
32.9,56.0,6.0,15.9,21.0,12.3,1.78,6.4,434,Moderate
32.2,55.9,10.8,18.0,21.9,0.5,1.59,8.5,476,Moderate
28.7,80.3,26.8,41.0,32.8,7.2,1.65,8.8,249,Moderate
32.0,75.0,2.5,12.8,32.3,4.3,1.39,5.6,546,Moderate
28.2,56.0,12.8,21.0,23.4,10.6,1.65,5.3,277,Moderate
26.7,50.1,33.2,43.6,26.9,11.5,1.23,10.8,651,Moderate
29.2,62.5,4.2,7.0,26.5,13.5,1.07,6.1,630,Moderate
33.0,60.4,20.1,29.9,31.9,7.6,1.32,5.7,335,Moderate
31.7,61.4,7.9,20.8,27.7,12.6,1.68,7.5,574,Moderate
27.0,84.3,18.2,25.4,15.5,10.9,1.08,5.5,431,Moderate
26.8,54.3,25.1,33.7,27.1,6.3,1.61,9.7,632,Moderate
22.7,69.5,15.6,15.6,27.8,7.3,1.84,7.2,483,Moderate
29.5,84.6,40.6,51.7,25.4,11.5,1.75,9.5,418,Moderate
31.5,62.0,75.4,82.5,22.7,19.2,1.55,5.9,642,Moderate
27.1,88.3,20.9,25.4,35.1,4.5,1.75,6.1,506,Moderate
24.9,85.6,7.4,18.6,30.2,10.8,1.22,6.4,515,Moderate
28.8,74.3,29.9,40.6,26.6,6.9,1.43,5.4,649,Moderate
30.0,85.3,9.2,18.2,25.8,5.2,1.42,10.2,503,Moderate
33.6,81.2,20.2,30.3,30.2,10.6,1.24,6.3,714,Moderate
22.8,76.0,12.3,22.0,27.1,12.2,1.54,12.1,577,Moderate
34.5,72.1,25.0,38.3,22.8,18.3,1.43,6.3,577,Moderate
29.0,51.2,7.6,16.0,30.6,15.2,1.48,5.8,660,Moderate
26.3,83.1,29.7,48.0,33.0,8.2,1.56,6.0,579,Moderate
35.8,69.7,9.8,14.4,22.5,10.5,1.1,5.3,396,Moderate
29.6,75.1,6.1,14.0,25.6,9.5,1.52,8.2,649,Moderate
31.6,81.1,18.7,30.0,31.6,12.3,1.45,5.5,664,Moderate
35.0,85.2,47.4,62.5,24.0,8.8,1.87,9.2,641,Moderate
39.4,55.7,1.0,11.4,33.1,10.3,1.27,6.2,416,Moderate
30.4,57.2,46.1,56.4,20.2,11.7,1.8,8.8,516,Moderate
25.3,45.7,12.5,27.4,28.8,9.0,1.37,5.4,525,Moderate
29.1,68.0,37.5,47.0,30.1,7.9,1.63,7.1,516,Moderate
32.2,79.4,4.0,11.0,32.9,10.9,1.25,9.5,651,Moderate
32.4,62.5,28.9,38.3,31.0,7.0,1.64,5.1,688,Moderate
29.3,79.8,3.9,13.9,21.9,6.4,1.72,7.0,337,Moderate
30.1,54.1,18.3,29.2,25.5,4.3,1.62,6.1,532,Moderate
26.4,77.1,20.6,24.8,24.1,12.4,1.46,6.7,576,Moderate
29.8,68.3,0.1,10.9,19.9,6.1,1.57,5.4,345,Moderate
36.4,61.5,35.3,30.1,28.7,6.4,1.1,5.7,312,Moderate
38.5,55.8,12.3,32.1,24.8,9.4,1.75,5.6,312,Moderate
30.7,76.4,18.3,31.9,27.6,11.6,1.54,5.9,516,Moderate
30.3,82.2,64.0,77.0,25.2,9.1,1.16,6.1,338,Moderate
29.0,90.6,24.2,30.3,31.4,9.4,1.38,6.8,303,Moderate
24.6,55.8,14.6,24.1,26.0,12.3,1.93,5.7,579,Moderate
37.5,64.7,3.5,18.5,25.1,15.9,1.7,7.2,399,Moderate
33.7,54.1,5.2,15.5,34.5,6.8,1.5,5.4,367,Moderate
33.6,46.7,11.1,22.2,23.7,3.8,1.16,10.0,592,Moderate
25.5,81.0,1.1,9.9,31.2,12.3,1.77,5.9,572,Moderate
26.3,91.1,142.3,157.0,30.5,6.5,1.18,7.1,480,Moderate
31.2,83.8,43.8,61.7,20.5,9.2,1.65,7.1,621,Moderate
31.4,54.3,25.6,34.5,37.0,14.9,1.32,8.3,632,Moderate
32.2,83.4,5.8,15.3,38.3,12.6,1.72,7.4,449,Moderate
30.5,74.7,17.5,22.8,26.3,9.9,1.61,7.9,441,Moderate
26.8,58.5,39.0,46.5,27.4,8.6,1.59,5.5,466,Moderate
29.3,57.3,13.7,23.6,28.3,12.0,1.87,7.0,657,Moderate
24.4,56.1,3.7,13.4,27.5,7.4,1.85,8.1,382,Moderate
26.8,72.5,20.7,35.2,18.5,13.2,1.72,5.4,662,Moderate
38.2,54.8,43.9,53.5,21.1,9.0,1.47,5.0,485,Moderate
30.9,60.3,56.3,68.7,22.8,10.5,1.4,7.4,426,Moderate
29.0,61.4,11.0,17.4,36.6,10.8,1.52,10.7,326,Moderate
29.4,56.0,24.3,41.9,30.5,5.3,1.64,12.5,375,Moderate
24.2,89.0,22.8,31.7,34.3,10.9,1.46,5.8,623,Moderate
27.3,75.8,51.0,59.3,23.5,7.9,1.77,5.2,542,Moderate
21.9,80.0,1.1,6.0,21.8,11.4,1.77,6.5,642,Moderate
28.6,50.1,3.2,15.6,26.6,4.9,1.6,5.5,566,Moderate
28.4,82.6,2.0,14.6,27.4,3.7,1.37,5.9,339,Moderate
28.0,88.7,13.5,25.9,23.7,18.5,0.94,8.6,546,Moderate
26.0,76.0,79.0,83.4,19.6,10.1,1.48,12.6,501,Moderate
32.3,76.8,19.1,38.4,23.9,12.6,1.69,6.2,674,Moderate
35.7,83.1,8.1,20.2,24.9,9.4,1.4,7.2,564,Moderate
24.0,86.1,27.9,40.8,17.3,7.3,1.36,9.9,491,Moderate
29.3,50.0,31.7,36.7,33.8,8.5,1.46,5.3,642,Moderate
25.3,49.4,19.5,32.0,24.9,7.2,1.73,5.8,426,Moderate
31.1,89.1,22.8,28.2,17.7,10.5,1.71,6.8,680,Moderate
35.9,87.0,26.4,34.1,29.2,17.2,1.33,6.5,619,Moderate
19.9,80.9,12.2,22.0,24.4,8.3,1.45,7.3,433,Moderate
41.7,64.8,2.3,11.2,22.4,7.6,1.22,6.6,452,Moderate
32.4,56.5,0.0,13.9,27.2,5.3,1.0,5.4,412,Moderate
27.2,75.6,13.5,21.6,27.1,16.2,1.77,5.5,396,Moderate
23.6,72.3,0.8,13.8,26.4,11.0,1.68,6.2,543,Moderate
31.8,80.2,22.4,34.1,29.7,4.9,1.22,9.4,580,Moderate
31.0,89.4,10.8,17.3,31.3,3.3,2.01,5.9,435,Moderate
32.4,82.2,11.2,16.0,26.0,4.5,1.45,6.8,601,Moderate
31.6,86.5,17.9,23.5,28.0,8.6,1.72,5.4,370,Moderate
26.5,60.2,10.0,17.4,25.4,5.2,1.51,6.6,432,Moderate
33.5,43.8,46.5,61.9,22.9,5.2,1.71,10.8,523,Moderate
30.8,66.5,15.7,21.5,23.8,0.7,1.54,6.6,528,Moderate
35.2,68.3,4.7,16.8,21.6,13.0,1.3,9.6,478,Moderate
25.9,63.5,15.9,23.5,29.6,11.2,1.44,6.0,394,Moderate
32.7,86.0,7.5,17.3,31.0,15.3,1.3,5.8,683,Moderate
29.2,77.6,106.6,114.2,27.5,3.4,1.86,6.2,549,Moderate
36.4,72.1,37.2,45.7,29.1,9.6,1.45,9.8,312,Moderate
28.8,69.1,2.3,16.8,25.2,7.7,1.6,8.7,643,Moderate
25.9,49.6,1.0,12.6,23.0,16.9,1.96,5.5,592,Moderate
26.1,88.5,33.9,41.7,37.4,14.5,1.17,7.7,542,Moderate
26.0,64.5,10.4,15.5,25.2,3.1,0.98,5.3,359,Moderate
29.7,88.0,3.9,13.9,36.8,10.3,1.7,6.9,457,Moderate
29.4,94.1,0.9,7.1,24.5,12.2,1.24,6.4,648,Moderate
30.8,68.9,2.0,11.5,23.6,13.0,1.46,7.1,638,Moderate
20.6,80.6,0.3,5.1,22.0,4.6,1.49,7.6,647,Moderate
26.4,53.4,23.2,33.9,17.2,9.9,1.29,7.5,392,Moderate
35.4,58.4,3.0,9.5,27.3,5.4,1.54,6.1,411,Moderate
27.7,71.7,34.5,43.9,21.7,8.0,1.6,8.2,385,Moderate
22.9,61.9,41.1,54.6,27.5,3.4,1.79,5.6,464,Moderate
32.7,64.6,12.6,18.9,30.5,9.5,1.65,7.2,505,Moderate
30.7,50.1,23.6,44.2,28.9,12.7,1.56,6.4,659,Moderate
28.4,79.6,21.5,37.8,21.6,11.1,1.68,5.6,655,Moderate
34.1,80.0,14.6,22.3,26.1,16.2,1.7,5.7,321,Moderate
30.5,76.2,9.3,19.7,32.2,6.5,1.97,6.6,424,Moderate
35.1,67.6,14.2,25.5,25.0,5.6,1.52,5.1,345,Moderate
26.1,81.9,9.5,19.1,36.1,14.8,1.62,5.9,455,Moderate
34.4,65.0,21.5,34.5,24.3,10.3,1.57,8.6,583,Moderate
28.0,72.0,3.2,11.7,28.9,16.6,1.4,5.2,420,Moderate
29.6,68.4,22.3,31.8,26.2,6.2,1.55,5.9,582,Moderate
30.2,56.8,0.2,4.7,24.6,10.2,1.49,5.3,696,Moderate
35.4,68.8,29.2,40.7,32.6,8.8,1.74,5.6,650,Moderate
35.0,80.5,43.6,55.1,27.9,11.3,1.65,6.9,664,Moderate
34.0,50.8,1.3,14.1,20.6,13.4,1.4,5.0,485,Moderate
32.7,63.2,34.4,39.6,28.8,11.0,1.54,7.2,296,Moderate
35.3,53.7,34.2,44.6,20.3,3.8,1.21,5.8,328,Moderate
29.4,49.7,67.0,80.2,20.3,16.3,1.34,6.5,436,Moderate
31.4,53.2,18.5,27.9,28.9,13.0,1.42,5.7,319,Moderate
32.4,80.6,34.5,41.8,25.5,8.1,1.37,5.6,631,Moderate
18.9,43.7,3.3,12.7,25.7,5.8,1.78,5.4,432,Moderate
21.1,59.4,28.0,37.8,33.8,11.5,1.32,5.4,496,Moderate
28.6,61.5,19.1,29.3,30.7,6.8,1.61,6.2,376,Moderate
25.7,63.6,11.8,21.3,31.8,10.9,1.62,7.0,492,Moderate
27.8,76.1,1.9,10.1,39.1,4.5,1.97,5.6,479,Moderate
32.3,46.7,20.8,34.7,30.4,11.4,1.33,5.3,677,Moderate
35.3,55.2,3.9,8.9,34.3,7.4,1.72,5.7,606,Moderate
34.8,73.2,2.4,8.8,25.1,3.3,1.35,6.9,362,Moderate
30.8,83.8,0.1,1.3,32.5,5.1,1.53,5.7,601,Moderate
26.4,61.8,41.4,52.3,23.2,2.3,1.74,5.3,499,Moderate
34.3,84.1,12.2,21.4,17.4,13.6,1.29,5.9,626,Moderate
28.0,80.7,62.2,68.9,29.0,15.3,1.61,5.1,336,Moderate
35.4,84.1,45.6,62.3,31.4,5.6,1.26,7.0,638,Moderate
24.6,58.0,7.5,19.0,25.7,3.4,1.57,12.7,617,Moderate
27.2,60.6,16.5,23.5,30.5,9.0,1.69,6.6,382,Moderate
26.9,66.8,10.5,18.7,30.4,10.5,1.71,10.8,589,Moderate
20.7,80.4,7.4,19.8,25.5,7.9,1.01,5.5,573,Moderate
37.8,65.8,4.5,19.8,17.2,9.4,1.43,6.2,495,Moderate
27.4,57.4,2.5,17.0,35.5,10.3,1.63,6.1,365,Moderate
32.9,47.7,4.4,14.7,32.1,12.8,1.49,6.1,469,Moderate
28.2,49.3,40.9,48.4,21.3,8.8,1.64,11.6,617,Moderate
19.4,54.5,15.7,33.5,19.9,11.7,1.79,5.3,362,Moderate
29.3,70.6,44.1,60.3,27.4,8.6,1.09,5.5,365,Moderate
26.9,72.5,21.5,36.4,18.2,7.6,1.73,12.0,559,Moderate
27.4,51.0,7.0,16.8,26.9,4.6,1.55,11.6,436,Moderate
33.4,50.3,36.7,43.4,35.6,5.3,1.31,5.4,443,Moderate
32.0,88.8,4.7,13.5,29.4,11.5,1.62,7.9,604,Moderate
32.5,69.3,28.0,47.9,28.8,9.8,1.53,5.2,409,Moderate
25.1,48.3,46.2,56.6,17.7,6.5,1.8,7.3,353,Moderate
29.9,86.3,8.3,19.9,21.0,7.9,1.44,9.1,487,Moderate
28.7,58.3,32.9,45.6,26.7,13.6,1.6,7.3,352,Moderate
30.1,91.0,32.1,38.5,23.7,10.6,1.44,6.0,363,Moderate
30.7,66.4,16.6,24.4,23.3,9.5,1.53,9.5,379,Moderate
27.6,52.0,48.9,53.6,28.7,5.1,1.65,5.6,364,Moderate
32.2,61.5,7.1,18.6,16.1,14.5,1.52,7.3,539,Moderate
30.0,54.7,38.3,43.8,32.8,7.7,1.28,6.7,610,Moderate
27.4,77.3,12.9,21.1,16.4,15.8,1.81,8.0,406,Moderate
42.9,53.3,0.6,14.2,19.7,9.4,1.7,7.2,604,Moderate
30.6,72.5,7.3,12.3,28.1,10.0,1.68,5.4,555,Moderate
33.3,54.3,21.3,33.9,23.6,2.9,1.35,5.2,585,Moderate
18.0,81.6,20.5,23.8,25.4,17.4,1.67,10.3,551,Moderate
27.0,92.6,9.9,20.1,24.3,11.1,1.19,6.2,453,Moderate
32.4,60.2,0.7,10.0,34.7,11.2,1.59,8.6,717,Moderate
30.1,80.9,4.6,15.3,29.6,9.6,1.71,5.2,332,Moderate
23.0,82.5,6.6,19.3,21.1,10.3,1.8,6.1,566,Moderate
27.2,90.5,13.9,22.7,26.6,12.8,1.29,7.6,616,Moderate
28.6,50.0,2.4,8.1,24.5,4.3,1.71,7.3,337,Moderate
37.5,49.5,9.5,14.9,21.7,7.3,1.64,5.4,654,Moderate
23.5,70.8,4.6,13.3,35.7,4.8,1.45,12.5,345,Moderate
34.2,93.5,65.0,77.5,26.1,13.1,1.3,5.6,438,Moderate
31.3,80.8,79.4,92.1,24.1,8.0,1.58,7.6,624,Moderate
27.4,67.3,41.8,52.9,22.4,12.4,1.65,9.6,446,Moderate
32.2,69.4,1.5,14.1,24.3,12.5,1.89,5.7,481,Moderate
30.3,89.0,6.3,9.3,23.5,14.3,1.88,7.8,365,Moderate
24.8,58.5,10.3,18.9,32.3,11.3,1.36,5.0,471,Moderate
31.9,78.1,16.7,30.3,29.4,9.0,1.76,5.3,671,Moderate
30.0,87.5,33.8,43.1,28.7,12.2,1.63,6.3,561,Moderate
26.0,64.3,22.6,38.3,33.3,14.4,1.48,7.0,359,Moderate
26.9,81.9,28.0,40.2,23.5,8.7,1.41,5.9,379,Moderate
23.0,59.3,10.6,18.8,26.1,15.3,1.42,10.6,337,Moderate
30.1,95.4,2.8,10.3,21.4,13.3,1.32,5.1,333,Moderate
25.9,57.0,3.6,18.9,22.5,9.8,1.52,6.9,352,Moderate
31.2,53.7,29.4,43.3,29.6,15.4,1.44,8.3,432,Moderate
25.1,51.5,5.2,14.8,27.3,8.4,1.7,8.8,551,Moderate
23.1,60.0,86.4,95.6,28.8,7.9,1.11,5.5,506,Moderate
29.5,85.1,9.3,19.6,22.8,14.1,1.38,9.6,692,Moderate
31.1,59.2,31.2,46.1,32.8,10.5,1.48,6.5,450,Moderate
23.2,51.7,49.0,56.7,17.7,21.3,1.59,7.4,621,Moderate
22.8,66.7,21.5,34.5,29.1,7.5,1.74,5.3,346,Moderate
39.3,67.4,12.1,19.7,22.3,7.5,1.75,5.1,514,Moderate
39.1,79.9,7.9,19.7,34.6,10.7,1.71,5.5,609,Moderate
23.9,62.4,0.8,13.0,26.1,7.2,1.56,6.1,497,Moderate
27.6,52.8,39.5,54.9,28.7,7.3,1.37,5.5,382,Moderate
31.0,79.6,17.3,30.5,31.4,5.1,1.69,8.9,347,Moderate
25.9,78.2,14.2,22.1,34.8,7.8,1.63,9.6,379,Moderate
27.7,75.8,0.2,5.2,10.4,4.0,0.93,10.4,505,Good
24.2,43.1,13.7,20.4,15.7,7.6,1.04,11.3,365,Good
26.4,51.5,24.8,27.2,21.8,3.7,0.93,13.7,215,Good
31.0,65.1,7.6,8.9,23.4,4.2,1.11,13.7,580,Good
25.9,71.3,2.5,4.7,13.3,3.9,1.09,15.4,229,Good
19.5,51.5,2.1,9.5,17.0,2.8,0.95,11.9,471,Good
23.9,70.2,4.1,6.0,24.0,1.8,1.03,12.2,458,Good
24.7,70.3,3.6,11.7,17.6,5.1,0.91,12.5,494,Good
23.0,44.6,23.1,28.1,16.2,9.0,0.95,10.0,437,Good
24.0,64.1,21.4,27.3,22.6,5.7,0.94,10.3,296,Good
22.3,75.4,0.7,4.7,23.7,7.3,0.93,11.4,291,Good
21.6,61.6,1.1,6.8,16.2,5.9,1.01,15.6,398,Good
25.4,62.6,4.2,7.4,18.3,4.5,1.03,10.5,518,Good
29.2,73.0,26.4,30.5,9.3,4.1,1.14,11.2,350,Good
25.6,57.4,2.2,6.4,12.2,5.0,1.19,18.9,392,Good
20.3,56.2,21.8,28.8,18.9,2.7,0.96,10.2,335,Good
25.5,74.9,42.2,46.7,19.0,3.0,0.94,11.9,421,Good
25.4,59.1,16.0,16.6,15.2,6.8,1.04,10.5,439,Good
26.8,66.2,4.6,10.8,18.0,3.5,0.96,12.9,422,Good
23.4,72.5,12.1,19.8,18.6,4.4,1.01,18.2,578,Good
29.6,54.4,9.0,12.0,14.3,5.1,1.08,11.1,438,Good
20.8,61.9,3.0,9.6,14.8,8.5,1.06,11.3,491,Good
21.4,67.9,10.9,13.7,16.1,5.8,1.02,12.7,241,Good
29.3,44.4,1.4,5.7,14.4,2.3,0.98,10.1,284,Good
26.7,77.9,24.2,26.6,21.2,4.9,1.13,10.8,352,Good
25.6,52.6,1.9,3.6,13.5,6.2,1.07,11.4,492,Good
23.8,67.9,15.3,19.2,25.0,5.1,0.97,10.0,366,Good
23.8,48.8,19.9,25.8,26.2,5.6,0.83,10.4,403,Good
22.5,67.5,4.9,8.1,24.6,3.6,0.97,14.2,471,Good
25.0,63.9,9.3,10.8,15.8,4.6,0.92,10.1,490,Good
21.3,70.4,11.7,16.8,25.4,0.4,0.84,10.9,486,Good
23.6,45.6,7.9,9.2,20.8,6.9,1.19,11.1,521,Good
23.7,52.4,0.3,4.5,18.7,6.3,1.04,10.7,313,Good
27.7,62.4,0.2,4.6,15.3,5.7,1.06,13.3,239,Good
23.6,60.7,2.9,6.9,15.8,3.0,1.09,12.4,506,Good
23.5,74.5,1.7,5.9,25.3,4.9,1.01,12.4,312,Good
24.6,49.7,25.1,26.5,16.4,7.9,1.22,11.2,236,Good
25.3,42.3,10.7,13.0,11.9,2.3,1.0,10.2,381,Good
26.0,39.5,0.3,9.2,23.1,8.1,0.96,10.5,243,Good
23.6,49.7,10.3,14.0,17.9,5.5,0.87,10.9,595,Good
26.7,41.8,1.5,6.5,25.5,2.5,1.07,10.5,303,Good
27.0,46.9,30.1,38.5,20.6,2.7,0.91,11.1,263,Good
26.8,50.5,3.5,7.3,12.3,4.8,1.15,12.3,262,Good
23.1,50.9,6.1,9.2,14.0,8.3,0.87,11.0,287,Good
21.4,60.3,17.6,22.3,15.8,5.7,0.98,11.6,284,Good
24.0,60.3,1.5,8.1,22.2,6.0,1.14,11.1,301,Good
20.3,63.0,21.7,24.1,16.5,4.3,0.89,17.1,191,Good
20.0,48.7,1.9,10.8,24.1,4.0,1.13,10.9,448,Good
31.3,46.6,1.4,7.5,21.8,4.4,0.87,10.8,233,Good
22.5,65.5,0.8,8.2,13.3,4.7,1.07,10.3,526,Good
25.7,51.6,17.3,20.6,16.9,7.5,1.07,10.7,454,Good
21.9,69.6,7.1,9.6,24.7,2.6,1.11,12.7,423,Good
33.8,68.4,7.2,15.0,18.5,2.6,1.06,11.5,468,Good
21.5,65.3,13.8,19.2,12.5,5.7,1.05,11.2,230,Good
30.2,62.7,3.8,11.4,13.6,7.5,1.02,15.0,270,Good
21.6,43.7,6.0,8.5,26.7,4.2,1.07,12.2,275,Good
24.1,39.7,9.6,14.8,23.9,4.6,0.92,13.4,350,Good
26.6,60.6,2.5,6.5,26.9,8.2,1.07,10.6,318,Good
27.3,74.8,10.3,10.9,14.2,6.3,1.04,18.7,577,Good
25.2,52.1,1.6,4.8,21.1,4.6,1.1,11.7,230,Good
26.2,57.2,3.9,3.9,20.0,3.9,0.94,14.9,290,Good
20.1,47.4,1.8,4.3,24.1,5.8,0.89,11.4,551,Good
26.2,79.1,28.3,31.9,21.7,7.6,0.93,11.1,230,Good
26.4,74.5,23.1,25.7,15.3,5.8,1.03,10.2,239,Good
24.3,66.2,71.6,76.4,14.9,6.0,1.03,11.2,325,Good
26.0,38.6,16.6,22.7,22.0,2.8,1.22,12.9,389,Good
22.9,67.6,4.0,9.7,24.3,5.6,0.9,13.6,422,Good
24.8,46.4,0.7,5.7,15.7,4.7,0.98,10.5,523,Good
26.3,54.7,2.0,8.2,27.9,3.4,1.05,17.0,330,Good
25.8,51.5,20.0,30.5,16.5,7.4,0.9,10.6,520,Good
27.2,55.1,16.5,23.0,24.2,4.8,0.8,12.9,303,Good
22.6,40.8,4.6,10.6,20.9,5.7,1.11,12.6,315,Good
29.4,72.7,24.7,28.4,12.0,2.9,1.16,12.1,204,Good
25.7,70.3,0.7,5.4,14.0,10.0,0.91,11.1,374,Good
29.8,58.4,27.3,33.4,12.1,8.3,0.9,10.7,410,Good
25.0,49.7,1.1,5.4,17.9,5.0,1.15,10.5,447,Good
26.4,75.1,3.5,8.5,25.1,2.1,0.96,13.4,543,Good
28.5,44.0,1.3,3.1,15.1,5.0,0.83,19.2,405,Good
24.7,71.6,26.6,34.2,24.8,3.2,1.06,10.6,596,Good
30.4,77.0,10.0,14.8,15.5,3.1,0.9,10.1,386,Good
28.0,65.1,3.5,5.2,18.7,7.9,0.9,10.7,458,Good
16.1,69.8,14.1,19.9,14.4,9.7,0.98,11.0,498,Good
24.0,40.9,11.8,18.6,21.4,4.3,0.86,13.5,582,Good
30.1,49.0,7.7,14.5,20.2,7.6,0.98,11.0,465,Good
25.0,50.9,4.9,11.4,23.4,2.8,1.1,13.7,196,Good
24.2,62.9,15.3,21.3,20.4,4.5,1.08,13.3,317,Good
30.9,74.6,24.0,28.9,23.6,7.7,1.01,10.7,217,Good
23.8,44.4,7.5,11.9,23.1,3.1,0.9,11.5,602,Good
32.8,51.1,8.0,13.4,13.3,4.6,0.93,11.9,410,Good
23.6,67.8,3.9,5.1,23.3,5.0,1.01,10.4,461,Good
28.2,60.6,14.5,19.4,23.0,6.0,1.16,14.3,360,Good
22.8,81.2,13.0,18.9,18.5,6.8,1.04,15.0,215,Good
24.6,46.5,2.7,9.2,18.4,3.8,1.09,10.2,296,Good
25.7,57.0,16.2,21.2,19.2,0.1,1.0,10.8,323,Good
23.0,76.7,4.3,12.0,18.3,0.7,1.07,12.9,270,Good
32.0,68.1,5.3,10.9,24.9,6.7,0.87,11.9,327,Good
26.2,51.9,9.4,13.7,22.5,4.9,1.01,10.1,449,Good
20.2,58.0,2.8,5.5,17.2,1.8,1.01,13.3,312,Good
29.2,51.8,0.3,4.6,16.6,6.5,0.89,14.2,291,Good
29.2,54.5,15.8,18.0,12.2,6.4,1.15,13.2,498,Good
26.8,45.7,2.3,8.2,17.9,5.6,0.88,15.4,440,Good
22.9,51.6,3.3,7.0,12.3,5.8,0.88,12.0,349,Good
28.4,45.1,9.7,15.9,23.0,6.5,0.99,12.6,303,Good
28.6,81.6,7.6,14.1,12.0,3.7,0.92,10.3,524,Good
24.4,53.9,8.0,13.3,17.0,5.3,0.84,10.8,335,Good
22.3,51.5,2.8,8.6,26.9,8.4,0.96,10.5,370,Good
19.6,59.7,10.2,18.3,23.2,0.9,1.03,10.7,238,Good
21.9,71.4,15.0,19.3,18.2,1.6,1.0,18.8,505,Good
17.5,45.0,21.2,25.9,14.3,5.3,0.78,12.1,492,Good
29.1,41.5,0.9,4.8,18.7,3.4,1.02,12.6,337,Good
21.9,56.3,16.4,20.3,23.3,9.4,0.84,10.8,271,Good
24.4,60.7,0.0,4.6,26.6,5.3,0.92,10.2,432,Good
26.2,70.8,6.5,12.7,19.0,2.6,1.01,12.2,263,Good
22.9,64.5,2.3,8.8,11.3,7.2,1.13,11.2,361,Good
24.0,55.5,4.1,5.7,12.7,4.3,0.89,13.9,545,Good
26.0,71.5,31.4,34.6,21.3,3.9,0.97,12.7,463,Good
21.4,49.2,5.4,12.6,20.1,4.1,1.08,14.5,351,Good
24.0,67.8,1.3,7.0,15.6,3.0,0.98,12.1,415,Good
25.2,57.1,15.7,21.6,24.4,3.9,1.01,10.2,261,Good
28.4,51.8,8.3,16.6,20.4,2.4,0.98,11.0,549,Good
26.5,64.6,36.9,37.9,20.8,5.0,0.98,13.0,359,Good
25.1,71.1,7.3,11.3,17.9,4.8,1.0,13.4,283,Good
18.0,44.7,18.5,22.8,21.2,9.6,0.99,16.0,470,Good
26.1,54.5,1.5,5.8,17.2,3.1,0.98,17.9,327,Good
28.6,67.5,0.2,4.9,19.0,4.5,1.04,11.4,444,Good
26.2,56.5,20.4,28.2,14.2,-0.4,0.88,12.4,427,Good
20.3,77.6,12.1,19.5,18.0,6.1,0.89,14.2,308,Good
26.1,68.6,8.8,14.4,16.9,1.3,1.06,11.3,424,Good
19.2,51.9,6.3,10.6,20.9,7.7,1.1,10.1,500,Good
22.6,76.4,15.6,18.6,24.2,4.7,1.04,12.6,430,Good
21.6,50.7,1.5,4.0,11.7,2.3,0.94,12.0,452,Good
26.3,54.1,0.9,10.3,25.1,4.5,0.95,10.1,316,Good
19.7,73.8,1.4,6.7,20.1,4.3,1.1,14.2,532,Good
26.7,41.7,13.2,18.9,18.9,6.3,0.9,12.3,550,Good
23.2,39.6,0.8,7.3,21.7,5.8,0.91,10.9,438,Good
21.7,67.5,35.7,42.5,16.0,4.5,1.16,10.1,231,Good
20.2,76.5,9.5,13.9,14.3,4.4,0.89,11.1,471,Good
28.0,71.0,26.7,28.4,19.4,6.0,1.07,11.1,233,Good
20.6,67.3,7.4,14.1,12.7,2.3,1.09,10.3,484,Good
20.0,79.9,2.0,7.3,15.2,5.1,1.06,10.5,244,Good
23.3,48.6,18.3,24.0,20.1,5.1,1.14,10.2,263,Good
28.5,47.7,0.0,5.3,26.2,2.6,1.13,12.2,474,Good
22.7,67.6,3.7,12.5,20.9,1.1,1.08,11.7,403,Good
26.2,46.4,34.2,40.9,26.1,7.2,1.13,12.5,358,Good
25.8,51.5,9.2,12.9,17.5,0.2,1.26,11.8,452,Good
23.2,40.3,2.3,8.9,19.5,5.7,0.89,11.1,255,Good
22.3,40.5,2.6,7.1,23.8,4.4,0.85,13.1,549,Good
22.2,60.1,19.6,22.5,17.6,7.5,0.97,12.1,558,Good
21.9,67.3,12.2,16.1,24.1,4.8,0.92,10.3,244,Good
27.7,69.1,13.6,19.1,21.6,4.6,1.07,10.5,231,Good
20.0,74.9,8.2,15.3,21.1,6.2,1.04,11.7,242,Good
30.2,74.5,18.3,25.0,23.3,4.2,0.87,12.0,499,Good
25.5,59.6,5.6,12.0,11.6,7.6,1.01,12.4,582,Good
25.6,57.7,10.0,15.8,22.1,2.5,0.98,15.4,470,Good
34.2,51.9,4.1,11.6,14.5,5.4,1.17,10.2,421,Good
28.7,63.6,4.2,10.2,20.8,3.2,0.92,11.6,487,Good
26.0,45.3,5.3,12.4,27.4,7.2,0.78,18.9,546,Good
22.6,75.1,0.1,5.2,11.7,7.7,0.94,11.4,264,Good
26.6,56.1,1.6,4.6,23.2,4.4,0.87,10.2,322,Good
22.4,52.4,2.8,11.1,19.1,6.3,0.83,10.3,339,Good
28.2,74.4,3.0,9.7,15.6,3.1,1.01,13.2,419,Good
26.2,54.4,21.0,22.0,26.8,6.1,0.88,10.4,377,Good
24.7,51.4,18.6,23.5,17.1,5.5,1.01,12.1,443,Good
18.4,60.6,3.0,8.4,16.6,7.3,1.04,10.2,444,Good
25.9,56.0,36.7,38.0,14.4,6.7,1.0,10.4,572,Good
26.7,73.0,16.5,20.1,27.1,7.0,0.99,11.2,235,Good
22.3,53.5,2.1,7.7,16.1,3.8,1.1,10.0,263,Good
24.7,59.9,2.4,8.0,23.1,6.9,1.06,11.4,356,Good
27.7,51.1,16.1,20.2,26.0,6.0,0.99,10.6,562,Good
23.4,68.9,14.2,18.2,18.4,6.7,0.93,10.7,265,Good
25.0,81.3,4.3,7.8,23.1,6.7,1.14,10.1,329,Good
22.1,75.2,3.2,8.8,14.8,3.6,1.03,15.2,424,Good
24.7,49.4,15.5,21.2,21.7,4.8,0.94,10.6,389,Good
20.7,66.4,26.3,29.6,23.2,0.8,0.98,14.4,520,Good
28.4,71.7,13.3,15.0,16.8,8.2,1.11,11.4,360,Good
27.0,54.6,3.7,10.1,15.1,3.1,0.85,15.9,312,Good
31.6,54.6,1.0,7.7,18.8,3.2,1.05,11.1,208,Good
23.4,65.6,8.9,10.0,27.0,6.3,1.03,10.5,322,Good
21.5,83.1,19.3,25.4,12.9,3.2,1.13,10.5,335,Good
20.0,65.8,5.6,12.5,11.6,5.5,1.1,13.4,373,Good
21.4,49.5,7.6,15.3,22.7,7.8,0.92,12.5,576,Good
22.2,69.7,19.1,21.7,25.0,9.2,1.15,12.5,595,Good
22.1,46.7,0.8,6.3,26.0,3.1,0.98,10.0,469,Good
27.6,51.7,16.9,24.5,19.4,6.1,0.81,10.1,306,Good
22.6,41.7,5.7,12.1,21.5,6.1,0.85,10.3,407,Good
20.6,69.0,23.2,27.0,13.6,2.4,0.92,13.1,444,Good
25.1,67.2,16.3,21.1,19.9,7.6,0.83,10.0,471,Good
22.9,57.9,2.7,8.4,22.8,2.9,1.03,12.8,521,Good
28.7,53.9,18.3,20.4,25.7,7.5,0.98,11.2,406,Good
25.5,51.0,10.2,14.7,14.7,6.1,1.07,11.0,214,Good
24.7,55.9,18.5,23.2,18.6,2.7,0.94,10.5,365,Good
26.2,65.8,12.5,16.9,14.7,3.5,0.92,12.0,432,Good
27.1,47.0,1.2,2.7,12.5,4.8,0.96,10.4,591,Good
24.5,70.4,2.2,9.0,10.9,5.1,0.94,14.6,228,Good
23.5,51.6,0.0,8.3,23.5,7.4,0.92,19.7,450,Good
25.6,79.9,2.3,5.6,22.3,7.1,0.87,10.5,516,Good
30.6,49.5,26.5,30.3,16.7,5.6,1.02,11.4,217,Good
27.5,56.7,7.0,15.8,18.5,0.8,1.09,18.1,406,Good
26.3,62.2,26.1,32.7,19.9,8.3,1.09,10.3,259,Good
23.4,77.4,25.1,28.6,26.1,5.7,1.09,12.0,201,Good
19.2,45.1,26.4,28.8,26.8,7.5,0.92,11.3,208,Good
20.2,40.4,3.6,13.5,20.5,5.4,1.03,11.9,475,Good
23.9,56.6,43.9,53.1,16.5,7.1,1.13,10.8,520,Good
27.1,81.7,14.9,19.8,19.1,5.5,0.92,11.9,242,Good
29.0,39.7,8.9,16.2,26.2,4.2,0.97,15.0,250,Good
18.5,54.2,11.8,19.9,12.9,5.5,1.14,10.1,314,Good
24.5,44.7,12.9,16.0,16.1,1.0,0.99,12.9,268,Good
22.3,73.0,0.1,8.4,20.7,3.6,1.18,10.3,471,Good
25.5,68.2,20.4,23.5,13.9,3.2,0.96,10.3,486,Good
27.5,45.3,2.8,10.1,13.7,4.1,0.82,10.6,236,Good
25.3,62.8,3.3,12.6,19.7,5.4,0.95,13.1,305,Good
29.2,72.1,25.5,32.3,13.3,5.7,1.08,10.9,358,Good
31.1,67.6,2.2,5.5,11.3,0.8,1.12,10.8,344,Good
24.1,70.9,5.0,9.7,17.4,2.2,0.97,13.7,366,Good
23.6,70.0,15.2,17.8,22.2,5.5,1.11,11.5,482,Good
26.8,55.2,3.6,8.0,20.7,5.6,0.76,12.2,575,Good
22.2,61.2,2.4,5.8,21.6,3.8,1.13,11.5,459,Good
18.5,64.8,8.8,11.5,14.1,5.1,0.89,10.1,428,Good
25.8,78.2,14.0,20.2,23.3,6.6,1.01,18.8,576,Good
25.8,78.8,11.4,19.7,23.1,7.5,0.92,10.6,547,Good
26.5,60.4,14.5,17.0,23.4,8.0,1.13,12.5,396,Good
27.0,45.8,1.7,6.0,13.0,6.9,0.92,10.9,233,Good
18.0,43.2,5.4,10.0,16.4,2.2,1.07,14.5,571,Good
24.3,61.4,16.6,22.3,13.5,3.7,1.04,10.2,226,Good
15.5,64.8,19.6,23.4,25.5,4.6,0.91,11.1,230,Good
24.8,67.9,2.3,8.2,23.9,1.4,1.08,18.8,207,Good
21.6,77.6,5.0,10.6,17.6,2.5,0.94,11.0,591,Good
22.5,41.5,0.3,7.1,17.3,3.2,1.01,11.4,212,Good
26.1,63.3,11.1,13.7,23.7,4.5,0.89,14.7,450,Good
16.8,46.5,7.7,10.2,26.2,4.2,0.85,11.6,249,Good
22.2,66.7,1.6,8.2,14.1,7.8,0.99,10.4,544,Good
25.1,61.9,10.8,17.0,13.3,1.1,0.87,10.7,401,Good
23.8,61.3,3.1,4.7,25.4,7.9,1.06,12.5,238,Good
21.8,73.5,11.6,14.8,24.2,5.9,0.96,10.8,463,Good
25.6,66.0,0.8,6.7,16.0,7.0,0.84,11.7,431,Good
19.7,50.7,4.4,9.0,10.4,5.6,0.8,17.4,383,Good
20.9,74.5,1.0,8.1,10.5,1.5,0.9,10.5,278,Good
24.7,46.6,22.0,28.7,14.5,5.4,1.18,11.2,463,Good
24.9,64.5,14.8,20.2,13.2,6.4,1.11,11.5,609,Good
26.8,42.1,5.4,11.7,20.1,4.5,0.85,13.1,276,Good
24.8,76.1,0.8,9.4,15.0,1.9,0.86,10.8,458,Good
23.9,79.6,28.7,32.2,18.7,3.0,1.1,12.0,454,Good
24.1,74.7,5.1,12.1,10.5,6.4,1.07,11.0,454,Good
23.5,74.6,0.3,6.6,16.8,3.9,1.22,13.1,491,Good
30.1,51.5,9.4,14.9,13.8,2.0,0.97,10.2,240,Good
24.6,46.5,5.9,13.0,14.2,6.7,0.96,10.5,547,Good
27.7,66.3,12.1,16.9,23.3,6.2,1.06,10.7,287,Good
27.3,78.1,8.6,7.8,13.8,5.6,1.06,11.0,447,Good
21.2,59.5,6.5,9.8,22.9,5.0,1.09,10.5,595,Good
20.1,64.4,1.5,8.0,14.0,7.6,0.85,10.8,512,Good
28.4,57.0,5.6,11.4,23.9,4.4,0.96,11.3,370,Good
19.8,53.7,17.0,19.9,15.9,7.0,1.04,10.8,564,Good
24.2,42.1,1.7,7.3,14.0,8.2,1.13,10.3,258,Good
24.8,39.8,58.4,68.2,26.5,3.7,0.93,16.5,397,Good
26.5,58.1,10.7,15.0,24.3,2.5,0.98,13.0,220,Good
25.8,68.6,18.1,26.0,25.7,5.7,0.81,10.2,351,Good
28.2,62.7,0.1,7.5,17.4,4.7,0.87,12.0,528,Good
27.7,72.3,40.7,52.1,16.5,6.3,0.98,10.1,338,Good
26.4,52.6,4.7,12.5,24.1,5.6,0.91,10.4,500,Good
25.0,82.2,34.6,40.2,10.8,10.3,1.01,14.2,608,Good
24.9,64.4,10.9,15.2,14.0,4.4,1.12,10.5,354,Good
20.9,68.0,3.3,8.8,21.9,4.1,1.08,10.5,538,Good
22.1,54.0,10.6,15.4,13.9,8.9,1.0,10.5,265,Good
24.9,57.7,0.9,4.9,18.0,6.1,1.25,11.9,302,Good
22.0,72.9,20.9,25.6,13.4,6.3,1.02,10.9,544,Good
21.1,47.7,22.5,26.8,18.5,6.1,1.1,12.2,492,Good
23.9,44.8,1.0,4.7,26.0,3.5,1.02,10.6,262,Good
29.6,53.4,2.6,9.9,22.2,4.6,1.09,13.7,297,Good
29.1,65.7,1.2,5.7,25.5,5.5,0.95,11.3,576,Good
27.9,56.7,0.7,6.0,14.5,5.9,1.1,12.9,275,Good
27.0,46.5,8.3,14.0,20.7,5.5,1.02,15.4,496,Good
27.1,70.2,2.0,6.2,23.0,3.5,1.0,10.1,271,Good
19.1,64.9,2.5,10.5,26.0,6.0,1.08,10.4,368,Good
22.5,58.3,25.8,32.3,26.9,3.3,0.97,10.3,501,Good
24.3,62.5,1.1,9.6,20.8,7.0,1.08,10.9,567,Good
28.6,65.9,0.9,4.4,13.1,5.9,1.03,11.7,446,Good
22.6,72.0,40.4,46.2,14.6,4.5,1.04,14.8,270,Good
24.2,41.4,22.6,31.1,24.7,3.7,1.05,11.2,257,Good
26.9,55.9,33.3,36.4,25.6,9.5,1.13,12.5,584,Good
27.2,53.8,37.7,44.2,18.2,4.6,0.89,13.7,197,Good
29.0,65.3,3.5,6.1,8.5,2.5,1.13,14.1,319,Good
21.8,43.0,13.5,17.0,12.5,2.5,0.99,13.0,623,Good
19.5,48.2,1.0,7.4,18.7,6.8,0.92,10.7,305,Good
21.2,55.0,8.5,13.5,15.8,7.1,1.04,13.0,503,Good
26.2,60.3,19.1,22.0,15.0,5.1,0.84,13.5,466,Good
22.9,40.5,3.7,7.3,13.4,0.9,1.12,12.6,246,Good
27.3,57.7,4.9,10.6,17.9,1.4,0.92,12.8,397,Good
26.9,45.3,13.9,18.6,21.4,6.7,0.76,16.1,369,Good
21.5,72.6,4.5,9.5,22.4,4.7,0.98,12.5,391,Good
24.4,48.1,14.8,19.8,24.5,4.3,0.87,12.0,381,Good
28.0,45.1,12.5,13.4,26.1,6.5,0.94,10.3,409,Good
26.1,63.1,15.8,19.1,22.7,4.6,0.89,10.5,249,Good
25.0,38.6,18.5,25.2,14.0,4.8,1.12,11.9,499,Good
27.3,62.8,2.4,5.1,14.2,2.7,1.02,10.6,538,Good
25.1,43.3,23.0,28.6,24.2,3.9,1.01,16.0,392,Good
23.8,54.2,2.6,5.1,18.7,6.8,1.12,12.2,351,Good
29.3,67.5,1.9,5.0,12.1,4.5,1.12,11.0,576,Good
25.2,60.1,1.1,2.4,14.7,6.1,1.04,12.2,384,Good
24.7,70.3,3.2,11.1,23.1,6.6,0.88,10.3,593,Good
24.1,52.5,8.2,9.5,22.3,3.5,0.82,11.5,511,Good
28.7,55.1,20.5,23.6,17.3,2.6,0.86,11.9,347,Good
26.2,47.6,16.4,20.2,24.0,9.9,0.85,11.5,506,Good
21.3,75.7,28.7,33.5,14.8,3.2,1.1,11.4,243,Good
22.6,59.2,30.8,37.0,14.6,2.0,1.01,11.7,284,Good
24.0,79.3,6.2,13.3,22.0,6.6,0.9,10.5,579,Good
20.1,54.3,10.1,12.2,27.1,0.6,1.12,10.1,474,Good
25.3,75.6,2.8,5.9,23.8,6.4,1.12,10.1,299,Good
23.5,43.0,14.6,19.0,23.1,1.7,1.14,12.7,297,Good
17.8,57.7,1.2,6.8,27.1,3.0,0.95,10.9,453,Good
26.7,63.2,6.8,9.3,13.4,4.9,0.98,10.0,358,Good
24.8,47.8,37.0,40.9,19.6,6.1,0.93,14.2,557,Good
23.8,77.4,5.1,10.1,13.0,7.9,0.84,10.1,315,Good
18.3,70.2,15.9,23.1,18.0,7.4,1.16,10.2,399,Good
23.4,50.1,17.0,23.4,28.5,10.6,0.89,10.2,200,Good
21.5,59.8,8.6,12.6,20.3,5.5,1.08,10.1,470,Good
24.0,45.3,20.8,25.7,12.9,3.6,0.77,13.4,346,Good
26.7,68.4,2.8,10.4,24.4,2.3,1.12,11.6,545,Good
27.7,79.4,10.8,16.8,14.0,7.7,0.92,10.3,348,Good
20.2,65.4,6.2,13.1,26.1,8.5,0.94,11.0,338,Good
23.2,40.5,3.0,6.5,21.1,6.4,0.94,11.4,337,Good
25.5,48.0,15.5,19.9,18.6,7.7,1.04,10.3,503,Good
18.8,76.1,14.9,21.5,14.5,3.8,0.86,11.1,342,Good
23.1,43.9,5.9,8.1,20.4,5.4,1.06,11.1,564,Good
28.3,39.7,52.1,56.7,28.9,0.6,0.99,15.1,384,Good
24.0,39.1,5.1,14.0,14.8,2.0,1.02,10.1,242,Good
17.7,75.2,3.5,8.0,18.6,2.0,1.04,13.0,593,Good
24.5,40.6,0.5,4.1,25.4,4.2,1.02,11.7,494,Good
26.1,78.1,6.2,11.5,13.0,5.3,0.88,15.8,585,Good
27.8,42.0,20.7,24.5,18.2,2.9,0.89,13.2,253,Good
25.5,73.0,11.6,16.3,11.2,3.0,1.06,11.4,494,Good
29.2,65.3,30.6,34.2,22.6,6.0,1.11,16.0,334,Good
23.5,62.3,6.9,13.9,18.3,4.1,0.92,11.4,196,Good
26.2,60.3,13.4,17.3,26.7,7.0,1.23,10.9,308,Good
26.2,80.8,10.2,16.3,13.9,3.2,0.86,12.0,328,Good
33.7,59.5,13.7,21.5,19.6,2.3,1.02,11.7,511,Good
27.3,76.4,11.8,20.4,12.9,6.9,1.04,12.7,468,Good
23.0,40.9,21.6,25.2,21.5,3.4,1.02,14.8,215,Good
31.1,75.3,1.5,4.9,21.1,2.0,1.14,10.5,337,Good
17.2,75.7,22.8,29.4,23.7,2.3,1.11,10.7,389,Good
22.3,65.4,4.8,6.2,24.6,5.7,1.11,17.6,395,Good
24.0,75.7,1.6,5.8,24.7,2.3,1.08,11.0,355,Good
29.4,68.8,22.8,25.4,14.3,5.7,1.07,12.2,358,Good
25.3,50.8,7.7,13.4,16.5,3.8,1.15,10.8,338,Good
25.1,57.2,11.5,16.7,13.4,3.6,0.88,10.8,548,Good
29.6,46.2,0.8,4.4,26.8,3.6,1.03,11.9,300,Good
24.6,76.2,19.7,25.0,20.5,9.2,0.95,10.3,400,Good
27.5,68.3,0.4,6.2,27.0,9.3,1.12,11.6,465,Good
21.5,79.0,2.7,8.6,24.2,5.2,1.0,10.3,282,Good
24.4,39.0,3.1,8.9,26.7,5.9,0.86,10.2,317,Good
23.7,62.5,3.6,8.4,20.1,2.5,0.94,10.3,314,Good
26.8,60.5,1.3,9.1,16.4,4.6,0.94,11.5,359,Good
27.2,46.3,14.8,18.8,19.7,7.3,1.05,10.8,496,Good
24.0,45.0,1.9,7.1,26.1,5.2,1.15,10.9,265,Good
23.1,63.6,9.9,15.5,18.1,3.9,0.98,15.0,205,Good
23.7,75.4,8.4,15.0,24.2,2.6,1.01,11.5,275,Good
26.7,61.6,12.9,21.1,20.3,7.5,0.99,10.7,577,Good
18.5,54.0,5.2,7.7,22.7,3.9,0.86,14.1,415,Good
28.0,48.6,6.1,11.1,19.9,2.8,1.0,10.8,390,Good
19.7,47.2,3.0,11.0,12.5,5.9,1.12,24.8,259,Good
27.6,51.2,7.0,14.8,19.6,6.1,0.98,18.2,315,Good
29.7,72.2,9.0,10.4,19.6,5.6,1.09,10.6,409,Good
24.7,51.4,3.5,9.4,14.6,4.3,0.85,11.6,215,Good
27.7,68.1,30.4,35.6,28.8,5.0,0.86,11.0,485,Good
24.0,57.3,0.0,4.7,28.2,5.7,0.89,10.9,442,Good
24.2,62.7,4.5,8.5,22.3,0.3,0.99,10.3,555,Good
27.7,60.2,0.4,5.7,25.3,6.2,1.05,12.9,218,Good
29.8,44.6,4.0,11.0,19.5,3.3,1.02,13.1,461,Good
28.1,39.9,2.8,7.6,18.2,4.8,1.08,10.8,470,Good
24.7,43.2,5.3,11.2,13.7,1.4,1.01,10.1,552,Good
29.9,74.6,5.4,10.0,18.3,3.4,0.98,12.7,263,Good
19.6,47.2,0.9,7.5,23.2,3.8,1.02,10.5,380,Good
27.3,71.0,8.3,11.9,13.5,11.1,1.13,12.0,390,Good
15.4,64.2,5.5,10.5,15.4,4.1,1.0,12.7,549,Good
22.1,53.1,6.9,9.8,15.6,5.4,0.86,11.4,385,Good
23.5,67.0,1.8,6.8,19.6,4.0,1.07,10.8,320,Good
20.2,76.4,32.9,38.5,21.7,5.4,1.0,12.4,501,Good
26.5,51.7,0.7,5.3,10.7,7.1,1.05,10.2,555,Good
29.4,63.9,9.3,12.2,19.1,6.7,0.95,11.0,315,Good
21.4,77.6,7.7,11.2,25.2,5.0,0.94,12.6,547,Good
23.6,43.3,5.4,10.2,16.4,6.8,1.04,15.8,368,Good
27.0,78.8,2.8,3.4,19.1,7.0,1.05,11.6,420,Good
27.2,51.0,4.2,8.7,11.4,6.1,1.01,10.2,469,Good
24.9,66.8,7.0,11.8,24.5,8.9,0.93,10.2,388,Good
26.7,54.8,5.8,11.3,15.8,4.5,1.25,11.8,565,Good
24.2,68.7,8.6,12.6,22.0,4.0,1.0,12.2,321,Good
20.9,41.1,1.7,8.4,24.8,4.9,1.08,11.2,590,Good
28.7,77.3,23.1,24.7,12.1,7.6,1.02,10.7,577,Good
27.7,56.7,1.4,9.1,29.5,4.9,1.07,17.1,598,Good
22.9,63.8,2.9,9.4,16.7,0.4,0.98,10.7,593,Good
24.3,77.2,3.2,8.5,15.1,5.1,1.22,10.1,385,Good
29.9,56.3,13.9,16.1,13.0,3.3,0.99,10.2,519,Good
26.9,73.1,4.4,9.2,21.4,5.7,0.88,11.9,523,Good
24.0,65.5,3.6,9.1,25.2,6.7,0.97,14.1,387,Good
28.4,42.8,0.6,6.7,24.8,9.1,1.05,10.3,599,Good
21.5,59.9,4.1,5.5,15.1,7.1,0.97,11.8,365,Good
23.6,49.1,17.4,24.3,25.4,2.0,0.91,12.3,433,Good
22.3,59.6,17.9,23.5,27.9,5.8,1.01,10.0,359,Good
27.7,56.4,31.4,36.7,13.6,5.6,1.02,12.6,335,Good
31.5,48.2,6.7,11.7,15.6,3.7,1.29,11.6,269,Good
30.6,47.9,14.4,18.8,16.1,2.4,1.05,12.4,386,Good
21.8,55.6,11.2,20.6,13.5,6.4,1.05,10.8,577,Good
21.9,74.0,14.4,19.4,17.5,4.3,1.07,10.1,483,Good
25.2,77.3,2.2,4.3,12.2,1.8,0.87,10.2,547,Good
27.6,54.2,9.4,14.9,25.7,2.8,1.05,12.4,525,Good
23.6,47.8,3.8,6.4,14.0,3.3,1.09,10.4,209,Good
25.7,57.2,7.5,14.7,14.8,2.6,1.08,14.0,319,Good
31.1,61.0,27.1,31.1,13.0,3.8,0.98,13.4,278,Good
24.5,45.3,3.6,9.0,24.4,3.8,0.9,11.2,527,Good
22.7,49.7,18.4,27.1,20.4,6.0,0.92,10.5,565,Good
20.0,72.8,3.6,8.3,26.2,6.5,0.95,11.1,516,Good
23.6,72.6,1.1,4.7,14.0,4.0,1.12,13.0,300,Good
25.0,61.8,4.4,11.0,26.4,3.4,1.05,11.5,397,Good
25.4,53.2,9.6,12.3,20.4,1.5,1.14,10.3,493,Good
26.9,63.4,4.7,10.2,19.4,7.5,1.03,11.0,368,Good
23.2,57.5,17.8,26.2,11.0,2.9,1.19,10.4,500,Good
22.5,64.7,7.9,13.2,18.4,6.9,0.94,11.7,365,Good
26.2,36.9,4.4,10.8,26.0,3.2,1.0,21.8,221,Good
21.0,60.5,4.6,8.9,15.1,6.8,0.93,10.2,378,Good
26.9,45.5,15.2,19.5,13.8,6.2,0.91,11.5,239,Good
26.9,51.6,6.9,7.4,24.6,5.1,1.06,13.1,534,Good
29.5,54.8,6.7,15.1,14.0,6.6,0.78,11.9,315,Good
23.4,64.4,7.2,11.4,12.4,6.2,1.01,13.5,295,Good
24.9,60.1,8.8,16.7,22.5,2.6,0.97,15.5,589,Good
21.9,68.0,32.0,37.2,25.5,1.8,1.14,12.3,211,Good
22.2,57.7,6.3,12.5,24.5,7.8,1.11,12.6,352,Good
22.4,54.5,0.0,4.6,20.6,7.5,0.74,11.4,326,Good
20.5,61.9,2.6,4.7,24.8,5.4,0.97,11.3,296,Good
23.0,69.6,12.6,18.1,25.6,6.1,1.24,10.2,521,Good
23.0,45.5,11.1,17.6,26.9,3.5,1.17,14.5,410,Good
22.1,56.3,6.8,13.1,25.6,1.5,1.01,11.6,535,Good
26.7,61.9,11.8,16.3,13.0,6.3,0.85,16.7,361,Good
30.4,80.0,10.6,17.9,19.3,3.8,0.87,12.5,464,Good
26.8,52.0,14.8,20.5,26.8,2.2,0.76,10.9,395,Good
21.4,65.3,9.9,12.7,25.5,2.5,1.01,11.7,295,Good
19.6,60.0,2.5,7.0,22.7,4.8,1.01,11.8,594,Good
29.6,64.6,10.6,14.4,20.9,3.1,1.02,11.9,485,Good
27.0,54.9,1.5,5.6,16.1,3.5,0.96,11.6,482,Good
22.6,60.0,7.4,12.9,18.8,3.9,0.89,17.1,256,Good
22.7,79.5,1.0,8.1,12.2,6.5,1.03,12.4,439,Good
17.4,62.3,4.6,11.8,20.9,6.1,1.25,10.1,486,Good
22.9,74.4,0.0,1.9,15.7,3.7,0.9,10.3,390,Good
25.0,77.9,2.1,8.6,12.3,-0.3,1.09,14.1,269,Good
21.0,70.6,8.1,10.4,25.0,4.5,0.88,10.1,220,Good
28.8,64.9,16.7,27.9,11.7,5.6,0.85,10.9,562,Good
23.9,80.5,0.6,3.6,13.9,7.3,0.94,12.7,348,Good
22.5,56.1,27.4,33.8,19.0,5.4,0.87,16.6,492,Good
26.3,63.5,5.1,10.9,14.6,6.4,1.13,15.9,593,Good
19.2,72.5,0.9,8.9,18.2,7.6,0.91,10.4,381,Good
21.4,52.4,0.5,7.4,21.1,5.9,0.94,11.4,200,Good
25.2,75.0,20.4,25.4,13.9,4.9,0.91,10.2,390,Good
24.3,44.2,9.5,12.5,18.8,-0.2,0.83,10.6,341,Good
27.4,78.8,26.0,28.3,20.0,2.1,0.99,11.1,486,Good
26.3,65.7,1.3,5.5,18.3,5.9,0.85,13.0,529,Good
26.4,46.2,18.3,27.0,23.0,2.2,1.07,16.8,254,Good
25.8,40.3,2.2,6.6,24.1,8.2,0.99,10.6,438,Good
24.2,41.9,14.0,18.5,24.5,6.8,1.01,10.4,361,Good
30.9,76.7,12.4,16.2,13.7,6.9,0.73,11.2,579,Good
23.8,70.2,7.0,8.2,25.3,8.6,1.07,10.4,267,Good
26.9,60.6,1.2,6.4,20.5,7.6,0.92,11.6,267,Good
22.6,43.5,21.0,24.9,24.5,4.8,0.99,10.0,284,Good
26.6,67.8,11.2,12.1,28.3,4.1,1.01,11.9,551,Good
23.0,44.5,2.3,10.6,13.7,6.3,1.13,11.5,537,Good
28.2,52.3,3.4,11.8,17.2,7.7,0.84,13.0,243,Good
20.9,42.4,19.6,24.7,18.2,7.0,0.83,11.9,316,Good
25.2,61.7,27.9,33.6,12.7,5.5,1.08,11.9,300,Good
26.5,54.1,12.3,15.3,20.3,5.3,0.99,12.7,374,Good
16.4,46.2,16.8,20.2,16.0,1.6,0.8,14.4,189,Good
25.4,50.5,19.2,26.3,13.7,7.8,0.99,12.0,317,Good
19.7,42.8,13.1,20.8,21.3,3.5,0.96,11.3,452,Good
27.6,73.5,18.0,24.3,24.2,5.3,0.8,17.7,311,Good
24.6,62.9,0.6,2.6,29.2,4.8,0.99,11.2,387,Good
26.8,50.9,17.8,25.3,21.3,3.2,0.98,11.5,346,Good
27.3,72.1,20.4,25.9,24.7,2.8,0.83,10.7,238,Good
25.7,46.4,1.3,5.7,24.6,8.5,0.92,11.1,494,Good
26.1,76.9,9.1,16.2,27.8,5.2,1.24,10.3,349,Good
22.8,52.5,10.8,16.0,15.5,9.5,1.07,11.2,489,Good
29.9,43.6,0.2,5.2,15.8,3.0,1.04,10.0,516,Good
24.4,63.7,31.1,34.2,16.4,-0.2,0.99,10.7,501,Good
31.1,64.9,3.7,11.2,21.3,7.9,1.02,11.5,233,Good
24.1,51.4,37.6,41.3,15.7,8.8,1.01,11.1,244,Good
24.7,72.4,6.1,15.2,24.9,3.1,0.94,13.7,221,Good
26.4,45.0,1.3,6.3,20.5,4.4,0.96,10.2,225,Good
24.3,74.5,2.4,8.1,26.0,7.9,1.09,12.8,329,Good
23.1,71.0,4.9,9.9,17.7,4.4,1.01,11.8,342,Good
18.8,75.9,10.5,18.4,13.9,5.8,0.76,11.4,557,Good
22.2,74.9,0.2,3.5,16.5,4.4,0.88,10.8,243,Good
24.7,57.4,2.9,7.9,22.9,2.3,0.92,10.1,361,Good
28.7,63.2,10.7,16.8,22.0,6.4,0.76,15.0,319,Good
35.2,71.9,0.7,5.3,26.6,5.2,0.98,11.2,442,Good
22.6,70.7,0.8,7.4,26.3,1.8,1.07,10.8,481,Good
18.1,61.3,7.8,12.3,12.9,7.3,1.04,10.1,218,Good
33.6,57.0,3.4,8.2,17.6,3.5,1.12,13.1,297,Good
27.7,77.8,20.8,28.2,15.5,4.7,0.97,11.4,225,Good
27.0,67.8,24.8,28.9,12.9,3.9,1.1,14.7,559,Good
28.8,67.1,18.2,23.0,22.1,5.9,1.03,15.6,569,Good
28.8,40.1,12.0,17.6,25.9,7.2,1.06,13.3,390,Good
22.7,53.6,1.5,4.5,23.8,3.3,1.06,12.0,359,Good
29.8,67.7,3.6,12.7,17.0,6.8,1.01,13.7,550,Good
24.1,55.9,32.3,39.5,14.8,2.7,1.13,17.4,567,Good
29.6,53.0,14.8,20.6,22.5,5.5,0.99,11.1,509,Good
22.4,50.1,4.6,12.1,21.2,4.6,0.94,10.3,533,Good
23.4,54.7,4.0,12.3,24.1,2.8,0.87,10.2,433,Good
20.9,68.0,3.9,11.2,19.7,5.9,1.05,14.3,416,Good
26.8,55.4,4.9,7.3,22.8,5.3,1.1,16.7,313,Good
31.7,52.1,24.3,30.1,15.3,6.0,0.91,13.8,418,Good
27.3,78.6,13.8,18.7,14.4,5.4,1.03,14.5,270,Good
20.3,52.3,2.2,6.1,19.0,5.7,0.9,10.4,359,Good
30.7,76.4,13.8,18.9,23.5,2.8,0.9,12.9,302,Good
23.8,73.6,36.9,42.2,28.3,5.7,1.07,15.3,555,Good
23.1,57.1,1.0,6.9,22.8,5.6,0.94,12.0,535,Good
23.5,46.1,2.8,8.1,24.4,6.4,1.09,11.9,357,Good
23.3,55.0,2.0,12.5,19.2,5.7,1.12,10.6,339,Good
21.9,45.1,13.9,15.3,26.3,1.4,0.92,11.4,262,Good
30.3,60.5,6.5,11.1,16.5,6.0,1.07,14.9,307,Good
23.2,67.0,8.1,14.5,12.4,3.8,0.89,10.5,222,Good
17.2,65.1,7.8,11.3,24.1,3.6,0.94,11.8,566,Good
27.1,66.8,0.1,5.2,23.1,6.4,0.99,12.7,417,Good
28.2,52.0,15.9,19.6,21.0,5.3,1.16,19.4,496,Good
27.2,66.4,13.0,16.3,23.5,4.9,1.08,14.0,428,Good
28.8,76.7,16.8,23.8,25.5,4.1,1.09,11.7,376,Good
29.8,60.9,8.5,14.6,16.7,2.5,1.06,13.1,217,Good
28.3,75.6,0.1,8.7,10.4,4.0,1.04,12.5,518,Good
26.5,60.1,12.1,18.9,9.9,4.4,0.92,10.2,205,Good
23.0,75.6,4.9,7.0,12.7,3.8,1.05,10.7,331,Good
28.0,64.0,5.0,10.8,15.5,3.4,0.88,12.4,470,Good
26.0,65.5,12.3,16.1,24.8,3.1,0.99,10.9,405,Good
23.1,60.1,1.5,8.0,19.3,6.3,1.08,13.3,340,Good
29.3,56.4,0.5,1.5,25.0,3.4,0.88,11.2,407,Good
28.4,80.6,7.8,11.7,14.7,4.8,0.76,10.6,366,Good
23.4,54.9,13.7,18.9,22.6,5.3,1.12,13.5,269,Good
26.6,40.2,3.8,5.8,14.9,1.3,0.88,10.1,341,Good
25.4,56.8,5.7,8.2,15.6,4.2,1.01,12.0,375,Good
21.8,79.6,7.1,16.8,14.5,6.0,0.91,10.8,455,Good
27.4,36.0,8.8,16.7,22.2,2.5,1.04,11.1,407,Good
25.0,54.9,3.4,8.8,22.1,5.1,0.85,11.1,465,Good
29.0,56.0,5.5,10.1,14.5,3.7,0.86,13.4,233,Good
21.6,64.6,0.3,7.9,14.7,4.9,1.05,10.3,380,Good
24.7,65.1,1.2,4.0,23.4,3.1,1.03,11.1,461,Good
28.5,71.0,6.7,13.1,21.8,4.0,0.97,13.1,510,Good
25.5,65.8,20.5,24.1,15.0,4.1,1.03,10.6,543,Good
23.6,51.9,11.0,13.6,27.9,4.3,1.2,12.1,474,Good
22.9,78.5,6.7,9.7,15.9,2.2,0.99,10.0,249,Good
28.1,78.4,26.9,33.2,21.9,5.0,0.77,11.3,249,Good
21.0,48.0,10.5,14.3,22.3,6.9,1.08,13.5,555,Good
28.7,73.6,16.2,20.1,27.1,3.4,0.88,10.2,581,Good
22.4,42.1,1.2,9.4,25.6,8.5,0.84,11.9,485,Good
27.4,58.0,2.9,7.0,25.8,2.3,1.0,10.4,562,Good
28.5,45.9,1.5,5.9,23.7,3.2,0.89,12.8,483,Good
27.9,70.5,2.0,6.6,17.7,3.2,0.94,11.0,554,Good
24.1,60.7,12.6,17.7,22.8,5.3,1.02,12.7,403,Good
27.8,42.1,1.5,5.3,13.5,3.8,1.09,10.8,527,Good
22.4,73.0,12.2,15.0,26.6,3.6,0.97,12.9,266,Good
22.0,52.2,12.3,19.1,27.3,4.9,0.86,12.0,316,Good
30.5,71.8,26.3,33.4,14.4,8.5,1.11,10.3,534,Good
31.7,47.3,1.2,6.9,11.5,5.5,1.18,15.7,451,Good
25.0,64.5,6.9,15.4,17.8,8.3,0.87,11.3,329,Good
22.7,56.4,1.9,6.7,12.6,3.6,1.05,11.0,472,Good
23.0,51.2,17.3,22.3,13.6,2.5,0.84,13.2,444,Good
24.1,47.5,22.8,26.0,26.5,4.1,0.91,12.2,406,Good
21.9,49.8,11.2,16.3,24.9,8.5,1.12,12.6,507,Good
31.2,54.1,8.2,15.0,16.3,4.6,0.88,14.8,531,Good
24.2,61.7,3.2,8.8,19.1,5.5,1.21,10.2,406,Good
28.9,62.3,5.1,10.3,14.3,5.8,0.82,14.5,368,Good
29.1,41.6,22.5,25.3,19.6,5.8,0.99,11.2,263,Good
22.1,49.1,11.2,13.8,25.3,6.8,0.72,12.5,448,Good
25.0,56.6,3.9,10.9,16.5,4.0,1.06,11.1,583,Good
29.7,61.6,1.5,10.0,21.0,5.4,1.17,13.4,541,Good
25.8,55.8,18.9,26.4,19.9,7.3,1.0,12.0,579,Good
32.3,52.4,24.4,30.9,27.7,6.5,0.95,10.7,436,Good
14.1,54.5,3.6,8.3,17.4,7.0,0.99,10.1,238,Good
27.2,46.0,4.5,8.3,24.2,6.1,1.06,12.5,545,Good
23.5,41.3,5.4,8.4,24.9,7.9,1.12,10.7,360,Good
25.7,68.2,0.7,8.1,22.4,5.3,1.04,13.4,523,Good
23.6,50.2,0.4,3.7,12.7,7.4,1.04,14.2,340,Good
22.4,42.8,1.1,8.7,15.2,7.0,1.03,12.1,216,Good
25.0,59.9,1.0,5.4,22.6,5.0,1.15,18.4,509,Good
24.4,66.2,2.9,8.6,20.8,5.6,0.93,13.1,467,Good
31.6,61.2,2.4,8.6,15.3,5.1,0.97,10.2,501,Good
29.3,68.3,3.0,8.1,10.8,5.2,1.09,10.5,336,Good
29.4,52.6,0.3,8.0,25.2,6.5,0.98,10.9,429,Good
25.2,54.0,0.7,4.1,17.3,7.8,1.04,13.0,307,Good
21.4,62.6,5.3,10.8,14.3,3.5,0.93,14.7,391,Good
29.2,70.3,3.5,8.1,16.7,3.7,1.05,10.8,585,Good
24.8,60.1,0.1,1.7,17.5,5.9,0.99,13.3,457,Good
20.3,66.0,3.3,10.1,23.4,5.0,0.81,10.8,291,Good
27.4,61.2,24.3,32.1,23.8,4.8,0.98,11.6,345,Good
25.5,56.8,5.6,11.7,24.9,2.5,1.09,11.2,507,Good
24.5,64.6,10.4,15.2,27.3,8.0,1.09,11.1,601,Good
26.7,66.0,0.5,5.4,20.9,-0.6,0.87,10.1,422,Good
23.1,77.7,5.6,11.8,21.2,4.5,0.9,10.5,385,Good
29.0,80.3,5.4,11.2,19.0,4.6,1.01,10.1,538,Good
28.7,80.2,15.8,23.3,17.5,7.8,0.87,10.2,512,Good
24.3,78.7,13.3,20.4,23.6,3.8,0.92,11.1,348,Good
22.0,49.9,1.5,3.0,16.1,4.8,0.97,20.0,587,Good
23.6,50.5,19.6,25.4,21.6,5.0,0.96,10.5,294,Good
22.6,46.7,19.2,26.8,26.5,6.7,0.82,13.7,354,Good
25.0,57.3,0.8,6.7,27.1,3.6,1.12,10.7,267,Good
26.8,44.5,5.1,8.1,23.4,4.4,1.12,11.0,401,Good
31.0,74.1,11.1,14.5,20.9,9.9,0.86,14.4,353,Good
24.7,65.4,0.0,2.3,21.9,3.9,0.99,13.7,410,Good
39.4,75.2,109.6,145.2,46.8,34.7,2.5,6.1,794,Hazardous
44.7,100.3,79.8,104.0,51.0,17.9,2.62,4.9,574,Hazardous
41.2,82.7,17.3,25.0,43.5,24.5,2.33,2.6,494,Hazardous
39.8,108.4,30.3,39.3,32.2,21.5,2.03,3.0,572,Hazardous
33.4,80.2,10.3,32.4,40.3,12.9,1.36,2.6,597,Hazardous
44.8,101.8,146.3,164.9,38.8,10.8,2.36,2.8,586,Hazardous
41.3,77.0,7.0,28.8,51.9,25.2,2.11,8.3,643,Hazardous
41.3,90.6,70.6,88.5,45.0,30.2,2.93,6.8,902,Hazardous
37.3,86.8,41.6,62.9,33.0,20.0,2.09,5.1,734,Hazardous
40.8,100.7,23.3,39.7,49.3,31.9,2.78,11.2,671,Hazardous
35.1,69.2,7.9,30.3,35.3,27.6,2.07,4.9,724,Hazardous
22.9,89.4,13.5,34.2,30.5,34.0,3.09,2.6,833,Hazardous
49.4,100.9,173.9,186.8,34.0,19.1,3.21,2.6,820,Hazardous
31.1,116.9,16.1,35.6,31.7,20.7,2.73,4.5,544,Hazardous
31.8,78.6,104.1,114.7,51.4,20.6,2.64,7.5,853,Hazardous
41.5,106.1,2.5,16.1,41.6,22.9,2.33,9.7,629,Hazardous
41.5,94.0,62.1,79.4,30.0,20.0,2.8,7.8,547,Hazardous
47.2,78.4,17.9,46.0,42.9,21.1,2.36,2.8,517,Hazardous
47.0,66.5,44.2,78.1,46.5,20.9,1.91,5.4,673,Hazardous
35.5,111.3,38.0,50.8,38.4,11.3,2.09,3.2,497,Hazardous
44.6,70.1,58.9,79.8,45.1,16.8,2.52,4.1,658,Hazardous
48.8,95.8,9.8,28.0,36.0,33.7,2.59,2.6,586,Hazardous
33.3,98.3,36.1,67.4,50.4,2.1,2.52,2.9,494,Hazardous
38.0,78.8,63.0,65.2,30.9,19.4,2.19,3.0,571,Hazardous
32.5,85.1,24.8,46.3,29.1,13.2,1.89,5.9,599,Hazardous
45.6,78.7,3.4,25.3,34.0,11.5,2.41,2.5,503,Hazardous
44.4,102.1,35.4,54.7,55.5,25.5,1.79,3.0,772,Hazardous
47.0,63.5,82.5,101.4,41.3,24.7,2.46,2.9,582,Hazardous
34.9,80.9,21.4,32.8,50.8,16.6,2.11,3.8,797,Hazardous
39.7,79.0,46.0,74.8,46.3,14.9,2.24,5.9,730,Hazardous
41.4,99.5,0.7,40.0,44.6,16.6,2.51,8.8,608,Hazardous
29.3,92.0,18.4,42.3,32.0,26.4,3.1,3.9,515,Hazardous
39.2,108.0,73.5,88.5,34.0,15.8,1.96,6.2,734,Hazardous
34.0,91.8,12.8,42.5,38.3,4.8,1.76,4.2,633,Hazardous
44.7,97.9,34.6,57.3,28.1,22.6,1.78,3.5,562,Hazardous
46.1,80.1,7.7,10.4,34.4,30.5,1.85,5.7,771,Hazardous
40.4,92.4,92.0,112.9,42.2,26.4,2.32,3.7,633,Hazardous
48.4,89.1,14.7,32.7,52.0,0.0,2.59,2.6,664,Hazardous
40.5,106.5,61.9,84.7,37.6,19.6,3.03,4.5,625,Hazardous
35.0,72.8,74.5,92.2,38.8,19.9,2.27,3.0,623,Hazardous
38.4,87.7,38.4,63.6,45.4,17.0,2.49,3.7,637,Hazardous
25.0,87.3,49.8,70.3,35.2,15.4,2.85,4.7,680,Hazardous
50.2,69.1,0.4,24.1,41.5,21.9,2.82,7.3,883,Hazardous
38.3,107.8,39.3,60.8,32.3,29.0,2.61,6.8,462,Hazardous
54.6,90.7,48.9,62.9,30.1,11.5,2.74,3.7,617,Hazardous
45.4,104.7,134.5,155.1,46.3,23.4,3.36,8.5,736,Hazardous
39.4,96.6,14.6,35.5,42.9,17.9,1.82,3.1,674,Hazardous
44.9,105.8,24.5,47.4,39.9,26.7,2.36,4.0,878,Hazardous
35.2,80.7,67.4,103.4,49.6,9.6,2.47,3.5,681,Hazardous
30.5,89.7,117.0,138.7,40.6,33.9,2.22,6.4,574,Hazardous
41.7,91.4,45.2,63.7,34.2,26.8,2.53,3.2,887,Hazardous
44.1,109.2,31.8,44.9,51.1,12.3,2.27,5.7,640,Hazardous
37.6,94.4,19.5,27.3,50.3,6.2,2.47,3.7,889,Hazardous
38.8,92.5,8.3,29.0,32.8,8.3,2.19,3.9,698,Hazardous
45.5,90.8,19.6,56.9,29.1,17.4,2.76,9.4,684,Hazardous
35.4,120.5,47.7,61.2,49.3,24.2,2.36,5.2,662,Hazardous
31.3,73.4,72.8,88.8,54.1,17.1,2.54,2.6,755,Hazardous
42.6,94.6,17.9,30.1,44.3,4.0,1.91,2.6,525,Hazardous
41.3,103.3,168.6,185.0,47.0,28.8,1.99,4.3,631,Hazardous
32.9,97.0,10.0,32.7,39.7,12.4,2.24,4.3,640,Hazardous
46.8,77.8,25.2,45.5,38.9,19.4,2.66,4.4,830,Hazardous
32.8,100.5,21.8,37.5,29.6,6.6,2.94,6.1,774,Hazardous
40.2,84.8,61.2,77.0,35.2,3.9,1.82,2.8,905,Hazardous
41.6,100.7,156.7,166.2,38.7,24.5,1.96,2.8,888,Hazardous
50.4,85.1,8.9,33.5,36.5,19.2,2.4,4.4,778,Hazardous
30.3,86.7,6.2,30.2,36.5,17.8,2.31,2.9,465,Hazardous
38.9,66.5,81.9,105.1,36.1,5.9,3.54,3.2,794,Hazardous
44.8,113.0,30.2,52.0,41.5,23.3,2.53,3.3,677,Hazardous
44.9,66.4,10.6,34.3,38.5,19.3,2.53,3.0,575,Hazardous
34.0,75.2,46.0,57.2,45.5,15.4,3.34,6.3,601,Hazardous
42.2,73.2,6.5,20.3,53.8,23.7,2.41,3.7,633,Hazardous
46.8,117.3,21.6,29.6,25.3,26.7,2.31,6.4,712,Hazardous
28.2,71.4,9.2,25.5,34.0,6.2,2.35,3.2,594,Hazardous
55.0,63.0,29.4,49.3,35.5,25.7,2.49,2.7,785,Hazardous
42.5,109.7,19.8,45.8,24.2,18.3,2.81,4.9,873,Hazardous
46.3,76.9,117.4,124.5,42.4,40.5,2.4,3.5,789,Hazardous
40.9,78.5,1.7,21.6,39.6,25.9,2.8,3.4,641,Hazardous
39.6,72.4,17.7,29.3,38.1,21.8,2.31,3.3,790,Hazardous
46.5,101.4,94.5,122.4,29.8,20.2,3.09,4.1,584,Hazardous
34.5,83.0,89.5,108.6,36.0,16.0,3.67,5.9,781,Hazardous
55.9,87.8,33.9,52.7,28.6,17.5,2.51,2.9,834,Hazardous
38.7,98.8,9.1,30.9,40.2,21.0,2.33,2.8,827,Hazardous
52.6,91.3,150.5,159.0,36.8,6.3,2.71,5.1,482,Hazardous
32.2,62.2,20.2,34.3,33.7,26.4,2.12,8.3,512,Hazardous
39.0,107.1,23.9,45.0,46.1,25.8,2.65,3.4,756,Hazardous
48.4,91.7,24.0,42.3,37.5,29.3,2.35,2.9,924,Hazardous
40.4,107.6,31.2,56.4,41.8,19.9,2.14,7.4,767,Hazardous
44.1,95.4,52.5,85.7,27.2,8.2,2.2,4.1,547,Hazardous
41.0,98.3,96.1,122.2,47.2,27.7,2.97,4.1,686,Hazardous
36.9,83.1,8.9,34.8,52.1,1.5,2.89,3.3,648,Hazardous
46.0,80.1,8.2,40.2,30.8,15.3,2.55,7.9,584,Hazardous
45.7,76.3,1.1,20.8,23.8,28.2,2.44,3.7,761,Hazardous
36.5,119.4,59.3,89.0,32.7,24.0,2.14,3.2,585,Hazardous
50.4,93.5,17.1,33.7,42.7,17.6,2.56,3.1,610,Hazardous
35.7,79.1,38.0,55.5,25.6,17.0,2.75,2.8,821,Hazardous
38.8,115.0,13.9,39.3,28.8,25.0,2.97,5.7,900,Hazardous
42.2,87.6,95.7,115.6,42.7,18.7,2.59,6.7,707,Hazardous
42.3,70.3,22.5,33.9,32.1,22.0,2.82,9.5,672,Hazardous
31.6,84.6,102.4,137.1,49.3,15.6,2.11,3.8,777,Hazardous
33.4,85.5,11.7,31.7,41.7,12.4,2.03,3.0,927,Hazardous
41.6,91.4,13.0,27.3,44.6,8.7,3.35,5.2,844,Hazardous
35.9,81.3,8.7,29.6,48.1,36.2,2.68,6.5,583,Hazardous
37.3,90.7,33.6,43.8,35.6,19.6,2.45,3.1,754,Hazardous
57.7,77.3,22.8,42.8,33.2,20.4,3.03,3.9,810,Hazardous
43.1,116.3,104.3,136.6,36.6,15.8,3.72,5.4,688,Hazardous
44.5,79.6,41.4,53.1,38.4,21.8,2.44,4.7,837,Hazardous
40.3,110.3,21.7,36.2,43.1,23.4,2.3,5.8,746,Hazardous
47.0,98.2,104.7,108.8,43.9,31.4,3.08,7.7,494,Hazardous
45.9,87.5,25.7,49.6,46.2,22.1,2.86,3.5,571,Hazardous
26.5,86.3,28.0,54.1,56.6,9.6,2.02,4.8,603,Hazardous
38.1,96.6,59.5,79.6,40.5,24.4,2.41,4.9,863,Hazardous
42.6,111.3,51.4,77.1,23.0,11.4,2.41,6.3,832,Hazardous
41.9,84.4,75.7,99.5,30.0,17.5,2.32,3.0,680,Hazardous
37.8,79.1,63.0,85.1,52.6,20.1,2.6,6.5,778,Hazardous
45.3,73.7,53.2,84.6,47.8,28.0,2.45,2.8,480,Hazardous
37.0,76.1,131.3,145.5,57.3,24.3,2.94,7.6,702,Hazardous
52.4,102.6,204.0,221.6,44.4,12.9,3.16,3.9,588,Hazardous
42.0,92.6,10.8,29.5,47.4,35.7,2.21,5.5,770,Hazardous
34.3,94.8,12.6,30.7,52.7,17.5,2.02,4.5,934,Hazardous
34.4,85.0,31.7,53.6,50.5,35.4,2.5,3.8,822,Hazardous
42.0,63.2,36.7,69.0,39.7,11.9,2.49,3.4,798,Hazardous
44.3,87.7,14.0,22.3,37.2,18.2,2.75,4.4,471,Hazardous
42.1,74.2,0.7,16.8,32.9,31.7,2.73,3.3,526,Hazardous
35.8,80.0,37.1,44.5,38.0,14.8,2.03,3.5,538,Hazardous
43.6,104.2,64.7,85.9,38.6,4.5,2.72,5.8,676,Hazardous
41.0,80.9,27.8,56.5,43.4,23.8,2.95,8.4,556,Hazardous
34.7,86.9,8.1,41.3,34.5,35.7,3.35,2.7,673,Hazardous
44.1,91.8,42.0,61.6,38.7,32.5,2.39,3.4,613,Hazardous
29.6,76.1,31.0,48.7,51.2,9.3,2.7,2.9,788,Hazardous
34.7,79.4,64.5,88.3,36.1,20.4,3.1,10.1,425,Hazardous
40.2,91.9,22.3,34.2,43.7,17.4,2.07,3.1,900,Hazardous
37.9,71.0,5.6,21.0,49.8,34.5,3.0,5.0,537,Hazardous
45.0,107.0,13.2,20.9,56.0,10.2,2.23,4.0,775,Hazardous
45.6,98.3,28.0,43.8,32.1,14.9,2.18,3.2,680,Hazardous
38.5,95.4,66.9,92.3,46.0,15.7,2.63,4.1,654,Hazardous
33.6,84.2,186.7,209.8,36.8,13.4,2.57,5.8,879,Hazardous
41.7,97.8,2.5,7.6,47.9,27.3,2.16,2.5,688,Hazardous
36.2,84.9,42.2,72.0,30.9,23.4,1.98,3.5,619,Hazardous
40.0,88.7,29.3,46.0,45.1,20.7,2.03,3.2,821,Hazardous
40.6,90.4,67.5,85.6,30.3,16.1,2.32,3.9,485,Hazardous
36.2,71.8,65.2,79.4,16.6,25.8,3.29,4.6,493,Hazardous
34.0,104.3,25.9,44.1,41.7,15.9,2.35,7.1,676,Hazardous
45.0,76.7,15.8,21.9,45.2,24.1,2.91,11.0,808,Hazardous
42.5,108.2,109.2,116.8,43.5,21.2,2.07,4.6,741,Hazardous
57.2,80.2,47.4,56.9,43.2,24.8,2.26,3.0,876,Hazardous
48.8,74.5,14.0,35.7,39.0,13.8,2.63,6.2,540,Hazardous
33.1,99.2,17.6,47.1,41.1,26.4,2.45,6.8,623,Hazardous
48.3,95.4,68.6,89.2,51.8,20.4,3.36,3.3,685,Hazardous
44.0,84.1,39.5,73.0,38.9,12.9,2.48,4.0,530,Hazardous
46.8,80.7,17.2,36.3,46.6,26.4,2.66,2.5,740,Hazardous
37.5,92.0,29.0,38.5,33.0,25.2,1.86,8.1,339,Poor
33.7,102.4,36.7,64.5,31.5,12.3,1.57,4.1,722,Poor
38.3,73.3,15.0,29.6,38.1,14.1,2.32,4.2,373,Poor
35.1,61.5,26.0,46.4,32.0,15.0,1.55,10.5,731,Poor
39.1,82.6,11.4,31.9,27.9,18.5,2.0,4.5,750,Poor
33.9,75.6,9.0,20.9,32.1,20.4,2.36,3.4,511,Poor
36.7,78.7,31.3,69.8,30.7,21.1,1.95,4.1,749,Poor
42.9,58.5,35.8,48.5,33.7,23.2,2.0,5.7,455,Poor
39.5,70.2,5.4,24.3,38.0,0.1,1.85,4.3,616,Poor
38.2,48.5,77.8,86.9,37.9,15.7,1.93,4.7,438,Poor
32.4,61.8,23.0,43.4,19.5,17.0,2.05,3.8,463,Poor
32.8,90.8,3.6,15.0,33.4,25.2,1.6,4.0,643,Poor
35.6,75.0,29.0,41.8,32.2,11.9,1.95,5.8,748,Poor
38.9,56.6,151.2,161.2,41.8,11.3,2.27,5.4,549,Poor
31.9,74.7,15.3,33.9,48.0,13.6,2.29,5.6,756,Poor
28.2,86.1,47.1,62.3,36.7,11.3,1.81,7.5,551,Poor
49.8,79.2,70.1,82.7,50.3,20.6,1.91,5.2,617,Poor
28.8,72.7,49.8,74.8,41.0,15.6,2.0,5.2,482,Poor
30.3,92.2,9.2,14.4,37.5,16.1,2.22,5.2,652,Poor
35.3,82.2,73.9,91.1,34.3,7.1,2.54,5.5,659,Poor
29.9,107.5,33.5,52.1,27.7,17.6,2.42,3.4,592,Poor
24.7,83.6,64.0,84.5,47.3,12.1,1.69,4.2,630,Poor
27.1,61.5,24.0,29.4,45.5,14.3,2.19,4.3,806,Poor
26.3,86.9,4.5,22.1,37.1,11.0,2.22,5.1,556,Poor
39.4,109.1,34.9,56.8,36.1,3.1,2.02,5.7,454,Poor
30.0,67.1,2.2,7.8,39.2,17.0,2.0,5.2,793,Poor
31.0,66.8,8.7,16.8,25.0,22.1,1.4,5.9,798,Poor
36.4,98.8,15.7,18.1,39.1,12.8,1.95,3.4,541,Poor
32.6,79.8,33.1,45.2,32.1,5.2,2.61,4.2,731,Poor
45.8,96.4,0.4,10.0,34.1,11.9,1.9,11.6,374,Poor
30.4,67.5,16.5,21.0,43.4,15.4,1.97,9.6,502,Poor
33.9,83.1,18.1,42.9,36.4,24.7,1.95,3.5,749,Poor
34.3,99.6,14.3,24.7,32.2,13.6,1.89,6.8,487,Poor
34.4,90.0,4.9,16.4,14.6,12.6,1.71,6.8,488,Poor
38.5,65.0,82.1,96.8,35.9,25.9,1.85,4.0,611,Poor
41.1,82.1,30.0,52.7,35.7,14.9,2.46,4.0,654,Poor
36.4,78.0,31.2,47.9,30.4,6.8,2.07,4.4,656,Poor
23.8,88.2,4.5,18.4,30.8,18.0,1.94,3.4,409,Poor
33.3,80.0,33.8,48.2,38.3,3.7,1.61,5.1,507,Poor
25.7,69.3,64.5,78.8,26.5,10.3,1.87,12.2,579,Poor
37.5,95.7,6.1,28.0,32.9,20.7,1.73,8.9,802,Poor
40.1,62.1,47.7,67.7,31.6,-4.1,2.54,4.9,570,Poor
31.5,55.4,50.2,68.7,31.5,6.0,2.13,4.4,529,Poor
28.9,67.7,39.3,52.7,22.6,12.4,2.15,4.1,550,Poor
35.7,82.0,40.5,57.9,25.3,13.6,2.14,7.7,614,Poor
33.2,90.6,42.9,57.2,22.4,13.0,2.44,7.5,497,Poor
31.6,95.2,157.5,180.0,38.8,28.7,2.0,3.6,571,Poor
25.3,88.7,50.1,65.4,39.0,16.6,1.98,5.1,696,Poor
41.0,67.4,11.3,26.7,28.3,21.9,2.04,5.5,493,Poor
40.8,98.7,100.8,114.1,48.7,8.7,2.09,4.4,395,Poor
29.5,83.3,82.2,107.5,25.3,29.0,2.41,5.2,401,Poor
26.7,74.2,38.5,62.5,40.2,12.4,2.01,4.2,802,Poor
42.5,80.9,33.3,44.4,34.1,11.1,2.28,4.2,682,Poor
33.4,63.9,6.2,10.6,35.0,15.7,1.84,5.2,471,Poor
41.5,68.2,3.4,15.4,24.5,6.4,1.38,4.8,748,Poor
29.5,83.3,4.7,22.7,35.9,14.7,2.97,5.2,631,Poor
34.7,61.0,9.4,29.9,22.0,18.7,1.7,5.8,466,Poor
24.7,64.9,17.3,37.0,27.2,14.9,1.48,5.5,453,Poor
38.0,70.6,100.0,117.5,32.4,7.0,2.4,4.1,477,Poor
30.8,92.2,50.1,67.5,25.3,23.5,2.41,7.0,573,Poor
37.0,100.4,19.8,34.2,32.7,15.8,2.18,3.9,745,Poor
42.7,63.3,82.1,103.4,45.4,29.3,2.26,7.4,747,Poor
35.9,66.6,27.1,49.5,36.3,15.9,1.91,5.3,426,Poor
42.8,78.6,31.8,44.5,32.4,26.0,1.98,3.8,598,Poor
38.5,79.8,70.6,88.1,36.1,9.8,1.86,4.6,565,Poor
36.7,82.4,9.6,18.8,27.3,23.2,1.7,4.3,598,Poor
32.5,74.3,5.0,18.7,32.3,15.5,1.83,4.8,769,Poor
36.3,106.3,62.3,75.6,27.1,19.5,2.08,5.0,682,Poor
31.5,71.1,20.4,35.1,39.2,10.9,2.11,10.5,562,Poor
34.5,80.8,10.6,18.6,32.1,18.4,2.37,6.4,763,Poor
34.3,77.6,6.9,14.1,29.1,17.0,1.87,5.4,694,Poor
42.1,74.0,3.9,21.4,34.4,20.7,1.69,3.7,611,Poor
32.2,103.1,31.8,39.9,34.3,7.3,1.58,4.9,402,Poor
33.6,99.4,63.4,72.4,29.6,10.8,1.68,5.0,581,Poor
41.2,85.9,3.4,21.2,39.6,8.4,2.27,3.5,689,Poor
44.2,101.0,2.6,10.2,30.3,24.3,1.91,3.5,408,Poor
25.5,68.4,54.1,64.4,30.8,0.7,1.81,5.7,671,Poor
31.6,102.7,80.5,96.9,35.0,1.7,2.0,4.4,630,Poor
32.9,84.6,4.3,1.9,29.8,3.9,1.87,4.0,723,Poor
30.9,89.0,7.3,30.9,37.3,6.8,2.21,4.4,660,Poor
35.4,71.3,6.3,19.7,34.4,19.2,2.35,5.4,714,Poor
40.6,85.2,31.6,44.8,30.5,19.0,2.66,4.5,554,Poor
39.8,78.5,21.5,41.4,32.3,29.5,2.5,5.8,790,Poor
31.3,65.1,26.0,33.8,27.3,22.0,2.01,4.4,631,Poor
36.7,44.6,2.4,5.8,28.8,18.1,1.63,8.7,502,Poor
34.7,97.6,6.1,19.6,23.1,19.6,2.12,6.4,596,Poor
34.6,97.6,52.6,69.2,33.1,11.4,2.2,4.6,537,Poor
39.2,83.5,17.6,36.2,27.7,19.4,1.74,3.5,480,Poor
42.3,96.6,4.3,16.1,37.7,3.2,2.44,3.4,421,Poor
37.3,68.2,4.3,20.8,40.3,20.0,2.01,5.4,681,Poor
30.3,76.3,9.2,20.7,38.4,17.2,1.61,3.6,726,Poor
30.8,62.2,11.8,37.1,29.1,17.0,1.91,4.4,629,Poor
40.5,100.2,65.0,81.4,39.1,17.1,1.6,5.9,553,Poor
28.6,91.5,61.2,82.7,39.5,7.5,1.97,4.6,639,Poor
31.1,78.4,51.7,67.9,35.6,17.5,2.24,5.6,488,Poor
37.2,80.5,35.6,44.6,34.2,24.1,2.17,6.3,607,Poor
38.2,63.5,63.5,77.9,32.4,6.8,2.3,5.0,458,Poor
21.0,90.0,57.9,74.0,19.4,17.1,1.93,3.7,498,Poor
43.3,59.3,62.2,74.7,33.0,19.2,2.44,3.6,801,Poor
36.3,57.5,15.0,34.4,36.2,17.1,2.36,3.7,446,Poor
37.2,91.9,0.1,14.3,39.2,21.2,1.6,3.5,435,Poor
35.1,64.8,106.3,125.3,28.2,15.6,2.24,7.2,762,Poor
30.4,60.8,57.8,78.2,37.7,13.7,1.79,3.8,631,Poor
38.6,111.4,9.9,20.0,36.3,22.5,1.74,7.5,591,Poor
43.0,65.1,21.8,47.5,25.1,23.8,1.7,4.6,569,Poor
34.8,71.8,43.9,67.2,42.7,25.6,2.39,14.3,501,Poor
33.8,86.2,0.4,12.2,31.1,3.2,2.06,3.7,618,Poor
34.7,74.0,22.5,23.7,40.4,17.1,2.49,5.2,523,Poor
28.0,76.0,14.1,25.0,28.4,4.2,2.3,4.6,740,Poor
30.2,77.4,9.5,26.4,20.9,10.8,2.29,3.7,648,Poor
41.2,93.0,24.2,44.3,33.9,12.6,2.09,5.3,732,Poor
41.9,68.4,15.5,26.3,29.2,18.5,1.4,4.5,387,Poor
22.7,77.3,71.0,77.5,40.1,9.6,1.63,3.5,608,Poor
30.8,85.5,18.6,44.4,31.0,8.1,2.25,4.0,770,Poor
38.6,80.8,52.5,73.9,38.4,27.2,2.16,4.2,707,Poor
44.0,70.6,23.0,42.3,35.2,17.2,1.79,3.5,726,Poor
32.5,89.0,12.2,34.2,38.7,13.5,1.88,5.3,688,Poor
36.8,79.1,1.7,14.1,37.1,19.1,2.17,4.0,659,Poor
31.5,70.3,19.9,38.8,21.8,6.3,1.95,6.3,707,Poor
31.6,77.8,12.3,18.1,31.8,8.9,1.72,3.8,590,Poor
37.1,105.9,2.5,17.2,28.3,14.5,1.63,5.5,501,Poor
36.0,95.2,7.0,21.6,36.2,13.8,1.75,4.5,564,Poor
36.0,70.9,67.7,75.3,24.9,24.7,2.13,8.3,458,Poor
32.8,58.9,30.1,52.0,33.6,22.4,1.73,3.4,476,Poor
32.0,84.4,30.3,39.1,40.4,21.2,1.99,6.2,454,Poor
31.9,93.9,32.7,44.6,38.8,16.7,2.52,3.4,564,Poor
34.0,64.2,14.6,32.3,47.4,8.8,1.47,5.1,434,Poor
35.5,95.0,31.6,52.5,24.3,13.6,2.34,4.3,478,Poor
36.1,77.3,40.8,50.4,23.1,13.1,2.04,5.2,615,Poor
40.0,88.6,4.5,25.7,31.0,20.5,2.11,4.6,709,Poor
20.4,92.4,1.0,19.5,36.5,22.6,2.62,9.0,494,Poor
36.6,71.0,5.0,28.2,26.2,26.7,1.93,4.7,523,Poor
35.4,78.9,3.9,15.7,33.5,15.8,1.97,4.9,695,Poor
26.1,82.7,19.9,37.5,36.7,12.0,1.5,4.3,706,Poor
39.7,59.7,51.4,60.1,23.1,16.7,1.94,3.9,484,Poor
36.0,70.7,69.5,78.1,29.1,16.2,2.28,7.2,420,Poor
30.2,86.5,6.2,20.8,35.9,18.1,2.03,4.8,420,Poor
42.7,70.1,123.7,128.1,28.7,2.4,1.89,4.2,765,Poor
29.5,77.2,27.9,44.4,26.3,23.1,1.68,7.7,586,Poor
27.6,73.0,9.8,18.7,29.8,19.9,1.62,4.6,705,Poor
31.6,97.6,85.9,101.9,45.0,25.8,1.82,7.4,804,Poor
44.2,79.7,4.9,23.6,34.4,18.1,1.76,4.1,724,Poor
32.3,64.2,13.8,31.8,24.2,17.8,1.51,9.0,478,Poor
32.8,73.6,18.6,39.5,21.4,12.2,2.21,4.4,590,Poor
28.9,52.9,59.1,77.8,41.6,18.4,2.05,8.8,601,Poor
31.2,72.8,2.2,11.3,25.6,12.6,1.88,3.9,432,Poor
28.2,90.6,17.2,27.5,32.3,17.4,2.07,9.1,680,Poor
39.1,84.8,4.6,19.1,33.3,5.9,2.11,5.1,620,Poor
32.8,99.6,2.2,8.0,33.6,21.5,1.92,5.5,664,Poor
37.9,67.4,57.9,71.0,21.3,12.3,1.89,4.1,824,Poor
33.7,83.3,10.2,32.2,33.6,27.7,2.53,11.9,541,Poor
32.3,91.2,1.7,15.7,33.5,7.2,2.33,7.2,535,Poor
40.1,80.2,36.5,49.6,30.0,8.0,2.13,3.7,468,Poor
32.2,59.9,29.3,38.6,32.9,18.3,2.14,6.0,563,Poor
27.3,75.6,2.1,7.7,24.4,14.2,2.12,6.7,665,Poor
35.3,92.3,13.3,24.1,32.6,10.4,1.87,4.0,623,Poor
38.9,77.5,5.2,25.6,43.7,15.4,2.32,4.2,610,Poor
27.2,88.6,7.1,26.7,36.6,16.7,2.39,9.9,442,Poor
37.1,72.4,60.3,68.4,35.5,14.0,2.17,3.4,580,Poor
36.5,81.1,14.2,34.5,37.1,11.8,1.91,4.3,610,Poor
30.4,64.0,9.3,10.3,35.0,4.9,1.57,5.6,708,Poor
35.8,72.9,6.2,33.2,23.9,16.7,2.0,3.6,552,Poor
43.2,64.6,31.2,48.6,36.7,14.7,2.3,3.4,540,Poor
26.8,88.6,16.0,28.5,44.6,19.1,2.13,6.7,484,Poor
37.1,97.7,11.7,27.3,31.4,17.8,1.87,9.6,675,Poor
39.3,94.3,8.0,31.4,47.5,19.8,1.79,4.1,827,Poor
52.3,74.5,14.9,24.0,29.7,19.3,1.78,3.6,515,Poor
36.1,70.2,19.1,37.6,27.8,20.7,2.21,3.9,454,Poor
37.7,83.0,109.4,119.8,43.1,11.3,1.64,6.1,614,Poor
32.8,63.6,33.1,54.9,33.0,19.6,1.48,4.7,655,Poor
33.6,51.9,55.3,62.7,36.2,1.0,2.41,5.6,403,Poor
33.5,96.2,22.1,41.0,41.6,15.7,2.17,4.4,596,Poor
31.3,80.6,19.6,32.6,31.8,3.6,2.53,3.3,662,Poor
41.2,93.9,12.4,31.2,31.3,18.7,2.16,5.5,568,Poor
37.5,87.0,43.4,58.7,43.7,21.8,1.79,8.2,484,Poor
36.5,86.5,19.9,32.8,33.3,12.4,2.14,4.0,623,Poor
33.5,82.9,21.9,45.6,37.1,20.9,1.72,4.7,591,Poor
39.1,66.8,9.7,21.2,34.1,5.4,2.33,6.6,679,Poor
34.9,84.1,1.5,20.1,22.5,2.5,2.15,3.6,646,Poor
45.4,82.6,12.9,29.4,41.6,14.1,2.29,5.1,841,Poor
32.0,95.2,28.6,41.8,38.3,23.0,2.11,6.4,435,Poor
37.2,87.6,1.3,14.3,32.3,1.1,1.7,3.4,663,Poor
27.1,75.8,61.2,83.7,31.3,19.7,1.79,5.3,592,Poor
37.0,61.2,44.2,56.1,21.1,5.7,1.76,9.8,465,Poor
37.3,91.6,28.9,30.2,34.7,8.9,2.11,3.9,754,Poor
31.0,75.0,8.9,17.1,30.1,5.3,1.72,3.7,531,Poor
38.3,78.7,4.5,16.8,35.0,12.9,1.93,7.4,451,Poor
34.0,68.2,5.4,10.2,47.2,12.8,2.16,3.9,725,Poor
32.3,77.3,28.8,54.3,21.8,11.2,2.21,5.0,478,Poor
39.3,79.2,30.6,44.5,34.0,22.1,2.02,4.6,619,Poor
29.4,73.1,9.4,13.7,38.5,5.1,1.59,3.8,438,Poor
29.8,55.1,15.4,27.0,28.8,20.8,1.69,6.5,602,Poor
30.9,92.5,24.3,29.7,34.9,18.0,1.64,9.1,678,Poor
28.3,72.7,56.8,70.2,34.4,10.3,1.75,5.1,486,Poor
36.4,82.7,19.7,36.6,39.2,15.9,1.72,9.0,782,Poor
34.8,75.2,8.9,28.9,32.5,16.6,1.8,7.1,517,Poor
34.0,83.2,19.3,39.1,45.1,21.0,2.28,9.9,496,Poor
33.7,83.2,1.6,25.2,34.3,12.0,2.59,6.2,551,Poor
27.2,82.5,18.7,37.1,32.5,14.5,1.96,4.5,544,Poor
36.7,81.2,17.3,37.3,32.9,17.5,1.9,4.0,445,Poor
37.3,98.6,68.4,85.3,37.5,16.9,2.34,9.0,695,Poor
35.5,91.0,13.1,17.2,20.7,15.1,1.99,5.4,597,Poor
26.4,76.1,36.5,40.9,31.7,15.2,2.09,6.8,472,Poor
35.1,65.7,26.8,41.9,32.5,21.7,1.92,5.6,571,Poor
36.1,81.4,44.9,50.8,33.5,15.6,1.42,5.3,660,Poor
36.0,97.3,11.0,20.8,28.5,20.7,1.87,3.9,795,Poor
41.3,85.7,66.1,93.4,40.0,16.4,1.29,3.5,424,Poor
39.3,77.8,60.6,78.3,23.8,10.9,2.74,6.2,665,Poor
37.6,87.7,13.4,32.0,30.3,13.1,2.41,7.9,825,Poor
29.8,90.6,5.0,34.0,35.8,9.8,1.78,10.6,492,Poor
33.4,86.5,169.2,194.7,48.7,4.6,2.36,6.5,737,Poor
32.4,93.5,31.6,45.9,32.9,13.6,2.15,6.6,482,Poor
36.0,70.2,12.5,41.9,30.7,16.0,1.79,4.6,624,Poor
39.1,73.5,69.8,82.4,33.6,19.4,1.88,3.6,557,Poor
40.4,79.3,29.1,43.9,31.1,18.0,1.85,6.6,615,Poor
39.7,85.9,67.6,88.8,21.3,22.3,1.9,4.5,616,Poor
43.4,88.4,35.6,48.0,39.4,14.4,1.78,4.6,639,Poor
38.9,83.7,26.5,48.9,44.0,14.6,1.83,3.8,645,Poor
33.4,85.5,55.9,60.9,36.0,10.2,1.64,3.7,698,Poor
34.6,87.2,42.1,70.1,38.0,18.3,1.41,10.3,471,Poor
35.0,80.2,11.9,24.4,30.4,14.1,1.71,4.5,617,Poor
39.5,82.8,68.1,80.4,33.8,23.0,2.75,5.7,679,Poor
46.7,65.7,102.5,122.1,43.7,6.9,1.9,3.9,556,Poor
39.1,82.4,24.3,49.8,28.2,11.5,2.03,8.5,818,Poor
37.6,81.0,11.8,29.5,39.5,22.3,2.32,3.8,616,Poor
33.2,80.5,11.1,24.4,32.0,15.3,1.69,4.9,535,Poor
39.3,59.7,78.3,94.6,42.2,17.3,2.19,3.5,582,Poor
35.8,87.2,5.2,15.7,45.1,23.3,1.63,4.7,809,Poor
37.8,70.3,16.7,29.9,35.9,22.1,2.16,4.1,529,Poor
34.4,71.7,44.0,54.6,30.6,25.9,2.41,3.4,595,Poor
29.9,72.8,59.1,70.0,24.4,26.2,1.97,6.7,465,Poor
26.8,90.0,40.8,65.7,33.3,24.0,2.55,10.8,672,Poor
45.7,100.1,2.0,21.9,31.0,10.0,2.0,4.3,477,Poor
34.0,82.8,173.2,190.0,26.4,14.1,2.3,7.7,613,Poor
32.1,73.6,39.4,54.8,39.5,6.8,2.0,4.2,493,Poor
22.8,83.4,28.2,42.9,42.6,9.8,1.71,4.5,818,Poor
37.2,94.4,20.8,37.1,29.5,10.8,1.66,8.3,531,Poor
33.2,93.9,21.3,32.2,36.2,21.8,2.35,5.5,714,Poor
41.9,81.3,11.4,23.3,31.2,11.5,1.98,5.5,459,Poor
38.4,66.6,15.2,36.5,39.2,14.5,1.86,4.2,497,Poor
37.6,81.2,28.1,56.6,46.7,13.7,1.85,4.1,560,Poor
47.3,75.6,75.8,92.0,36.3,17.4,1.76,5.0,503,Poor
40.0,70.3,47.8,56.7,32.4,25.1,1.71,5.5,348,Poor
27.2,88.1,12.8,31.5,23.5,14.0,1.94,3.4,576,Poor
38.5,83.8,19.5,31.0,28.0,14.3,2.22,7.3,443,Poor
38.0,70.0,108.8,132.1,23.3,21.9,2.28,8.1,616,Poor
35.5,100.3,3.2,22.2,38.7,16.2,1.74,7.9,717,Poor
31.0,76.0,64.6,88.8,43.9,4.1,2.35,4.9,804,Poor
40.1,61.7,2.3,17.0,31.4,21.5,2.13,4.8,788,Poor
29.2,77.7,35.4,36.1,37.1,17.9,2.24,6.6,571,Poor
36.2,95.0,9.8,31.8,34.3,24.1,2.12,6.9,681,Poor
39.5,98.6,93.8,104.7,31.7,11.5,2.31,6.2,713,Poor
32.1,90.5,51.8,69.9,26.6,22.3,1.57,3.4,782,Poor
28.9,87.5,13.4,37.1,34.3,8.9,1.9,8.0,612,Poor
27.8,96.1,4.5,31.9,39.5,0.7,1.99,4.5,614,Poor
34.8,70.4,28.9,46.6,35.7,14.4,1.61,4.1,805,Poor
40.6,76.8,39.2,60.7,33.0,18.6,1.85,3.4,686,Poor
31.7,95.3,42.1,64.9,30.4,13.0,2.14,4.3,595,Poor
31.3,102.2,15.4,33.6,29.6,21.0,1.88,4.1,466,Poor
37.6,72.2,10.1,16.6,32.2,6.3,1.85,3.5,637,Poor
31.1,86.1,87.9,98.8,44.4,15.6,2.15,4.4,480,Poor
39.1,59.5,47.6,57.2,30.6,16.8,1.89,3.8,450,Poor
44.3,59.3,6.0,17.3,28.9,10.5,1.79,5.1,643,Poor
40.3,66.1,11.8,21.0,43.4,15.8,2.02,6.2,824,Poor
30.4,98.7,21.6,29.6,35.1,12.7,2.13,4.0,625,Poor
28.9,82.1,25.1,47.5,34.4,22.3,1.8,5.2,675,Poor
31.9,72.0,68.4,87.0,37.9,7.3,2.24,4.0,679,Poor
39.1,82.9,56.7,69.3,39.7,8.2,2.0,3.6,543,Poor
38.4,100.3,44.3,63.7,26.9,14.9,1.88,3.4,605,Poor
35.3,65.1,109.6,122.9,40.9,8.3,2.64,10.5,777,Poor
29.9,96.2,16.2,29.3,35.5,18.2,1.85,3.4,444,Poor
35.2,80.2,13.2,19.1,36.4,21.5,1.69,4.7,546,Poor
39.3,76.0,38.4,49.6,23.5,26.8,2.06,3.4,452,Poor
33.9,63.1,2.2,11.7,21.1,17.9,2.55,8.9,680,Poor
43.9,80.9,4.6,15.6,37.6,21.9,2.05,5.4,387,Poor
39.3,78.9,68.9,85.2,43.7,13.0,1.7,8.5,570,Poor
41.8,75.4,23.7,34.7,37.7,6.8,1.42,5.9,527,Poor
27.1,66.5,14.8,29.8,35.6,15.6,1.99,3.3,577,Poor
33.1,69.0,6.8,15.0,36.9,15.0,1.55,3.7,712,Poor
33.0,79.0,1.0,23.0,37.8,19.9,1.84,6.8,651,Poor
36.6,69.9,46.0,59.1,46.1,6.6,1.84,3.6,649,Poor
39.3,57.3,39.6,59.1,22.0,17.7,1.64,4.7,573,Poor
37.3,85.0,9.6,23.9,31.2,16.2,2.22,4.9,592,Poor
21.0,93.8,6.3,19.4,37.5,13.6,2.18,3.9,669,Poor
36.3,84.9,5.3,14.1,33.0,16.5,1.9,5.3,718,Poor
38.9,75.2,6.8,26.1,33.4,18.0,1.85,4.3,579,Poor
31.8,68.2,10.7,21.0,25.4,12.2,1.34,3.4,637,Poor
32.0,63.1,21.3,36.9,33.6,24.0,2.03,4.0,746,Poor
35.1,78.2,14.0,32.1,28.3,3.0,1.98,3.7,597,Poor
28.7,54.7,17.7,25.2,39.7,9.8,2.44,4.4,522,Poor
40.9,62.4,19.0,36.7,36.1,20.9,2.3,8.1,518,Poor
34.8,68.1,64.3,74.2,39.9,11.2,2.26,4.0,537,Poor
39.2,70.1,27.4,40.3,41.0,11.1,1.91,3.6,511,Poor
36.4,97.3,10.8,33.1,38.8,13.1,2.07,4.1,556,Poor
29.2,93.5,20.8,29.8,30.9,7.3,1.65,3.6,713,Poor
33.2,101.3,14.7,20.5,36.6,14.2,1.53,8.4,509,Poor
21.6,75.4,32.4,44.1,34.8,15.7,1.09,3.5,580,Poor
44.7,78.8,87.4,113.0,37.8,16.0,2.07,3.4,549,Poor
29.7,85.8,84.4,94.4,26.7,19.8,1.55,10.0,744,Poor
32.2,83.0,40.7,55.0,18.8,3.3,1.76,3.9,669,Poor
