Protocol,Compounds,InputFields,Iterations,NumPending,Hour,Day,Class
N,146.0,399.0,10,0.0,16.983333,Fri,F
O,314.0,462.0,50,29.0,14.466667,Tue,F
J,1062.0,93.0,10,3.0,5.333333,Fri,F
M,178.0,1110.0,20,34.0,16.716667,Fri,F
H,20.0,10.0,20,0.0,17.233333,Thu,F
O,22.0,112.0,100,0.0,12.316667,Wed,F
N,256.0,4423.0,20,0.0,11.566667,Thu,F
J,161.0,2478.0,20,2.0,9.666667,Mon,F
N,2520.0,130.0,20,0.0,18.483333,Mon,F
F,36.0,940.0,100,0.0,10.866667,Tue,F
M,233.0,1093.0,20,0.0,14.983333,Tue,F
O,316.0,474.0,20,0.0,15.483333,Wed,F
N,30.0,571.0,100,0.0,8.883333,Wed,F
N,111.0,1075.0,20,129.0,16.383333,Thu,F
M,47.0,307.0,20,0.0,9.95,Fri,F
A,877.0,865.0,20,17.0,14.8,Mon,F
N,46.0,1054.0,20,16.0,10.65,Tue,F
G,177.0,483.0,20,232.0,15.733333,Tue,F
L,229.0,12568.0,20,0.0,9.85,Tue,F
J,192.0,381.0,20,0.0,10.216667,Tue,F
F,26.0,461.0,100,0.0,10.3,Thu,F
C,26.0,3795.0,100,0.0,16.15,Tue,F
N,201.0,33.0,20,7.0,11.483333,Mon,F
M,148.0,396.0,10,2.0,11.066667,Thu,F
J,595.0,71.0,20,0.0,13.1,Sun,F
H,33.0,104.0,20,0.0,10.616667,Tue,F
M,458.0,130.0,20,0.0,14.683333,Thu,F
O,46.0,412.0,20,0.0,12.25,Wed,F
N,225.0,1258.0,20,115.0,11.15,Wed,F
M,42.0,1045.0,20,79.0,13.916667,Tue,F
L,1504.0,4440.0,20,0.0,14.05,Tue,F
J,1411.0,138.0,10,1.0,10.233333,Wed,F
H,244.0,660.0,20,0.0,11.316667,Fri,F
J,186.0,379.0,20,0.0,18.933333,Sun,F
I,24.0,4426.0,100,0.0,16.133333,Tue,F
O,1221.0,87.0,20,0.0,15.016667,Fri,F
J,1418.0,137.0,10,0.0,15.616667,Tue,F
N,470.0,955.0,20,0.0,16.783333,Wed,F
J,374.0,291.0,50,0.0,11.05,Fri,F
M,231.0,544.0,20,0.0,18.066667,Mon,F
N,226.0,2223.0,20,0.0,14.933333,Tue,F
C,376.0,5817.0,50,0.0,11.016667,Fri,F
M,118.0,2484.0,20,0.0,15.75,Mon,F
J,33.0,703.0,200,0.0,17.866667,Wed,F
O,347.0,467.0,20,0.0,13.983333,Fri,F
A,413.0,921.0,20,24.0,9.016667,Tue,F
I,132.0,4498.0,20,0.0,10.433333,Wed,F
J,722.0,69.0,20,0.0,13.083333,Sun,F
H,54.0,129.0,20,0.0,10.1,Fri,F
J,240.0,260.0,20,3.0,10.966667,Mon,F
M,281.0,626.0,20,48.0,17.8,Mon,F
N,180.0,1186.0,20,174.0,15.833333,Thu,F
J,424.0,72.0,20,0.0,13.083333,Sun,F
N,158.0,541.0,20,314.0,18.516667,Tue,F
N,2727.0,384.0,20,19.0,0.033333,Thu,F
F,75.0,3293.0,20,8.0,10.85,Tue,F
J,696.0,77.0,20,0.0,13.1,Sun,F
M,535.0,813.0,20,1.0,10.166667,Fri,F
O,353.0,468.0,20,0.0,18.25,Tue,F
O,488.0,1417.0,20,5.0,14.516667,Mon,F
J,1417.0,139.0,10,1.0,7.016667,Wed,F
J,299.0,263.0,20,0.0,15.466667,Thu,F
J,529.0,221.0,20,131.0,22.216667,Mon,F
J,116.0,310.0,20,3490.0,13.25,Mon,F
H,207.0,602.0,20,0.0,17.466667,Mon,F
H,133.0,367.0,20,69.0,9.416667,Mon,F
N,105.0,1309.0,20,0.0,13.966667,Fri,F
O,308.0,466.0,20,8.0,10.6,Fri,F
N,220.0,1198.0,20,0.0,15.25,Tue,F
F,147.0,965.0,20,110.0,16.283333,Fri,F
M,355.0,706.0,20,0.0,19.433333,Thu,F
O,27.0,110.0,100,0.0,12.283333,Wed,F
N,582.0,675.0,20,16.0,14.25,Mon,F
M,1066.0,408.0,10,0.0,13.566667,Wed,F
C,1410.0,2761.0,10,0.0,10.15,Wed,F
J,717.0,72.0,20,0.0,13.083333,Sun,F
J,578.0,70.0,20,0.0,13.083333,Sun,F
O,353.0,465.0,20,0.0,14.75,Wed,F
M,191.0,79.0,20,287.0,17.766667,Mon,F
H,229.0,671.0,20,69.0,11.116667,Wed,F
J,469.0,75.0,20,0.0,13.066667,Sun,F
O,283.0,462.0,20,2.0,11.216667,Wed,F
H,151.0,395.0,10,1.0,16.166667,Fri,F
O,277.0,466.0,20,10.0,15.416667,Wed,F
H,400.0,359.0,20,354.0,12.016667,Thu,F
M,421.0,23.0,20,0.0,16.983333,Tue,F
H,589.0,646.0,20,16.0,15.266667,Mon,F
J,185.0,338.0,20,0.0,17.533333,Sat,F
M,58.0,507.0,20,0.0,15.183333,Wed,F
N,244.0,665.0,20,0.0,7.866667,Mon,F
M,31.0,1423.0,20,86.0,17.016667,Mon,F
M,167.0,570.0,20,0.0,17.966667,Tue,F
M,160.0,349.0,20,56.0,12.45,Wed,F
M,166.0,545.0,20,0.0,17.416667,Tue,F
J,1065.0,140.0,10,1.0,7.066667,Thu,F
O,304.0,465.0,50,20.0,9.95,Wed,F
H,41.0,127.0,20,0.0,10.65,Fri,F
N,170.0,1176.0,20,109.0,14.466667,Thu,F
O,149.0,117.0,20,1.0,10.416667,Fri,F
O,234.0,437.0,20,217.0,11.15,Wed,F
J,787.0,1114.0,20,8.0,13.933333,Fri,F
N,141.0,938.0,20,20.0,16.783333,Fri,F
O,69.0,134.0,20,0.0,15.483333,Thu,F
M,29.0,354.0,20,0.0,16.133333,Fri,F
J,448.0,243.0,20,0.0,13.95,Tue,F
L,2512.0,11277.0,20,0.0,18.466667,Tue,F
O,534.0,256.0,20,0.0,22.233333,Mon,F
O,34.0,163.0,100,0.0,15.866667,Mon,F
L,223.0,19884.0,20,0.0,15.183333,Tue,F
H,49.0,136.0,20,0.0,17.866667,Fri,F
J,578.0,234.0,20,49.0,14.683333,Mon,F
F,1506.0,716.0,20,55.0,14.066667,Tue,F
J,397.0,718.0,20,0.0,14.116667,Mon,F
O,152.0,139.0,10,0.0,20.166667,Wed,F
J,48.0,707.0,200,0.0,17.766667,Wed,F
I,3681.0,3595.0,20,0.0,8.5,Tue,F
L,174.0,11369.0,100,0.0,13.633333,Fri,F
J,892.0,435.0,20,1.0,16.833333,Fri,F
N,944.0,692.0,20,0.0,0.266667,Thu,F
O,353.0,460.0,20,0.0,15.65,Fri,F
H,146.0,343.0,20,0.0,10.483333,Fri,F
M,273.0,1315.0,20,2.0,13.966667,Wed,F
F,996.0,719.0,20,80.0,13.983333,Tue,F
O,152.0,119.0,20,0.0,10.016667,Fri,F
M,369.0,172.0,20,0.0,20.766667,Thu,F
H,52.0,156.0,20,0.0,14.916667,Wed,F
N,588.0,1549.0,20,10.0,16.183333,Mon,F
A,230.0,544.0,20,0.0,14.933333,Tue,F
H,487.0,393.0,20,99.0,13.6,Thu,F
M,330.0,98.0,20,1.0,11.483333,Thu,F
M,149.0,795.0,20,0.0,11.816667,Fri,F
L,2517.0,11280.0,20,0.0,9.816667,Wed,F
M,563.0,463.0,20,9.0,14.15,Mon,F
J,425.0,75.0,20,0.0,13.083333,Sun,F
J,485.0,69.0,20,0.0,8.566667,Mon,F
M,153.0,534.0,20,0.0,18.283333,Tue,F
H,527.0,751.0,20,12.0,22.233333,Mon,F
J,243.0,276.0,20,224.0,11.316667,Fri,F
I,31.0,17999.0,100,0.0,17.75,Tue,F
O,325.0,29.0,20,61.0,11.466667,Thu,F
O,309.0,195.0,20,0.0,18.8,Tue,F
F,33.0,704.0,100,0.0,16.05,Mon,F
L,2509.0,10438.0,20,0.0,9.75,Wed,F
M,128.0,471.0,20,0.0,16.766667,Fri,F
J,1348.0,134.0,10,1.0,10.033333,Thu,F
M,411.0,432.0,20,0.0,9.983333,Wed,F
M,121.0,846.0,20,0.0,17.183333,Tue,F
H,4510.0,163.0,20,103.0,16.633333,Wed,F
M,456.0,1233.0,20,0.0,1.933333,Fri,F
O,58.0,170.0,20,0.0,16.633333,Fri,F
N,228.0,2868.0,20,0.0,15.216667,Tue,F
O,352.0,468.0,50,0.0,18.683333,Wed,F
M,163.0,847.0,50,0.0,15.583333,Mon,F
N,35.0,418.0,100,0.0,16.133333,Mon,F
N,85.0,1970.0,20,0.0,10.833333,Tue,F
M,38.0,2080.0,20,0.0,14.3,Wed,F
M,533.0,950.0,20,0.0,11.066667,Fri,F
O,360.0,467.0,20,2.0,12.133333,Wed,F
M,59.0,361.0,20,0.0,11.733333,Wed,F
N,1502.0,421.0,20,10.0,14.05,Tue,F
J,431.0,25.0,20,0.0,0.116667,Mon,F
O,244.0,229.0,20,0.0,7.933333,Mon,F
J,338.0,72.0,20,0.0,13.1,Sun,F
H,63.0,195.0,20,0.0,9.833333,Mon,F
J,107.0,10.0,50,0.0,16.8,Mon,F
N,892.0,625.0,20,3238.0,17.533333,Tue,F
O,21.0,113.0,100,0.0,14.45,Wed,F
M,139.0,583.0,20,0.0,16.266667,Fri,F
C,879.0,6238.0,20,0.0,14.8,Mon,F
M,595.0,145.0,20,0.0,15.133333,Fri,F
M,50.0,432.0,20,0.0,0.133333,Fri,F
N,908.0,695.0,20,0.0,0.516667,Tue,F
I,3133.0,45420.0,20,0.0,15.916667,Wed,F
O,230.0,358.0,20,0.0,9.733333,Mon,F
H,279.0,790.0,20,1.0,12.15,Wed,F
F,48.0,3450.0,20,0.0,15.816667,Tue,F
G,238.0,116.0,20,0.0,18.116667,Fri,F
M,151.0,161.0,20,0.0,11.616667,Wed,F
O,354.0,465.0,20,0.0,18.55,Tue,F
O,304.0,467.0,20,5.0,15.2,Fri,F
M,99.0,539.0,20,135.0,16.2,Fri,F
O,74.0,287.0,20,0.0,16.85,Wed,F
O,111.0,38.0,20,0.0,18.566667,Mon,F
M,138.0,790.0,20,27.0,11.816667,Fri,F
M,101.0,2447.0,10,0.0,10.083333,Tue,F
J,696.0,71.0,20,0.0,13.1,Sun,F
G,31.0,155.0,100,0.0,10.866667,Tue,F
J,155.0,329.0,20,516.0,17.866667,Thu,F
H,76.0,233.0,20,0.0,14.016667,Tue,F
H,277.0,799.0,20,0.0,17.066667,Tue,F
N,28.0,409.0,100,0.0,16.033333,Mon,F
N,570.0,464.0,20,167.0,14.133333,Mon,F
N,125.0,2486.0,20,0.0,15.733333,Mon,F
H,143.0,338.0,20,0.0,10.2,Fri,F
J,32.0,699.0,200,0.0,11.25,Thu,F
J,174.0,424.0,20,0.0,13.75,Thu,F
M,236.0,670.0,20,0.0,8.0,Mon,F
O,186.0,40.0,20,2973.0,15.866667,Tue,F
O,278.0,467.0,20,8.0,10.65,Fri,F
L,309.0,11640.0,20,0.0,16.033333,Fri,F
M,44.0,1512.0,20,0.0,12.0,Fri,F
A,237.0,635.0,20,0.0,7.916667,Mon,F
I,5814.0,25002.0,20,0.0,17.266667,Fri,F
O,364.0,463.0,20,0.0,14.733333,Wed,F
H,465.0,533.0,20,0.0,16.35,Mon,F
O,244.0,273.0,20,33.0,11.316667,Fri,F
A,3744.0,191.0,20,1.0,14.65,Wed,F
L,222.0,13412.0,20,0.0,14.766667,Tue,F
I,4515.0,1352.0,20,0.0,16.6,Wed,F
I,780.0,27853.0,20,0.0,13.866667,Fri,F
H,540.0,576.0,20,11.0,13.9,Tue,F
M,531.0,646.0,20,0.0,18.366667,Thu,F
M,108.0,838.0,20,0.0,11.016667,Fri,F
F,229.0,689.0,20,132.0,15.766667,Fri,F
M,235.0,984.0,20,0.0,15.733333,Fri,F
I,288.0,4475.0,200,0.0,17.6,Fri,F
O,357.0,469.0,20,0.0,18.65,Tue,F
O,45.0,414.0,20,40.0,12.25,Wed,F
J,187.0,405.0,20,91.0,16.716667,Fri,F
J,171.0,324.0,20,0.0,15.883333,Fri,F
J,572.0,75.0,20,0.0,13.1,Sun,F
M,458.0,456.0,20,0.0,16.216667,Tue,F
O,363.0,437.0,50,268.0,10.683333,Wed,F
J,210.0,369.0,20,0.0,16.0,Thu,F
L,30.0,21964.0,100,0.0,10.533333,Thu,F
H,42.0,131.0,20,0.0,12.0,Fri,F
C,284.0,3659.0,200,0.0,17.6,Fri,F
O,64.0,274.0,20,0.0,9.383333,Wed,F
G,1341.0,134.0,20,1.0,10.966667,Thu,F
H,110.0,310.0,20,59.0,21.533333,Wed,F
H,535.0,741.0,20,0.0,12.533333,Wed,F
J,462.0,245.0,20,0.0,13.966667,Tue,F
N,221.0,2859.0,20,0.0,15.233333,Tue,F
J,336.0,73.0,20,18.0,13.1,Sun,F
M,230.0,775.0,20,46.0,11.316667,Fri,F
J,349.0,77.0,200,0.0,14.9,Fri,F
O,74.0,440.0,20,0.0,18.383333,Thu,F
N,197.0,1225.0,20,0.0,19.6,Mon,F
J,480.0,1417.0,20,0.0,14.516667,Mon,F
H,2411.0,415.0,20,1.0,11.25,Thu,F
J,233.0,180.0,200,0.0,17.833333,Fri,F
J,917.0,21.0,10,4.0,9.283333,Thu,F
N,587.0,540.0,20,0.0,15.483333,Tue,F
J,230.0,437.0,20,213.0,11.15,Wed,F
G,1055.0,126.0,10,164.0,10.666667,Thu,F
O,307.0,463.0,20,0.0,15.183333,Fri,F
O,108.0,118.0,20,188.0,10.8,Wed,F
O,200.0,139.0,20,32.0,10.55,Mon,F
O,240.0,27.0,20,57.0,11.383333,Fri,F
N,275.0,634.0,20,328.0,17.75,Mon,F
O,47.0,370.0,20,2.0,13.883333,Tue,F
H,3739.0,193.0,20,127.0,14.733333,Wed,F
O,266.0,465.0,20,0.0,15.45,Wed,F
O,367.0,469.0,20,67.0,12.166667,Wed,F
N,130.0,840.0,20,189.0,17.183333,Tue,F
J,175.0,379.0,100,0.0,13.566667,Fri,F
M,293.0,1351.0,20,1.0,16.233333,Wed,F
M,789.0,3346.0,20,0.0,18.033333,Wed,F
M,542.0,431.0,20,0.0,11.433333,Wed,F
H,480.0,400.0,20,0.0,9.75,Mon,F
J,117.0,945.0,20,0.0,7.433333,Thu,F
M,90.0,525.0,20,0.0,17.833333,Tue,F
O,353.0,460.0,20,0.0,17.2,Wed,F
O,47.0,374.0,20,116.0,10.65,Tue,F
O,419.0,40.0,20,81.0,9.366667,Tue,F
M,243.0,1059.0,20,0.0,12.466667,Fri,F
C,3776.0,762.0,20,0.0,7.0,Tue,F
O,353.0,464.0,50,0.0,16.783333,Mon,F
O,313.0,464.0,50,4.0,14.383333,Tue,F
G,1063.0,224.0,10,0.0,14.266667,Mon,F
M,46.0,452.0,20,0.0,16.15,Fri,F
O,426.0,37.0,20,0.0,14.7,Tue,F
J,181.0,421.0,20,127.0,14.45,Thu,F
J,719.0,69.0,20,0.0,13.083333,Sun,F
M,411.0,352.0,20,0.0,2.866667,Sat,F
N,949.0,691.0,20,0.0,0.383333,Tue,F
O,435.0,360.0,20,26.0,16.533333,Wed,F
L,3675.0,2958.0,20,0.0,11.666667,Wed,F
N,405.0,63.0,20,3.0,9.8,Fri,F
J,41.0,697.0,200,0.0,11.2,Thu,F
H,146.0,57.0,10,0.0,16.883333,Fri,F
N,141.0,4336.0,20,0.0,7.966667,Thu,F
L,299.0,10984.0,20,0.0,15.533333,Fri,F
H,269.0,781.0,20,9.0,14.0,Wed,F
O,294.0,462.0,20,0.0,14.05,Fri,F
G,537.0,215.0,20,130.0,22.216667,Mon,F
N,22.0,571.0,100,0.0,8.85,Wed,F
J,91.0,10.0,50,0.0,17.416667,Mon,F
H,249.0,691.0,20,0.0,12.5,Fri,F
J,475.0,73.0,20,0.0,13.066667,Sun,F
O,289.0,466.0,20,0.0,18.966667,Thu,F
N,265.0,1297.0,20,0.0,13.983333,Wed,F
E,883.0,269.0,20,0.0,17.55,Tue,F
H,99.0,301.0,20,0.0,13.833333,Tue,F
O,48.0,221.0,20,0.0,10.783333,Fri,F
H,78.0,196.0,20,0.0,16.516667,Wed,F
O,1503.0,144.0,20,8.0,14.116667,Tue,F
I,166.0,8970.0,100,0.0,13.583333,Fri,F
M,145.0,297.0,20,14.0,13.783333,Wed,F
N,1006.0,426.0,20,34.0,13.966667,Tue,F
N,869.0,1391.0,50,0.0,17.35,Wed,F
O,356.0,439.0,20,0.0,13.55,Fri,F
J,39.0,700.0,200,0.0,17.866667,Wed,F
O,300.0,459.0,50,12.0,10.016667,Wed,F
L,83.0,11608.0,50,0.0,13.15,Thu,F
J,220.0,54.0,20,500.0,17.733333,Fri,F
G,4512.0,50.0,20,5.0,16.6,Wed,F
N,20.0,564.0,100,0.0,8.85,Wed,F
N,25.0,537.0,100,0.0,16.45,Tue,F
L,313.0,15394.0,20,0.0,14.616667,Fri,F
J,661.0,71.0,20,0.0,13.1,Sun,F
M,270.0,1307.0,20,2.0,12.083333,Wed,F
L,364.0,5823.0,50,0.0,11.0,Fri,F
H,124.0,333.0,20,0.0,16.516667,Fri,F
O,300.0,466.0,50,4.0,14.45,Tue,F
J,329.0,325.0,20,220.0,15.15,Fri,F
O,305.0,478.0,20,2.0,14.533333,Fri,F
J,590.0,544.0,20,11.0,16.233333,Mon,F
O,366.0,464.0,20,1.0,10.683333,Thu,F
M,30.0,491.0,20,0.0,16.066667,Mon,F
M,95.0,2335.0,10,0.0,9.233333,Tue,F
N,24.0,548.0,100,0.0,8.866667,Wed,F
J,1409.0,136.0,10,0.0,18.666667,Tue,F
F,60.0,627.0,20,0.0,15.483333,Thu,F
O,298.0,93.0,20,1.0,12.316667,Wed,F
J,197.0,383.0,20,0.0,16.9,Mon,F
N,147.0,781.0,20,346.0,11.816667,Fri,F
J,457.0,242.0,20,0.0,13.966667,Tue,F
H,110.0,330.0,20,1.0,12.533333,Mon,F
M,94.0,1052.0,20,0.0,15.966667,Tue,F
M,59.0,1533.0,20,0.0,16.166667,Fri,F
M,875.0,1384.0,50,0.0,17.3,Wed,F
M,105.0,478.0,20,13.0,14.05,Mon,F
O,287.0,470.0,20,0.0,10.6,Fri,F
J,358.0,257.0,20,0.0,18.4,Fri,F
O,480.0,146.0,20,0.0,14.216667,Thu,F
O,357.0,462.0,50,42.0,10.633333,Wed,F
J,145.0,635.0,20,0.0,21.0,Wed,F
J,1415.0,142.0,10,0.0,20.55,Tue,F
I,424.0,45628.0,20,0.0,11.016667,Fri,F
J,301.0,485.0,20,8.0,14.533333,Fri,F
J,560.0,163.0,40,96.0,15.216667,Mon,F
O,286.0,466.0,20,0.0,18.916667,Thu,F
O,272.0,461.0,20,0.0,13.183333,Thu,F
N,230.0,1203.0,20,0.0,15.233333,Tue,F
M,144.0,914.0,50,0.0,10.733333,Mon,F
G,235.0,389.0,20,55.0,13.816667,Tue,F
H,178.0,510.0,20,0.0,13.833333,Thu,F
H,889.0,61.0,20,3134.0,17.5,Tue,F
O,44.0,248.0,20,0.0,12.266667,Fri,F
O,288.0,471.0,20,0.0,18.983333,Thu,F
I,2504.0,22096.0,20,0.0,12.133333,Wed,F
O,266.0,461.0,20,0.0,14.233333,Wed,F
J,184.0,331.0,20,0.0,23.2,Sat,F
M,191.0,603.0,20,1.0,17.95,Mon,F
J,4952.0,18.0,20,0.0,10.133333,Thu,F
N,330.0,99.0,20,188.0,11.466667,Thu,F
F,464.0,493.0,11,3.0,16.366667,Thu,F
M,30.0,507.0,20,0.0,15.95,Thu,F
J,470.0,73.0,20,0.0,13.1,Sun,F
J,670.0,69.0,20,0.0,13.083333,Sun,F
M,400.0,97.0,20,1.0,10.6,Thu,F
J,100.0,803.0,20,0.0,13.916667,Mon,F
O,77.0,10.0,20,0.0,17.433333,Thu,F
M,236.0,1264.0,20,0.0,14.866667,Tue,F
I,14097.0,375.0,20,0.0,16.35,Wed,F
H,89.0,235.0,20,0.0,13.366667,Tue,F
O,318.0,472.0,20,0.0,10.833333,Fri,F
O,390.0,718.0,20,11.0,14.15,Mon,F
O,38.0,115.0,100,0.0,10.7,Wed,F
M,580.0,680.0,20,0.0,10.716667,Tue,F
H,559.0,464.0,20,10.0,13.55,Mon,F
J,1061.0,138.0,10,0.0,13.533333,Wed,F
J,1406.0,140.0,10,0.0,22.216667,Tue,F
L,4511.0,1103.0,20,0.0,16.6,Wed,F
F,98.0,910.0,20,376.0,16.216667,Fri,F
O,367.0,465.0,20,0.0,18.366667,Tue,F
O,358.0,476.0,20,0.0,18.7,Thu,F
J,269.0,459.0,20,2.0,11.616667,Wed,F
O,292.0,466.0,20,0.0,19.266667,Thu,F
O,285.0,469.0,20,0.0,19.066667,Thu,F
O,313.0,459.0,20,0.0,15.15,Fri,F
O,46.0,418.0,20,64.0,12.166667,Wed,F
N,31.0,279.0,100,0.0,10.283333,Thu,F
J,1064.0,142.0,10,4.0,7.066667,Thu,F
N,170.0,1468.0,20,75.0,15.716667,Tue,F
M,48.0,370.0,20,0.0,17.25,Tue,F
M,459.0,426.0,20,0.0,6.15,Fri,F
M,236.0,1353.0,20,185.0,13.833333,Tue,F
O,790.0,89.0,20,0.0,16.416667,Mon,F
M,328.0,1352.0,20,15.0,15.55,Thu,F
N,155.0,898.0,20,296.0,17.866667,Thu,F
M,52.0,431.0,20,0.0,0.116667,Wed,F
O,361.0,433.0,50,34.0,10.7,Wed,F
J,1065.0,142.0,10,1.0,13.066667,Mon,F
O,306.0,463.0,50,193.0,14.5,Tue,F
I,781.0,27849.0,20,0.0,14.266667,Fri,F
O,129.0,158.0,20,0.0,16.783333,Fri,F
F,27.0,774.0,100,0.0,15.85,Mon,F
G,3251.0,209.0,20,33.0,8.55,Mon,F
O,47.0,230.0,20,0.0,11.483333,Tue,F
A,120.0,338.0,20,3340.0,13.25,Mon,F
J,616.0,70.0,20,0.0,13.1,Sun,F
H,154.0,57.0,10,1.0,10.9,Thu,F
O,359.0,462.0,50,174.0,10.633333,Wed,F
H,537.0,740.0,20,7.0,7.716667,Fri,F
M,161.0,231.0,20,0.0,20.9,Mon,F
M,169.0,677.0,50,0.0,9.916667,Wed,F
M,159.0,836.0,20,1.0,8.583333,Fri,F
O,337.0,474.0,20,19.0,11.833333,Fri,F
M,61.0,430.0,20,0.0,0.133333,Fri,F
J,1057.0,143.0,10,3.0,12.716667,Thu,F
J,1412.0,138.0,10,5.0,10.983333,Wed,F
G,459.0,55.0,10,3.0,11.633333,Tue,F
J,185.0,374.0,20,0.0,21.166667,Mon,F
I,233.0,26350.0,20,0.0,12.85,Fri,F
O,264.0,454.0,20,0.0,16.783333,Tue,F
O,308.0,459.0,50,0.0,9.916667,Wed,F
G,570.0,140.0,20,169.0,14.133333,Mon,F
O,167.0,420.0,20,65.0,15.833333,Thu,F
N,560.0,470.0,20,38.0,15.216667,Mon,F
J,786.0,31.0,20,100.0,21.716667,Tue,F
G,453.0,60.0,10,3.0,9.9,Tue,F
O,362.0,465.0,20,0.0,14.783333,Wed,F
O,119.0,165.0,20,29.0,16.5,Fri,F
H,38.0,124.0,20,0.0,15.5,Tue,F
J,52.0,533.0,50,0.0,15.583333,Fri,F
H,64.0,195.0,20,0.0,10.166667,Mon,F
J,101.0,10.0,50,0.0,16.533333,Mon,F
N,460.0,99.0,20,12.0,15.566667,Mon,F
J,225.0,399.0,20,75.0,16.6,Fri,F
J,1066.0,136.0,10,0.0,13.683333,Wed,F
M,30.0,490.0,20,0.0,11.033333,Wed,F
I,38.0,4646.0,100,0.0,10.85,Tue,F
O,362.0,475.0,20,0.0,10.583333,Fri,F
O,361.0,434.0,50,0.0,11.3,Wed,F
J,78.0,672.0,20,245.0,10.833333,Tue,F
O,354.0,466.0,50,0.0,13.066667,Wed,F
M,231.0,1249.0,20,16.0,10.3,Wed,F
O,324.0,476.0,20,0.0,18.45,Thu,F
M,402.0,429.0,20,0.0,13.583333,Mon,F
O,318.0,475.0,20,0.0,11.816667,Fri,F
O,101.0,10.0,20,0.0,16.55,Mon,F
N,98.0,550.0,20,31.0,16.2,Fri,F
N,280.0,637.0,20,362.0,17.766667,Mon,F
J,489.0,76.0,20,0.0,13.083333,Sun,F
M,103.0,366.0,20,0.0,21.533333,Wed,F
M,33.0,372.0,20,0.0,11.016667,Wed,F
L,3742.0,1300.0,20,0.0,14.666667,Wed,F
O,307.0,456.0,50,21.0,14.4,Tue,F
O,39.0,418.0,20,0.0,17.933333,Tue,F
M,295.0,932.0,20,0.0,18.683333,Mon,F
J,103.0,190.0,20,379.0,16.216667,Fri,F
N,937.0,695.0,20,0.0,0.283333,Fri,F
O,355.0,464.0,20,0.0,15.383333,Fri,F
M,47.0,510.0,20,0.0,17.483333,Fri,F
O,152.0,320.0,20,141.0,17.85,Thu,F
J,453.0,75.0,20,0.0,13.116667,Sun,F
A,467.0,663.0,20,22.0,19.683333,Mon,F
A,326.0,895.0,20,21.0,15.15,Fri,F
H,43.0,139.0,20,0.0,17.433333,Fri,F
N,20.0,549.0,100,0.0,8.883333,Wed,F
O,290.0,461.0,20,0.0,15.4,Wed,F
G,447.0,230.0,20,0.0,14.8,Tue,F
I,5816.0,12472.0,20,0.0,15.083333,Fri,F
O,67.0,149.0,20,0.0,20.7,Wed,F
I,464.0,5104.0,20,0.0,14.25,Wed,VF
J,321.0,29.0,20,0.0,21.066667,Sun,VF
N,950.0,691.0,20,0.0,0.416667,Tue,VF
F,55.0,514.0,20,0.0,10.75,Wed,VF
J,275.0,358.0,20,0.0,18.25,Mon,VF
J,431.0,26.0,20,0.0,21.083333,Sun,VF
I,358.0,1397.0,20,0.0,20.683333,Thu,VF
F,23.0,362.0,20,0.0,10.233333,Fri,VF
J,180.0,501.0,20,0.0,4.966667,Wed,VF
N,36.0,94.0,20,0.0,11.366667,Thu,VF
J,49.0,704.0,100,0.0,15.283333,Wed,VF
I,228.0,1398.0,20,0.0,17.6,Fri,VF
J,250.0,149.0,20,0.0,10.733333,Fri,VF
J,66.0,256.0,20,0.0,10.95,Tue,VF
I,308.0,674.0,20,0.0,13.4,Tue,VF
F,152.0,589.0,20,64.0,16.266667,Wed,VF
J,254.0,173.0,20,1.0,16.416667,Thu,VF
F,45.0,2526.0,20,46.0,11.983333,Fri,VF
C,305.0,9464.0,20,0.0,16.266667,Wed,VF
N,28.0,276.0,20,0.0,16.15,Wed,VF
I,234.0,800.0,20,0.0,11.383333,Fri,VF
D,885.0,57.0,20,0.0,17.766667,Tue,VF
L,23.0,5639.0,20,0.0,11.033333,Wed,VF
L,334.0,1017.0,20,0.0,11.45,Thu,VF
D,33.0,16.0,20,0.0,10.983333,Wed,VF
G,538.0,186.0,20,0.0,13.866667,Tue,VF
J,173.0,1417.0,20,0.0,5.0,Wed,VF
N,415.0,1134.0,20,16.0,13.616667,Tue,VF
N,406.0,432.0,20,0.0,10.916667,Mon,VF
E,180.0,173.0,20,0.0,15.816667,Thu,VF
I,460.0,6150.0,20,0.0,19.633333,Mon,VF
D,28.0,27.0,20,0.0,10.266667,Wed,VF
J,94.0,270.0,20,0.0,5.783333,Tue,VF
I,53.0,7997.0,20,0.0,13.6,Fri,VF
N,147.0,57.0,20,0.0,8.533333,Thu,VF
M,137.0,117.0,20,0.0,9.566667,Mon,VF
I,490.0,3328.0,20,0.0,13.583333,Thu,VF
F,57.0,622.0,20,0.0,17.266667,Tue,VF
N,80.0,31.0,10,0.0,9.383333,Thu,VF
D,20.0,10.0,20,0.0,8.566667,Wed,VF
N,161.0,543.0,20,0.0,17.3,Tue,VF
N,45.0,289.0,20,0.0,10.283333,Fri,VF
O,228.0,98.0,10,0.0,16.05,Fri,VF
C,1056.0,2783.0,10,0.0,5.8,Thu,VF
N,408.0,89.0,20,0.0,12.2,Thu,VF
J,29.0,734.0,100,0.0,10.483333,Thu,VF
J,101.0,42.0,20,0.0,18.233333,Thu,VF
J,97.0,308.0,20,0.0,15.633333,Tue,VF
M,145.0,229.0,20,0.0,13.233333,Wed,VF
N,46.0,411.0,20,0.0,16.333333,Fri,VF
J,119.0,67.0,20,0.0,9.783333,Wed,VF
I,143.0,2947.0,20,0.0,16.583333,Wed,VF
N,719.0,788.0,20,0.0,8.883333,Fri,VF
N,459.0,711.0,20,0.0,13.916667,Tue,VF
J,85.0,166.0,20,0.0,13.833333,Wed,VF
I,566.0,3321.0,10,0.0,8.5,Fri,VF
J,67.0,259.0,20,0.0,10.633333,Tue,VF
N,141.0,17.0,20,0.0,9.533333,Mon,VF
J,258.0,79.0,50,0.0,16.35,Fri,VF
L,32.0,3387.0,20,0.0,9.233333,Wed,VF
J,45.0,708.0,20,0.0,14.233333,Wed,VF
J,243.0,357.0,20,0.0,11.6,Mon,VF
L,76.0,204.0,20,0.0,17.416667,Thu,VF
C,155.0,2001.0,20,0.0,13.766667,Wed,VF
C,410.0,61.0,20,0.0,12.5,Thu,VF
A,27.0,74.0,20,0.0,10.45,Wed,VF
F,104.0,742.0,20,0.0,16.416667,Fri,VF
N,308.0,1542.0,20,0.0,18.216667,Fri,VF
N,107.0,364.0,20,161.0,21.533333,Wed,VF
M,199.0,604.0,20,59.0,17.95,Mon,VF
I,93.0,952.0,20,0.0,15.95,Wed,VF
D,55.0,11.0,20,0.0,12.866667,Thu,VF
J,87.0,1389.0,20,0.0,9.716667,Tue,VF
I,34.0,1278.0,100,0.0,8.866667,Thu,VF
J,360.0,56.0,20,0.0,13.233333,Fri,VF
N,306.0,1040.0,20,0.0,15.566667,Fri,VF
N,26.0,397.0,20,0.0,10.983333,Wed,VF
F,104.0,528.0,20,4.0,16.216667,Wed,VF
C,531.0,6441.0,20,0.0,14.816667,Thu,VF
N,589.0,679.0,20,0.0,10.666667,Tue,VF
J,392.0,141.0,20,0.0,10.6,Mon,VF
I,434.0,1027.0,20,0.0,14.916667,Tue,VF
J,143.0,330.0,20,51.0,10.65,Mon,VF
E,789.0,30.0,20,0.0,21.666667,Tue,VF
D,20.0,10.0,20,0.0,8.366667,Wed,VF
D,20.0,10.0,20,0.0,13.216667,Tue,VF
J,79.0,562.0,20,0.0,15.583333,Mon,VF
D,60.0,61.0,20,0.0,15.45,Thu,VF
O,95.0,109.0,20,1.0,10.116667,Fri,VF
F,333.0,166.0,20,42.0,11.45,Thu,VF
J,136.0,56.0,20,309.0,9.516667,Mon,VF
H,20.0,14.0,20,0.0,17.2,Thu,VF
L,35.0,1803.0,100,0.0,8.866667,Thu,VF
J,53.0,174.0,20,0.0,17.466667,Fri,VF
F,97.0,533.0,20,32.0,10.15,Fri,VF
L,467.0,3235.0,20,0.0,15.683333,Wed,VF
A,415.0,83.0,20,0.0,20.366667,Mon,VF
J,184.0,64.0,20,0.0,14.116667,Mon,VF
J,124.0,304.0,20,45.0,17.166667,Tue,VF
N,591.0,678.0,20,1.0,11.766667,Tue,VF
J,145.0,55.0,20,0.0,11.55,Wed,VF
F,102.0,814.0,20,23.0,16.75,Fri,VF
I,174.0,9951.0,20,0.0,15.816667,Thu,VF
E,63.0,71.0,20,0.0,14.116667,Wed,VF
I,123.0,3926.0,20,0.0,16.5,Fri,VF
F,25.0,242.0,100,0.0,8.866667,Thu,VF
G,106.0,64.0,20,0.0,17.95,Tue,VF
M,30.0,10.0,20,0.0,11.65,Thu,VF
J,428.0,57.0,20,0.0,14.283333,Mon,VF
L,128.0,4949.0,20,0.0,16.516667,Fri,VF
D,20.0,15.0,20,0.0,16.833333,Fri,VF
N,559.0,461.0,20,0.0,16.45,Wed,VF
I,359.0,5949.0,20,0.0,19.366667,Thu,VF
F,156.0,570.0,20,94.0,10.883333,Wed,VF
D,20.0,10.0,20,0.0,10.85,Wed,VF
J,592.0,167.0,20,0.0,20.65,Thu,VF
I,77.0,6548.0,20,0.0,16.8,Wed,VF
J,116.0,439.0,20,0.0,7.966667,Sat,VF
A,69.0,201.0,20,0.0,15.866667,Wed,VF
N,135.0,676.0,20,0.0,15.75,Wed,VF
J,232.0,118.0,20,0.0,17.266667,Fri,VF
E,65.0,60.0,20,0.0,9.35,Wed,VF
I,253.0,2976.0,20,0.0,11.4,Wed,VF
I,2524.0,1102.0,20,0.0,18.416667,Mon,VF
J,340.0,28.0,20,0.0,21.133333,Sun,VF
J,217.0,418.0,20,0.0,9.85,Tue,VF
D,293.0,10.0,20,0.0,9.916667,Mon,VF
J,76.0,10.0,20,0.0,19.083333,Wed,VF
J,218.0,32.0,20,0.0,8.0,Tue,VF
I,81.0,13450.0,20,0.0,8.416667,Fri,VF
J,147.0,149.0,20,0.0,4.45,Fri,VF
J,104.0,412.0,20,0.0,8.25,Sat,VF
J,307.0,16.0,10,2.0,17.133333,Fri,VF
L,49.0,6604.0,20,0.0,10.716667,Fri,VF
C,465.0,2119.0,20,0.0,19.35,Mon,VF
J,301.0,24.0,20,2.0,16.416667,Wed,VF
J,127.0,438.0,20,0.0,7.5,Sat,VF
J,66.0,118.0,20,0.0,13.516667,Tue,VF
N,396.0,365.0,20,340.0,12.45,Thu,VF
G,299.0,82.0,20,1.0,12.6,Wed,VF
N,221.0,546.0,20,0.0,11.416667,Tue,VF
D,20.0,12.0,20,0.0,10.933333,Wed,VF
J,77.0,10.0,20,0.0,14.2,Thu,VF
G,354.0,421.0,20,0.0,16.8,Tue,VF
J,194.0,10.0,20,11.0,11.45,Mon,VF
J,31.0,108.0,20,0.0,9.233333,Wed,VF
C,152.0,10656.0,20,0.0,12.95,Wed,VF
H,331.0,104.0,20,1.0,11.45,Thu,VF
N,157.0,346.0,20,30.0,16.266667,Wed,VF
G,541.0,140.0,20,0.0,10.583333,Wed,VF
D,184.0,74.0,20,0.0,9.5,Thu,VF
D,895.0,267.0,20,0.0,17.516667,Tue,VF
N,257.0,342.0,20,1.0,11.233333,Wed,VF
J,181.0,32.0,20,0.0,5.016667,Wed,VF
J,911.0,21.0,10,3.0,15.183333,Tue,VF
I,368.0,620.0,20,0.0,20.1,Thu,VF
J,133.0,511.0,10,0.0,16.166667,Tue,VF
G,150.0,94.0,20,0.0,13.766667,Wed,VF
J,533.0,263.0,20,0.0,12.533333,Wed,VF
C,136.0,2520.0,20,0.0,9.5,Mon,VF
I,75.0,8075.0,20,0.0,15.216667,Mon,VF
I,108.0,8254.0,10,0.0,13.6,Thu,VF
J,277.0,24.0,20,0.0,13.916667,Fri,VF
I,97.0,2701.0,20,0.0,16.2,Wed,VF
N,147.0,392.0,10,1.0,16.916667,Tue,VF
E,328.0,35.0,20,0.0,13.783333,Mon,VF
I,1747.0,12826.0,20,0.0,12.566667,Tue,VF
J,60.0,385.0,50,20.0,15.15,Tue,VF
J,481.0,37.0,10,0.0,12.833333,Mon,VF
H,143.0,344.0,20,0.0,16.583333,Wed,VF
J,188.0,60.0,20,0.0,18.216667,Tue,VF
I,98.0,2700.0,20,0.0,10.116667,Fri,VF
N,1067.0,407.0,10,1.0,8.633333,Thu,VF
J,26.0,60.0,100,0.0,8.866667,Thu,VF
D,38.0,32.0,100,0.0,10.0,Thu,VF
J,86.0,10.0,50,0.0,17.016667,Mon,VF
J,67.0,12.0,20,0.0,18.133333,Wed,VF
J,397.0,32.0,20,0.0,21.216667,Sun,VF
J,531.0,75.0,20,0.0,13.083333,Sun,VF
J,333.0,24.0,20,0.0,21.066667,Sun,VF
I,231.0,9204.0,20,0.0,14.2,Tue,VF
N,166.0,586.0,20,0.0,17.916667,Tue,VF
F,155.0,565.0,20,0.0,10.0,Fri,VF
I,417.0,846.0,10,0.0,16.85,Thu,VF
I,361.0,5971.0,20,0.0,19.65,Thu,VF
J,280.0,10.0,20,2.0,18.9,Thu,VF
D,34.0,10.0,20,0.0,15.616667,Fri,VF
J,107.0,395.0,10,0.0,7.766667,Sun,VF
J,529.0,118.0,20,0.0,10.65,Wed,VF
J,91.0,10.0,20,0.0,13.116667,Thu,VF
I,602.0,1220.0,20,0.0,15.033333,Fri,VF
N,406.0,91.0,20,0.0,11.516667,Thu,VF
D,410.0,30.0,20,0.0,10.55,Thu,VF
J,20.0,440.0,20,0.0,17.2,Thu,VF
J,166.0,36.0,20,0.0,1.383333,Thu,VF
I,235.0,6048.0,20,0.0,13.6,Wed,VF
G,47.0,41.0,20,0.0,15.933333,Mon,VF
C,536.0,4358.0,20,0.0,22.216667,Mon,VF
I,776.0,2198.0,20,0.0,16.25,Mon,VF
G,307.0,42.0,20,2.0,13.883333,Wed,VF
I,95.0,3523.0,20,0.0,13.816667,Tue,VF
J,196.0,81.0,20,2.0,12.516667,Tue,VF
J,301.0,22.0,20,0.0,14.9,Thu,VF
J,153.0,43.0,20,0.0,15.633333,Tue,VF
G,399.0,29.0,20,0.0,9.7,Thu,VF
E,21.0,23.0,20,0.0,9.9,Fri,VF
J,91.0,10.0,20,0.0,19.083333,Wed,VF
D,105.0,104.0,20,0.0,10.983333,Fri,VF
G,1411.0,130.0,10,1.0,6.983333,Wed,VF
J,103.0,110.0,20,0.0,10.116667,Fri,VF
I,36.0,4749.0,100,0.0,10.8,Tue,VF
C,143.0,2504.0,20,0.0,17.4,Thu,VF
N,1067.0,280.0,10,1.0,5.366667,Fri,VF
C,87.0,3623.0,20,0.0,17.766667,Tue,VF
L,449.0,4818.0,20,0.0,13.933333,Tue,VF
J,197.0,64.0,20,0.0,12.083333,Sun,VF
E,50.0,45.0,20,0.0,11.95,Fri,VF
G,86.0,16.0,11,0.0,13.266667,Tue,VF
L,137.0,138.0,20,0.0,9.533333,Mon,VF
L,328.0,1018.0,20,0.0,13.766667,Mon,VF
J,387.0,57.0,20,0.0,16.833333,Tue,VF
D,27.0,27.0,100,0.0,8.85,Thu,VF
H,28.0,62.0,20,0.0,9.95,Thu,VF
J,221.0,417.0,20,0.0,15.25,Tue,VF
G,159.0,225.0,20,38.0,17.483333,Tue,VF
L,27.0,2519.0,20,0.0,10.666667,Wed,VF
J,61.0,68.0,20,0.0,17.766667,Tue,VF
I,537.0,4796.0,20,0.0,13.85,Tue,VF
D,41.0,10.0,10,0.0,11.75,Thu,VF
J,212.0,303.0,20,0.0,13.766667,Thu,VF
J,319.0,478.0,20,0.0,15.566667,Thu,VF
D,228.0,204.0,20,0.0,9.833333,Tue,VF
J,232.0,265.0,20,0.0,13.6,Wed,VF
J,152.0,83.0,20,0.0,4.65,Fri,VF
N,20.0,301.0,20,0.0,11.266667,Wed,VF
J,79.0,73.0,20,0.0,16.7,Tue,VF
N,123.0,529.0,20,0.0,14.133333,Mon,VF
I,49.0,17279.0,20,0.0,15.75,Tue,VF
N,466.0,668.0,20,2.0,17.7,Mon,VF
E,32.0,17.0,20,0.0,16.45,Wed,VF
C,263.0,9155.0,20,0.0,11.733333,Wed,VF
J,342.0,31.0,20,0.0,21.066667,Sun,VF
J,444.0,29.0,20,0.0,21.1,Sun,VF
N,590.0,673.0,20,0.0,10.533333,Tue,VF
C,532.0,3837.0,20,0.0,13.866667,Tue,VF
J,430.0,125.0,20,0.0,14.35,Mon,VF
L,49.0,3416.0,20,0.0,16.183333,Wed,VF
G,1068.0,131.0,10,1.0,13.516667,Wed,VF
J,400.0,75.0,20,0.0,13.05,Sun,VF
J,280.0,59.0,20,2.0,12.55,Fri,VF
J,306.0,32.0,20,0.0,21.066667,Sun,VF
I,110.0,3077.0,20,0.0,21.516667,Wed,VF
N,49.0,600.0,20,0.0,10.616667,Fri,VF
F,777.0,435.0,20,17.0,16.25,Mon,VF
E,70.0,60.0,20,0.0,10.083333,Mon,VF
I,20.0,671.0,10,0.0,17.766667,Mon,VF
L,152.0,2610.0,20,0.0,5.266667,Fri,VF
J,200.0,453.0,20,0.0,6.6,Tue,VF
D,22.0,10.0,20,0.0,6.6,Wed,VF
D,790.0,781.0,20,0.0,17.866667,Wed,VF
L,141.0,781.0,20,0.0,9.583333,Mon,VF
J,190.0,141.0,20,0.0,22.7,Sat,VF
N,592.0,421.0,20,0.0,13.65,Tue,VF
I,102.0,1171.0,20,0.0,18.533333,Thu,VF
I,72.0,6176.0,20,0.0,16.483333,Wed,VF
D,165.0,168.0,100,0.0,13.566667,Fri,VF
A,395.0,92.0,20,0.0,12.266667,Thu,VF
F,46.0,743.0,20,0.0,16.166667,Fri,VF
N,553.0,472.0,20,0.0,14.583333,Thu,VF
J,177.0,20.0,20,0.0,4.833333,Wed,VF
I,137.0,174.0,20,0.0,9.516667,Mon,VF
N,190.0,624.0,20,0.0,13.55,Wed,VF
O,98.0,119.0,20,126.0,9.983333,Fri,VF
O,230.0,91.0,10,0.0,15.333333,Wed,VF
N,25.0,329.0,20,0.0,9.233333,Wed,VF
C,143.0,6644.0,20,0.0,10.65,Mon,VF
M,159.0,1003.0,20,0.0,18.383333,Thu,VF
C,472.0,2843.0,20,0.0,6.133333,Fri,VF
D,437.0,427.0,20,0.0,13.033333,Mon,VF
O,146.0,133.0,10,2.0,9.066667,Fri,VF
E,60.0,45.0,20,0.0,13.133333,Wed,VF
H,192.0,341.0,20,1.0,10.5,Mon,VF
F,21.0,147.0,20,0.0,11.0,Wed,VF
J,367.0,59.0,20,0.0,16.466667,Fri,VF
J,43.0,278.0,20,0.0,17.116667,Thu,VF
N,129.0,82.0,20,7.0,15.266667,Thu,VF
J,143.0,10.0,20,62.0,9.533333,Mon,VF
N,1054.0,278.0,10,1.0,5.366667,Fri,VF
J,89.0,798.0,20,0.0,20.216667,Tue,VF
I,128.0,12071.0,20,0.0,10.033333,Fri,VF
D,20.0,10.0,10,0.0,17.55,Tue,VF
G,232.0,342.0,20,35.0,14.133333,Tue,VF
J,44.0,173.0,20,0.0,16.6,Fri,VF
J,53.0,141.0,20,0.0,16.35,Fri,VF
J,298.0,476.0,20,0.0,16.216667,Wed,VF
D,995.0,144.0,20,0.0,13.95,Tue,VF
N,44.0,505.0,20,0.0,16.6,Fri,VF
J,387.0,70.0,20,0.0,13.116667,Sun,VF
L,147.0,5936.0,20,0.0,18.7,Tue,VF
J,20.0,139.0,20,0.0,12.316667,Wed,VF
L,463.0,5315.0,20,0.0,19.683333,Mon,VF
J,227.0,16.0,20,0.0,14.616667,Tue,VF
J,239.0,24.0,20,0.0,15.483333,Tue,VF
I,69.0,2729.0,20,0.0,15.616667,Tue,VF
L,80.0,5658.0,20,0.0,16.8,Wed,VF
C,96.0,2242.0,20,0.0,14.166667,Tue,VF
H,158.0,341.0,20,51.0,10.016667,Fri,VF
D,382.0,167.0,20,0.0,14.516667,Tue,VF
D,430.0,10.0,20,0.0,16.666667,Mon,VF
G,149.0,426.0,20,19.0,7.966667,Fri,VF
L,39.0,9001.0,100,0.0,15.8,Thu,VF
I,51.0,78.0,20,0.0,14.5,Thu,VF
N,91.0,526.0,20,0.0,17.783333,Tue,VF
D,104.0,36.0,20,0.0,18.55,Mon,VF
J,226.0,470.0,20,0.0,15.333333,Tue,VF
D,145.0,112.0,20,0.0,16.566667,Wed,VF
J,152.0,295.0,20,14.0,11.483333,Fri,VF
G,1406.0,135.0,10,7.0,18.65,Tue,VF
D,20.0,10.0,20,0.0,13.783333,Tue,VF
J,32.0,186.0,100,0.0,16.15,Tue,VF
I,45.0,5145.0,20,0.0,10.466667,Fri,VF
I,309.0,12246.0,20,0.0,14.65,Fri,VF
D,49.0,40.0,20,0.0,16.483333,Wed,VF
J,105.0,56.0,20,0.0,10.05,Tue,VF
J,361.0,51.0,20,0.0,20.083333,Fri,VF
E,108.0,99.0,20,0.0,16.366667,Thu,VF
I,221.0,9920.0,20,0.0,15.2,Tue,VF
D,37.0,32.0,100,0.0,16.1,Mon,VF
J,56.0,91.0,20,0.0,14.083333,Tue,VF
J,155.0,122.0,20,0.0,10.416667,Fri,VF
L,43.0,4258.0,20,0.0,16.366667,Fri,VF
L,67.0,5443.0,20,0.0,15.85,Wed,VF
M,145.0,377.0,20,54.0,9.5,Mon,VF
I,278.0,10973.0,20,0.0,11.816667,Wed,VF
I,891.0,7352.0,20,0.0,17.533333,Tue,VF
H,20.0,25.0,20,0.0,13.766667,Tue,VF
J,29.0,67.0,20,0.0,16.45,Wed,VF
N,155.0,552.0,20,43.0,18.25,Tue,VF
J,498.0,75.0,20,0.0,13.583333,Mon,VF
L,38.0,21145.0,20,0.0,15.766667,Tue,VF
N,274.0,525.0,20,0.0,16.9,Fri,VF
J,80.0,70.0,20,0.0,17.35,Tue,VF
J,94.0,454.0,10,1.0,13.366667,Thu,VF
C,72.0,197.0,20,0.0,17.416667,Thu,VF
J,41.0,180.0,20,0.0,17.466667,Fri,VF
H,100.0,292.0,20,0.0,10.8,Wed,VF
L,51.0,23636.0,20,0.0,11.983333,Thu,VF
J,105.0,459.0,10,0.0,14.25,Thu,VF
F,28.0,413.0,20,0.0,10.666667,Wed,VF
N,34.0,13.0,20,0.0,11.65,Thu,VF
D,465.0,65.0,20,0.0,13.966667,Wed,VF
L,141.0,2804.0,20,0.0,9.466667,Mon,VF
A,425.0,53.0,20,0.0,10.616667,Fri,VF
J,50.0,125.0,20,0.0,17.25,Tue,VF
C,142.0,6537.0,20,0.0,16.766667,Fri,VF
F,44.0,542.0,20,0.0,16.2,Wed,VF
J,82.0,10.0,20,0.0,15.383333,Thu,VF
O,157.0,117.0,20,88.0,16.266667,Wed,VF
J,156.0,48.0,20,0.0,17.983333,Tue,VF
J,364.0,23.0,20,0.0,21.2,Sun,VF
N,89.0,627.0,20,0.0,10.45,Tue,VF
C,106.0,3357.0,20,0.0,12.533333,Mon,VF
E,20.0,10.0,20,0.0,11.216667,Tue,VF
M,60.0,15.0,20,0.0,14.783333,Thu,VF
F,438.0,185.0,20,0.0,11.616667,Mon,VF
J,78.0,10.0,20,0.0,15.383333,Thu,VF
N,225.0,535.0,20,0.0,14.916667,Tue,VF
J,111.0,870.0,10,0.0,11.75,Thu,VF
G,468.0,411.0,20,6.0,1.883333,Fri,VF
J,156.0,114.0,20,63.0,10.0,Fri,VF
L,30.0,5013.0,100,0.0,16.116667,Mon,VF
N,537.0,779.0,20,0.0,12.583333,Wed,VF
N,121.0,58.0,20,0.0,15.4,Thu,VF
N,1409.0,406.0,10,0.0,10.966667,Wed,VF
L,221.0,8380.0,20,0.0,15.25,Tue,VF
L,227.0,7197.0,20,0.0,10.15,Mon,VF
I,376.0,3476.0,20,0.0,10.15,Fri,VF
F,425.0,200.0,20,0.0,14.816667,Tue,VF
I,180.0,12273.0,20,0.0,15.683333,Tue,VF
J,95.0,398.0,20,0.0,17.466667,Wed,VF
J,201.0,531.0,20,0.0,6.416667,Tue,VF
J,44.0,530.0,20,0.0,11.966667,Fri,VF
C,407.0,6735.0,20,0.0,9.0,Tue,VF
M,154.0,344.0,20,98.0,10.883333,Wed,VF
J,48.0,113.0,20,0.0,13.383333,Mon,VF
I,297.0,11249.0,20,0.0,16.3,Wed,VF
H,28.0,93.0,20,0.0,15.633333,Thu,VF
I,29.0,2926.0,20,0.0,15.916667,Thu,VF
J,183.0,60.0,20,1.0,7.016667,Thu,VF
J,228.0,178.0,20,0.0,18.033333,Mon,VF
L,31.0,2881.0,20,0.0,16.15,Wed,VF
F,32.0,399.0,20,0.0,9.916667,Fri,VF
J,173.0,23.0,20,0.0,17.083333,Tue,VF
J,123.0,53.0,20,0.0,14.883333,Sat,VF
N,146.0,299.0,20,17.0,13.766667,Wed,VF
J,278.0,463.0,20,449.0,10.933333,Wed,VF
G,1063.0,132.0,10,17.0,13.566667,Wed,VF
J,32.0,535.0,20,86.0,17.0,Mon,VF
I,237.0,8903.0,20,0.0,12.533333,Fri,VF
I,534.0,2998.0,20,0.0,10.566667,Wed,VF
J,332.0,78.0,20,0.0,13.066667,Sun,VF
E,48.0,50.0,20,0.0,16.583333,Fri,VF
N,144.0,344.0,20,19.0,10.166667,Fri,VF
J,115.0,10.0,20,0.0,15.416667,Wed,VF
J,71.0,116.0,20,0.0,20.633333,Tue,VF
I,79.0,246.0,20,0.0,17.4,Thu,VF
J,187.0,124.0,20,0.0,18.15,Tue,VF
J,310.0,36.0,20,1.0,18.916667,Thu,VF
L,455.0,63.0,20,0.0,16.933333,Wed,VF
J,357.0,25.0,20,0.0,21.066667,Sun,VF
N,460.0,614.0,20,32.0,14.266667,Wed,VF
M,101.0,339.0,20,2.0,16.55,Wed,VF
J,143.0,129.0,20,130.0,9.5,Mon,VF
G,144.0,115.0,20,107.0,9.5,Mon,VF
N,230.0,98.0,20,148.0,11.383333,Fri,VF
K,912.0,27.0,10,0.0,17.083333,Tue,VF
C,69.0,5658.0,20,0.0,16.8,Wed,VF
G,54.0,11.0,20,0.0,18.116667,Wed,VF
I,147.0,5620.0,20,0.0,16.7,Thu,VF
L,55.0,5134.0,20,0.0,16.616667,Fri,VF
H,131.0,16.0,20,80.0,9.533333,Mon,VF
N,21.0,308.0,20,0.0,11.55,Mon,VF
N,20.0,427.0,20,0.0,11.583333,Wed,VF
I,48.0,3852.0,20,0.0,17.433333,Fri,VF
J,102.0,368.0,20,0.0,14.766667,Tue,VF
E,145.0,112.0,20,0.0,16.6,Wed,VF
M,60.0,178.0,20,0.0,18.316667,Thu,VF
F,494.0,731.0,20,5.0,13.9,Tue,VF
H,47.0,88.0,20,0.0,13.883333,Tue,VF
I,1927.0,1822.0,20,0.0,6.183333,Thu,VF
C,562.0,3136.0,20,0.0,16.8,Wed,VF
E,21.0,24.0,20,0.0,10.666667,Wed,VF
C,370.0,2495.0,20,0.0,11.25,Wed,VF
J,235.0,225.0,20,0.0,7.866667,Mon,VF
I,20.0,79.0,20,0.0,14.75,Wed,VF
J,139.0,17.0,20,0.0,10.366667,Thu,VF
D,46.0,44.0,20,0.0,15.483333,Tue,VF
J,325.0,477.0,20,0.0,15.566667,Thu,VF
M,211.0,996.0,20,1.0,17.583333,Mon,VF
J,196.0,741.0,20,0.0,16.1,Thu,VF
E,50.0,45.0,20,0.0,16.333333,Fri,VF
E,74.0,70.0,20,0.0,21.65,Wed,VF
I,37.0,17403.0,20,0.0,14.233333,Wed,VF
N,244.0,1005.0,20,8.0,11.616667,Mon,VF
I,33.0,1321.0,20,0.0,12.45,Wed,VF
J,100.0,14.0,20,0.0,16.7,Wed,VF
N,463.0,670.0,20,0.0,17.6,Mon,VF
I,583.0,3603.0,20,0.0,15.6,Mon,VF
I,520.0,3623.0,20,0.0,10.25,Mon,VF
J,231.0,180.0,20,0.0,14.9,Tue,VF
C,247.0,7602.0,20,0.0,12.4,Fri,VF
J,72.0,317.0,20,0.0,11.95,Tue,VF
J,231.0,24.0,20,0.0,21.05,Sun,VF
J,177.0,220.0,20,1.0,4.766667,Wed,VF
N,114.0,361.0,20,0.0,14.116667,Mon,VF
N,1053.0,412.0,10,1.0,8.616667,Thu,VF
J,173.0,224.0,20,0.0,16.283333,Mon,VF
D,208.0,147.0,10,0.0,20.183333,Wed,VF
L,124.0,4767.0,20,0.0,16.8,Fri,VF
L,29.0,2039.0,20,0.0,16.45,Wed,VF
G,99.0,69.0,20,0.0,18.5,Wed,VF
I,99.0,8899.0,20,0.0,16.366667,Thu,VF
H,32.0,88.0,20,0.0,13.4,Thu,VF
G,1414.0,134.0,10,6.0,11.783333,Wed,VF
J,232.0,469.0,20,0.0,13.8,Tue,VF
I,94.0,2527.0,10,0.0,15.116667,Tue,VF
N,25.0,257.0,20,0.0,10.016667,Fri,VF
J,301.0,32.0,20,0.0,21.066667,Sun,VF
E,150.0,81.0,20,0.0,5.266667,Fri,VF
N,20.0,504.0,20,0.0,15.966667,Mon,VF
J,87.0,10.0,50,0.0,17.916667,Mon,VF
N,249.0,356.0,20,0.0,11.316667,Wed,VF
F,152.0,659.0,10,1.0,10.7,Thu,VF
L,202.0,5202.0,20,0.0,9.066667,Tue,VF
O,154.0,116.0,20,22.0,10.883333,Wed,VF
N,370.0,716.0,20,0.0,19.633333,Thu,VF
J,57.0,73.0,20,0.0,16.466667,Wed,VF
L,245.0,566.0,20,0.0,11.4,Fri,VF
A,135.0,369.0,20,160.0,9.516667,Mon,VF
G,1067.0,91.0,10,1.0,5.916667,Fri,VF
J,121.0,41.0,20,0.0,17.383333,Sat,VF
I,49.0,6754.0,20,0.0,16.883333,Thu,VF
I,245.0,6800.0,20,0.0,13.9,Wed,VF
J,295.0,17.0,10,2.0,10.983333,Thu,VF
J,314.0,65.0,20,0.0,14.233333,Mon,VF
J,186.0,18.0,20,0.0,17.2,Mon,VF
G,229.0,219.0,10,33.0,8.216667,Mon,VF
F,147.0,2407.0,20,11.0,7.966667,Fri,VF
D,2504.0,344.0,20,0.0,12.216667,Tue,VF
N,47.0,659.0,20,0.0,11.45,Tue,VF
O,79.0,10.0,20,0.0,17.016667,Mon,VF
L,96.0,285.0,40,0.0,14.633333,Wed,VF
L,143.0,3538.0,20,0.0,10.0,Fri,VF
G,117.0,32.0,20,0.0,18.7,Wed,VF
I,44.0,3127.0,20,0.0,17.25,Tue,VF
M,155.0,350.0,20,33.0,10.183333,Fri,VF
J,95.0,40.0,20,0.0,16.533333,Tue,VF
F,57.0,502.0,20,0.0,9.95,Fri,VF
N,461.0,676.0,20,0.0,17.533333,Mon,VF
E,157.0,112.0,20,0.0,10.0,Fri,VF
J,75.0,298.0,20,0.0,15.783333,Mon,VF
N,1059.0,704.0,10,0.0,14.25,Mon,VF
G,1055.0,86.0,10,1.0,6.05,Fri,VF
I,77.0,13479.0,20,0.0,8.616667,Fri,VF
L,206.0,3693.0,20,0.0,9.466667,Mon,VF
E,20.0,10.0,20,0.0,13.766667,Tue,VF
F,96.0,707.0,20,283.0,13.833333,Tue,VF
J,63.0,10.0,20,0.0,19.15,Wed,VF
E,233.0,861.0,10,0.0,17.7,Fri,VF
L,404.0,1016.0,20,0.0,10.55,Thu,VF
N,145.0,570.0,20,0.0,18.7,Tue,VF
M,28.0,216.0,20,0.0,10.233333,Fri,VF
N,127.0,234.0,20,2.0,15.266667,Thu,VF
J,88.0,1387.0,20,0.0,9.733333,Tue,VF
I,387.0,3204.0,20,0.0,13.016667,Mon,VF
I,77.0,13300.0,20,0.0,14.116667,Thu,VF
J,195.0,116.0,20,0.0,11.016667,Thu,VF
D,425.0,200.0,20,0.0,10.966667,Fri,VF
C,89.0,3343.0,20,0.0,15.166667,Wed,VF
I,106.0,3073.0,20,0.0,19.833333,Wed,VF
J,297.0,10.0,20,3.0,12.85,Thu,VF
O,105.0,455.0,10,0.0,14.483333,Thu,VF
J,484.0,139.0,20,0.0,9.716667,Mon,VF
H,156.0,435.0,20,99.0,12.966667,Wed,VF
I,20.0,2154.0,20,0.0,12.833333,Wed,VF
L,107.0,5609.0,20,0.0,16.2,Fri,VF
I,157.0,4920.0,20,0.0,17.916667,Tue,VF
N,883.0,61.0,20,2975.0,17.45,Tue,VF
G,155.0,440.0,20,0.0,12.95,Wed,VF
J,188.0,23.0,20,0.0,21.05,Sun,VF
J,284.0,459.0,20,0.0,17.0,Tue,VF
H,75.0,79.0,20,0.0,13.783333,Tue,VF
J,168.0,2417.0,20,1.0,10.533333,Mon,VF
L,234.0,7232.0,20,0.0,11.2,Fri,VF
F,33.0,431.0,20,0.0,10.05,Fri,VF
I,135.0,4470.0,20,0.0,17.65,Wed,VF
N,100.0,368.0,20,47.0,19.833333,Wed,VF
J,216.0,376.0,20,0.0,21.983333,Wed,VF
I,20.0,146.0,20,0.0,10.85,Wed,VF
L,244.0,8795.0,20,0.0,14.866667,Tue,VF
J,507.0,149.0,20,38.0,13.916667,Tue,VF
J,41.0,144.0,20,0.0,14.283333,Thu,VF
G,1068.0,131.0,10,5.0,13.583333,Wed,VF
I,231.0,6121.0,20,0.0,7.683333,Tue,VF
M,20.0,16.0,20,0.0,11.216667,Tue,VF
I,23.0,54.0,20,0.0,10.166667,Mon,VF
J,31.0,94.0,20,0.0,16.15,Wed,VF
I,456.0,5927.0,20,0.0,13.9,Tue,VF
E,21.0,19.0,20,0.0,16.1,Fri,VF
M,20.0,36.0,20,0.0,6.2,Wed,VF
H,408.0,103.0,20,1.0,10.55,Thu,VF
D,321.0,35.0,20,0.0,13.766667,Mon,VF
I,302.0,700.0,20,0.0,15.666667,Tue,VF
L,224.0,8081.0,20,0.0,16.616667,Fri,VF
I,286.0,8421.0,20,0.0,18.283333,Mon,VF
I,777.0,2198.0,20,0.0,16.4,Mon,VF
L,20.0,3123.0,20,0.0,11.016667,Wed,VF
F,50.0,485.0,20,0.0,10.3,Fri,VF
I,128.0,12045.0,20,0.0,8.966667,Fri,VF
F,20.0,428.0,20,0.0,14.166667,Fri,VF
I,214.0,18551.0,20,0.0,17.983333,Mon,VF
G,77.0,185.0,20,0.0,15.866667,Wed,VF
E,171.0,174.0,20,0.0,14.45,Thu,VF
H,22.0,68.0,20,0.0,9.25,Wed,VF
J,34.0,168.0,20,0.0,15.2,Thu,VF
I,895.0,476.0,20,0.0,17.45,Tue,VF
L,69.0,5504.0,20,0.0,16.483333,Wed,VF
M,25.0,267.0,20,0.0,10.916667,Thu,VF
I,477.0,23302.0,20,0.0,11.666667,Tue,VF
I,107.0,8229.0,20,0.0,15.25,Mon,VF
D,776.0,782.0,20,0.0,14.25,Fri,VF
H,157.0,346.0,20,0.0,10.866667,Wed,VF
J,102.0,391.0,10,0.0,15.216667,Sun,VF
N,935.0,698.0,20,0.0,0.566667,Sun,VF
N,427.0,669.0,20,3.0,16.483333,Wed,VF
D,20.0,10.0,20,0.0,11.216667,Tue,VF
A,236.0,666.0,20,0.0,14.133333,Tue,VF
I,455.0,1521.0,10,0.0,10.95,Thu,VF
N,307.0,1840.0,20,4.0,17.666667,Fri,VF
J,154.0,134.0,10,0.0,16.483333,Fri,VF
J,297.0,469.0,20,1.0,11.35,Thu,VF
D,23.0,25.0,20,0.0,9.933333,Thu,VF
N,21.0,357.0,20,0.0,14.483333,Wed,VF
N,20.0,742.0,20,0.0,9.95,Thu,VF
J,89.0,275.0,20,0.0,21.883333,Mon,VF
H,29.0,62.0,20,0.0,16.45,Wed,VF
I,228.0,11249.0,20,0.0,13.816667,Tue,VF
I,539.0,3599.0,20,0.0,15.783333,Wed,VF
I,225.0,23804.0,20,0.0,9.766667,Tue,VF
M,20.0,330.0,20,0.0,9.25,Wed,VF
J,38.0,80.0,20,0.0,13.366667,Mon,VF
D,376.0,128.0,20,0.0,13.766667,Thu,VF
M,22.0,90.0,20,0.0,11.383333,Thu,VF
J,119.0,192.0,10,0.0,19.883333,Thu,VF
M,153.0,390.0,10,0.0,16.866667,Tue,VF
D,456.0,174.0,20,0.0,13.9,Tue,VF
L,104.0,3326.0,20,0.0,10.133333,Fri,VF
G,1066.0,90.0,10,1.0,5.366667,Fri,VF
C,3777.0,236.0,20,0.0,10.183333,Mon,VF
I,20.0,1604.0,20,0.0,17.233333,Thu,VF
J,56.0,27.0,20,0.0,20.183333,Wed,VF
N,123.0,172.0,20,0.0,14.1,Mon,VF
C,133.0,1203.0,20,0.0,19.4,Thu,VF
L,536.0,3839.0,20,0.0,13.9,Tue,VF
F,202.0,589.0,20,33.0,9.483333,Mon,VF
J,176.0,10.0,20,0.0,11.383333,Fri,VF
J,485.0,29.0,20,0.0,21.066667,Sun,VF
E,249.0,31.0,20,0.0,11.466667,Fri,VF
G,1058.0,88.0,10,7.0,6.033333,Fri,VF
I,120.0,12098.0,20,0.0,9.85,Fri,VF
L,37.0,3513.0,100,0.0,10.283333,Thu,VF
D,61.0,10.0,20,0.0,14.766667,Thu,VF
C,534.0,5203.0,20,0.0,12.5,Wed,VF
N,486.0,402.0,20,0.0,9.716667,Mon,VF
D,504.0,146.0,20,0.0,13.9,Tue,VF
D,237.0,215.0,20,0.0,15.866667,Fri,VF
J,135.0,64.0,20,0.0,12.1,Sun,VF
L,247.0,7599.0,20,0.0,12.466667,Fri,VF
H,32.0,85.0,20,0.0,14.6,Thu,VF
J,211.0,303.0,20,0.0,13.75,Thu,VF
J,32.0,127.0,20,0.0,14.183333,Wed,VF
O,110.0,10.0,20,0.0,16.8,Mon,VF
L,222.0,7199.0,20,0.0,9.7,Mon,VF
I,1715.0,3496.0,20,0.0,11.95,Thu,VF
L,133.0,10318.0,20,0.0,11.016667,Mon,VF
J,466.0,145.0,20,0.0,6.15,Fri,VF
J,71.0,66.0,20,0.0,12.033333,Sun,VF
N,559.0,467.0,20,0.0,13.516667,Mon,VF
J,131.0,65.0,20,0.0,14.683333,Thu,VF
H,22.0,78.0,20,0.0,9.916667,Fri,VF
M,145.0,167.0,20,0.0,14.816667,Wed,VF
N,94.0,325.0,20,15.0,16.216667,Wed,VF
I,534.0,6524.0,20,0.0,22.216667,Mon,VF
I,36.0,5401.0,20,0.0,11.55,Fri,VF
J,48.0,67.0,20,0.0,12.816667,Mon,VF
L,408.0,65.0,20,0.0,11.466667,Thu,VF
J,94.0,282.0,20,0.0,21.683333,Mon,VF
I,603.0,674.0,20,0.0,13.033333,Fri,VF
N,465.0,734.0,20,0.0,19.683333,Mon,VF
I,132.0,5674.0,20,0.0,15.733333,Wed,VF
O,91.0,10.0,20,0.0,15.383333,Thu,VF
N,42.0,2142.0,20,5.0,11.966667,Thu,VF
F,105.0,572.0,20,155.0,16.55,Wed,VF
I,44.0,17328.0,20,0.0,13.983333,Tue,VF
J,252.0,17.0,20,0.0,11.4,Fri,VF
N,1055.0,409.0,10,1.0,8.616667,Thu,VF
N,157.0,394.0,10,3.0,11.116667,Thu,VF
H,29.0,91.0,20,0.0,11.983333,Thu,VF
I,2504.0,8701.0,20,0.0,9.75,Wed,VF
N,386.0,382.0,20,46.0,13.05,Mon,VF
L,32.0,2941.0,100,0.0,10.0,Thu,VF
N,20.0,183.0,20,0.0,13.216667,Tue,VF
J,99.0,364.0,30,0.0,16.633333,Tue,VF
N,300.0,1345.0,20,0.0,16.25,Wed,VF
L,156.0,3568.0,20,0.0,10.883333,Wed,VF
J,47.0,230.0,20,0.0,11.533333,Fri,VF
D,44.0,38.0,20,0.0,10.366667,Fri,VF
J,164.0,35.0,20,0.0,9.983333,Mon,VF
J,1054.0,49.0,10,0.0,5.066667,Mon,VF
J,206.0,458.0,20,0.0,18.166667,Wed,VF
I,40.0,8729.0,20,0.0,14.55,Tue,VF
J,231.0,366.0,20,0.0,18.166667,Fri,VF
D,777.0,782.0,20,0.0,14.25,Fri,VF
F,31.0,806.0,20,0.0,11.066667,Wed,VF
H,327.0,105.0,20,12.0,13.816667,Mon,VF
L,27.0,3417.0,20,0.0,16.3,Fri,VF
N,20.0,112.0,20,0.0,14.216667,Wed,VF
D,29.0,26.0,100,0.0,17.716667,Tue,VF
I,490.0,947.0,10,0.0,8.633333,Mon,VF
J,175.0,1408.0,20,21.0,4.766667,Wed,VF
J,132.0,458.0,20,0.0,12.5,Tue,VF
J,28.0,83.0,20,0.0,10.666667,Wed,VF
C,170.0,3637.0,20,0.0,17.333333,Tue,VF
J,186.0,11.0,20,3.0,14.866667,Thu,VF
E,93.0,76.0,20,0.0,10.1,Fri,VF
H,35.0,88.0,20,0.0,16.4,Fri,VF
J,376.0,59.0,20,0.0,18.8,Thu,VF
D,79.0,10.0,20,0.0,14.633333,Thu,VF
L,448.0,7294.0,20,0.0,14.666667,Tue,VF
D,241.0,161.0,20,0.0,7.933333,Mon,VF
F,140.0,372.0,20,0.0,4.616667,Fri,VF
N,23.0,83.0,20,0.0,16.6,Thu,VF
F,894.0,97.0,20,2970.0,17.466667,Tue,VF
D,28.0,20.0,20,0.0,11.016667,Wed,VF
D,175.0,38.0,20,0.0,15.566667,Tue,VF
J,96.0,40.0,20,0.0,15.966667,Wed,VF
J,99.0,831.0,20,0.0,19.95,Tue,VF
J,164.0,32.0,20,1.0,10.533333,Mon,VF
J,71.0,178.0,20,0.0,15.15,Wed,VF
I,98.0,4073.0,20,0.0,16.733333,Fri,VF
F,321.0,170.0,20,114.0,13.8,Mon,VF
D,32.0,18.0,20,0.0,11.85,Wed,VF
J,169.0,332.0,20,0.0,16.183333,Fri,VF
D,21.0,18.0,20,0.0,14.166667,Fri,VF
F,33.0,465.0,20,0.0,11.016667,Wed,VF
J,50.0,790.0,20,200.0,11.983333,Thu,VF
J,81.0,10.0,20,0.0,13.116667,Thu,VF
D,40.0,45.0,20,0.0,14.233333,Wed,VF
I,334.0,851.0,20,0.0,13.766667,Mon,VF
J,203.0,13.0,20,0.0,18.866667,Wed,VF
F,42.0,2026.0,20,1.0,17.4,Fri,VF
N,590.0,442.0,20,3.0,17.566667,Mon,VF
I,243.0,1074.0,20,0.0,19.333333,Thu,VF
N,238.0,670.0,20,0.0,7.933333,Mon,VF
J,98.0,593.0,20,0.0,20.816667,Tue,VF
J,106.0,450.0,20,0.0,13.95,Fri,VF
J,256.0,15.0,20,2.0,13.533333,Fri,VF
I,282.0,4422.0,20,0.0,16.9,Fri,VF
G,451.0,56.0,10,1.0,10.7,Thu,VF
I,312.0,12196.0,20,0.0,14.516667,Fri,VF
J,96.0,114.0,20,21.0,10.783333,Wed,VF
C,463.0,1221.0,10,0.0,11.533333,Tue,VF
C,338.0,6519.0,20,0.0,15.133333,Fri,VF
N,559.0,481.0,20,0.0,12.916667,Mon,VF
I,74.0,3525.0,20,0.0,21.6,Wed,VF
C,472.0,5315.0,20,0.0,19.7,Mon,VF
I,99.0,9001.0,20,0.0,16.75,Thu,VF
N,182.0,216.0,20,68.0,9.5,Thu,VF
C,239.0,5215.0,20,0.0,13.616667,Wed,VF
J,98.0,13.0,20,0.0,16.733333,Wed,VF
D,22.0,21.0,20,0.0,11.883333,Wed,VF
I,104.0,13201.0,20,0.0,13.533333,Thu,VF
M,20.0,259.0,20,0.0,14.183333,Fri,VF
J,97.0,385.0,10,0.0,16.033333,Sun,VF
N,581.0,670.0,20,0.0,13.383333,Tue,VF
F,122.0,783.0,20,0.0,16.85,Fri,VF
D,127.0,110.0,20,0.0,12.733333,Fri,VF
H,597.0,78.0,20,0.0,13.05,Fri,VF
J,74.0,275.0,20,0.0,16.483333,Wed,VF
I,20.0,2754.0,20,0.0,13.35,Wed,VF
L,131.0,6637.0,20,0.0,10.65,Mon,VF
N,126.0,471.0,20,1.0,16.466667,Fri,VF
C,148.0,1538.0,20,0.0,13.216667,Wed,VF
G,32.0,201.0,20,0.0,11.55,Fri,VF
I,469.0,5975.0,20,0.0,8.1,Wed,VF
D,69.0,67.0,20,0.0,10.133333,Mon,VF
M,30.0,148.0,20,0.0,10.833333,Thu,VF
J,393.0,138.0,20,0.0,13.05,Mon,VF
J,271.0,41.0,20,0.0,18.183333,Tue,VF
J,241.0,426.0,20,0.0,17.1,Wed,VF
I,232.0,4478.0,20,0.0,18.016667,Mon,VF
E,121.0,118.0,20,0.0,16.766667,Fri,VF
L,206.0,7055.0,20,0.0,17.466667,Mon,VF
J,180.0,1644.0,20,0.0,4.783333,Wed,VF
M,152.0,350.0,20,3.0,10.016667,Fri,VF
N,20.0,477.0,20,0.0,11.033333,Wed,VF
H,29.0,70.0,20,0.0,17.233333,Tue,VF
I,142.0,4753.0,20,0.0,18.7,Tue,VF
J,364.0,51.0,20,29.0,20.7,Thu,VF
N,325.0,1354.0,20,23.0,15.583333,Thu,VF
G,1342.0,133.0,10,25.0,17.1,Thu,VF
J,145.0,16.0,20,0.0,11.133333,Mon,VF
C,556.0,3177.0,20,0.0,14.666667,Mon,VF
N,48.0,296.0,20,0.0,9.933333,Fri,VF
J,49.0,174.0,20,0.0,16.716667,Mon,VF
L,38.0,11218.0,20,0.0,10.583333,Tue,VF
I,514.0,16422.0,20,0.0,10.983333,Fri,VF
N,277.0,1009.0,20,0.0,18.316667,Mon,VF
L,176.0,12572.0,20,0.0,15.816667,Thu,VF
J,75.0,362.0,20,0.0,11.1,Thu,VF
J,179.0,2458.0,20,0.0,4.8,Wed,VF
H,540.0,206.0,20,0.0,15.65,Wed,VF
J,61.0,534.0,50,55.0,13.883333,Fri,VF
L,147.0,3628.0,20,0.0,10.216667,Fri,VF
L,463.0,68.0,20,0.0,16.666667,Wed,VF
M,555.0,472.0,20,0.0,13.6,Mon,M
O,465.0,65.0,10,3.0,9.833333,Tue,M
O,366.0,467.0,50,129.0,10.6,Mon,M
H,73.0,198.0,20,0.0,14.0,Wed,M
O,481.0,136.0,20,0.0,15.216667,Fri,M
H,3779.0,59.0,20,0.0,6.25,Thu,M
J,779.0,1118.0,20,78.0,18.083333,Wed,M
O,789.0,1116.0,20,63.0,14.45,Fri,M
M,911.0,54.0,10,3.0,11.933333,Wed,M
M,216.0,2225.0,20,0.0,18.116667,Mon,M
N,3776.0,43.0,20,0.0,5.233333,Thu,M
N,279.0,540.0,200,0.0,17.75,Fri,M
M,447.0,695.0,20,206.0,12.0,Mon,M
G,222.0,168.0,200,0.0,18.133333,Fri,M
A,400.0,1180.0,20,0.0,5.583333,Wed,M
M,86.0,490.0,20,0.0,14.05,Wed,M
G,1420.0,129.0,10,219.0,10.85,Wed,M
C,3749.0,1821.0,20,0.0,12.05,Tue,M
J,197.0,179.0,20,821.0,20.35,Thu,M
J,283.0,181.0,200,0.0,17.216667,Wed,M
L,739.0,13743.0,100,0.0,17.283333,Thu,M
J,882.0,430.0,20,2949.0,10.5,Wed,M
M,42.0,660.0,20,0.0,11.766667,Fri,M
J,886.0,314.0,20,3611.0,17.65,Tue,M
H,28.0,90.0,100,0.0,16.216667,Mon,M
M,214.0,2849.0,20,0.0,10.0,Tue,M
G,123.0,233.0,20,3878.0,13.316667,Mon,M
N,750.0,2140.0,100,0.0,15.633333,Thu,M
N,2506.0,2641.0,20,0.0,12.583333,Wed,M
M,884.0,169.0,20,3414.0,17.816667,Tue,M
M,176.0,1079.0,100,0.0,13.866667,Fri,M
N,1395.0,1413.0,50,4.0,22.566667,Tue,M
H,3780.0,62.0,20,0.0,8.916667,Tue,M
A,3768.0,247.0,20,0.0,10.566667,Wed,M
F,781.0,5574.0,20,64.0,14.333333,Fri,M
O,172.0,449.0,20,0.0,13.166667,Fri,M
O,452.0,239.0,20,0.0,14.783333,Tue,M
L,785.0,33422.0,20,0.0,14.033333,Fri,M
F,889.0,1484.0,20,3427.0,17.616667,Tue,M
J,132.0,60.0,20,803.0,19.516667,Thu,M
O,198.0,132.0,20,3.0,11.15,Mon,M
F,789.0,5569.0,20,4.0,17.966667,Wed,M
H,697.0,179.0,20,0.0,15.8,Wed,M
F,229.0,5257.0,20,0.0,13.65,Fri,M
O,223.0,772.0,20,0.0,15.083333,Tue,M
M,469.0,677.0,20,1.0,17.716667,Mon,M
G,1412.0,129.0,10,0.0,11.033333,Wed,M
O,361.0,464.0,50,100.0,18.05,Wed,M
M,790.0,262.0,20,0.0,16.333333,Mon,M
O,353.0,539.0,50,73.0,10.733333,Wed,M
G,366.0,206.0,50,0.0,11.15,Fri,M
M,1395.0,754.0,50,1.0,12.466667,Thu,M
O,417.0,41.0,20,102.0,9.35,Tue,M
F,414.0,65.0,20,139.0,14.516667,Thu,M
O,364.0,466.0,50,400.0,10.666667,Wed,M
F,788.0,5572.0,20,221.0,14.033333,Fri,M
E,785.0,780.0,20,0.0,14.416667,Fri,M
M,442.0,2247.0,20,2994.0,13.25,Mon,M
N,233.0,632.0,20,451.0,16.333333,Fri,M
H,3784.0,30.0,20,0.0,12.183333,Thu,M
M,219.0,2835.0,20,0.0,15.483333,Tue,M
J,294.0,187.0,200,0.0,17.233333,Wed,M
J,1166.0,166.0,20,0.0,10.733333,Fri,M
G,218.0,888.0,20,0.0,15.35,Tue,M
O,362.0,468.0,50,30.0,18.1,Tue,M
M,80.0,1963.0,20,126.0,10.95,Tue,M
C,3752.0,3397.0,20,0.0,12.3,Tue,M
O,26.0,198.0,100,0.0,10.816667,Tue,M
L,783.0,33419.0,20,0.0,14.35,Fri,M
E,790.0,779.0,20,0.0,18.183333,Wed,M
A,404.0,1186.0,20,0.0,5.45,Tue,M
M,1402.0,565.0,50,1.0,12.316667,Thu,M
C,2715.0,2564.0,20,0.0,0.1,Thu,M
H,225.0,542.0,20,0.0,15.3,Tue,M
M,461.0,607.0,20,0.0,14.366667,Wed,M
H,227.0,540.0,20,0.0,11.8,Tue,M
G,161.0,318.0,100,0.0,13.783333,Fri,M
O,31.0,730.0,100,0.0,10.766667,Thu,M
N,880.0,165.0,20,3822.0,17.666667,Tue,M
A,423.0,953.0,20,0.0,10.55,Fri,M
J,1257.0,509.0,20,0.0,23.216667,Wed,M
M,1119.0,1398.0,50,0.0,8.816667,Thu,M
O,787.0,1112.0,20,4.0,14.016667,Fri,M
H,3778.0,187.0,20,0.0,13.016667,Thu,M
C,3772.0,2063.0,20,0.0,5.05,Tue,M
O,355.0,462.0,50,264.0,18.25,Wed,M
C,3776.0,1721.0,20,0.0,7.25,Tue,M
N,3669.0,432.0,20,0.0,5.516667,Mon,M
M,362.0,417.0,20,0.0,10.25,Fri,M
N,3780.0,432.0,20,0.0,5.633333,Thu,M
H,144.0,419.0,20,0.0,19.016667,Tue,M
N,427.0,5490.0,20,0.0,11.083333,Fri,M
J,707.0,379.0,20,0.0,15.733333,Tue,M
O,353.0,460.0,50,29.0,10.616667,Mon,M
H,480.0,1350.0,20,0.0,11.866667,Tue,M
L,724.0,13740.0,100,0.0,13.416667,Thu,M
F,782.0,5571.0,20,5.0,13.933333,Fri,M
M,224.0,542.0,20,0.0,14.983333,Tue,M
O,117.0,417.0,20,0.0,19.533333,Thu,M
H,85.0,237.0,20,0.0,22.483333,Mon,M
M,33.0,458.0,100,0.0,15.866667,Mon,M
O,787.0,29.0,20,4.0,16.766667,Tue,M
O,884.0,461.0,20,6.0,16.966667,Fri,M
M,890.0,57.0,20,3024.0,17.766667,Tue,M
N,118.0,862.0,20,3661.0,13.3,Mon,M
J,1208.0,304.0,20,0.0,17.733333,Thu,M
M,33.0,281.0,100,0.0,17.85,Tue,M
O,460.0,490.0,20,3.0,11.216667,Thu,M
J,174.0,11.0,20,1.0,14.65,Tue,M
M,33.0,149.0,100,0.0,8.95,Thu,M
N,276.0,544.0,200,0.0,16.7,Wed,M
H,28.0,89.0,100,0.0,15.916667,Thu,M
N,970.0,879.0,20,0.0,12.95,Thu,M
N,1415.0,411.0,10,14.0,11.75,Wed,M
O,356.0,469.0,50,356.0,10.666667,Wed,M
O,4506.0,54.0,20,11.0,16.8,Wed,M
N,322.0,1342.0,20,0.0,15.833333,Thu,M
G,290.0,170.0,200,0.0,18.016667,Fri,M
O,352.0,460.0,50,0.0,18.033333,Tue,M
G,1056.0,131.0,10,0.0,13.616667,Wed,M
O,355.0,469.0,50,309.0,17.716667,Wed,M
A,413.0,412.0,20,0.0,10.616667,Fri,M
J,959.0,307.0,20,0.0,13.05,Thu,M
J,14087.0,52.0,20,3.0,13.5,Wed,M
O,117.0,314.0,20,3870.0,13.333333,Mon,M
A,461.0,684.0,20,0.0,14.85,Tue,M
O,589.0,233.0,20,16.0,13.683333,Mon,M
N,240.0,417.0,20,446.0,15.933333,Fri,M
F,236.0,1059.0,20,197.0,16.083333,Fri,M
M,374.0,801.0,50,0.0,11.316667,Fri,M
O,363.0,469.0,50,174.0,17.45,Mon,M
O,364.0,437.0,50,88.0,10.633333,Wed,M
H,70.0,197.0,20,0.0,14.016667,Wed,M
C,3731.0,1303.0,20,0.0,14.766667,Wed,M
M,31.0,562.0,100,0.0,10.883333,Tue,M
C,3777.0,1702.0,20,0.0,5.833333,Tue,M
M,782.0,99.0,20,271.0,21.883333,Tue,M
O,231.0,415.0,20,0.0,15.316667,Tue,M
O,353.0,468.0,50,366.0,18.133333,Tue,M
M,408.0,61.0,20,115.0,13.75,Thu,M
H,3691.0,180.0,20,0.0,16.25,Fri,M
N,154.0,40.0,10,3.0,9.583333,Thu,M
C,3745.0,2016.0,20,0.0,6.4,Tue,M
H,33.0,83.0,100,0.0,8.966667,Thu,M
M,225.0,1197.0,20,0.0,15.35,Tue,M
L,2512.0,15627.0,20,0.0,10.25,Wed,M
O,309.0,39.0,20,1.0,13.966667,Wed,M
F,25.0,589.0,20,0.0,10.316667,Wed,M
O,1106.0,458.0,50,1.0,10.116667,Thu,M
C,3685.0,2961.0,20,0.0,12.0,Wed,M
A,422.0,934.0,20,0.0,10.5,Fri,M
J,282.0,179.0,200,0.0,16.633333,Wed,M
F,461.0,1188.0,20,0.0,14.0,Tue,M
M,422.0,34.0,20,0.0,16.866667,Mon,M
O,36.0,188.0,100,0.0,10.566667,Fri,M
H,153.0,391.0,10,3.0,16.683333,Tue,M
M,775.0,3340.0,20,22.0,13.983333,Fri,M
N,3774.0,1346.0,20,0.0,9.083333,Mon,M
C,3669.0,2957.0,20,0.0,7.45,Tue,M
M,33.0,275.0,100,0.0,10.383333,Thu,M
M,471.0,731.0,20,3.0,8.483333,Wed,M
O,454.0,64.0,20,3.0,14.25,Wed,M
A,161.0,497.0,100,0.0,13.65,Fri,M
H,30.0,83.0,100,0.0,10.9,Tue,M
C,3783.0,1643.0,20,0.0,4.483333,Tue,M
J,193.0,64.0,20,800.0,20.266667,Thu,M
A,412.0,416.0,20,0.0,4.866667,Mon,M
O,356.0,539.0,50,9.0,10.066667,Wed,M
O,215.0,995.0,20,0.0,15.4,Tue,M
E,787.0,778.0,20,0.0,14.2,Fri,M
M,124.0,174.0,20,0.0,22.066667,Wed,M
N,777.0,3342.0,20,110.0,14.366667,Fri,M
F,310.0,2458.0,20,917.0,14.85,Fri,M
H,311.0,897.0,20,1038.0,14.916667,Fri,M
O,228.0,990.0,20,0.0,10.083333,Tue,M
O,889.0,55.0,20,0.0,17.9,Tue,M
C,3752.0,2760.0,20,0.0,11.366667,Tue,M
M,40.0,419.0,100,0.0,16.266667,Mon,M
H,288.0,533.0,200,0.0,21.866667,Fri,L
F,423.0,9137.0,20,0.0,11.95,Fri,L
A,3493.0,1158.0,20,0.0,7.983333,Thu,L
H,369.0,780.0,50,0.0,13.15,Fri,L
N,3689.0,2674.0,20,0.0,6.483333,Mon,L
J,3673.0,147.0,20,0.0,5.85,Mon,L
O,280.0,179.0,200,0.0,18.816667,Wed,L
O,881.0,462.0,20,0.0,11.066667,Wed,L
M,460.0,724.0,20,0.0,15.9,Tue,L
O,285.0,184.0,200,0.0,18.816667,Wed,L
H,450.0,694.0,20,0.0,14.816667,Tue,L
F,117.0,11293.0,20,0.0,20.716667,Wed,L
O,968.0,609.0,200,0.0,5.033333,Fri,L
H,306.0,879.0,20,2233.0,16.866667,Fri,L
F,437.0,3724.0,20,3250.0,13.583333,Mon,L
L,3137.0,56671.0,20,0.0,16.683333,Wed,L
A,3398.0,4467.0,20,0.0,0.883333,Wed,L
C,3778.0,7282.0,20,0.0,8.133333,Tue,L
J,2512.0,376.0,20,0.0,19.016667,Tue,L
H,221.0,644.0,20,0.0,15.466667,Tue,L
C,3776.0,8075.0,20,0.0,6.633333,Tue,L
O,232.0,185.0,200,0.0,20.116667,Fri,L
O,284.0,183.0,200,0.0,18.8,Wed,L
O,227.0,187.0,200,0.0,20.116667,Fri,L
O,236.0,183.0,200,0.0,20.083333,Fri,L
C,3748.0,13343.0,20,0.0,20.066667,Mon,L
N,197.0,2417.0,20,0.0,19.433333,Mon,L
O,736.0,452.0,100,0.0,19.166667,Thu,L
O,971.0,397.0,20,0.0,12.183333,Mon,L
O,1210.0,313.0,20,0.0,18.183333,Thu,L
C,3748.0,4742.0,20,0.0,5.266667,Mon,L
O,231.0,182.0,200,0.0,15.85,Thu,L
H,301.0,866.0,20,0.0,16.85,Fri,L
O,291.0,187.0,200,0.0,18.8,Wed,L
A,3498.0,623.0,20,0.0,11.6,Wed,L
M,1003.0,431.0,20,9.0,15.616667,Tue,L
H,217.0,625.0,20,0.0,15.716667,Tue,L
M,3139.0,5448.0,20,0.0,4.483333,Thu,L
J,14103.0,12.0,20,0.0,1.233333,Thu,L
C,3781.0,12564.0,20,0.0,12.933333,Tue,L
H,3768.0,695.0,20,0.0,12.55,Thu,L
C,3753.0,7460.0,20,0.0,7.65,Tue,L
O,1209.0,406.0,200,0.0,21.233333,Fri,L
O,967.0,405.0,200,0.0,2.683333,Sat,L
O,2516.0,527.0,20,0.0,12.033333,Wed,L
O,237.0,180.0,200,0.0,12.9,Mon,L
O,963.0,607.0,200,0.0,4.066667,Thu,L
O,2513.0,349.0,20,0.0,11.35,Wed,L
O,2500.0,898.0,20,0.0,16.966667,Wed,L
J,14090.0,152.0,20,0.0,14.966667,Tue,L
O,226.0,185.0,200,0.0,11.266667,Tue,L
C,3742.0,11601.0,20,0.0,12.566667,Tue,L
O,286.0,184.0,200,0.0,17.783333,Wed,L
N,3781.0,1001.0,20,0.0,6.516667,Thu,L
M,254.0,198.0,10,3.0,11.116667,Mon,L
H,3768.0,1115.0,20,0.0,12.266667,Tue,L
O,229.0,185.0,200,0.0,20.083333,Fri,L
F,2511.0,1842.0,20,0.0,19.2,Tue,L
N,3772.0,1350.0,20,0.0,9.916667,Fri,L
O,963.0,307.0,20,0.0,15.933333,Thu,L
O,885.0,454.0,20,0.0,11.083333,Wed,L
O,963.0,612.0,20,0.0,12.683333,Mon,L
H,456.0,682.0,20,0.0,15.533333,Tue,L
O,5806.0,496.0,20,0.0,20.05,Fri,L
M,1502.0,427.0,20,0.0,16.266667,Tue,L
O,973.0,406.0,20,0.0,12.166667,Mon,L
J,2506.0,370.0,20,0.0,11.4,Wed,L
O,236.0,183.0,200,0.0,11.266667,Tue,L
H,454.0,701.0,20,0.0,15.283333,Tue,L
O,963.0,403.0,20,0.0,12.25,Mon,L
O,1209.0,404.0,200,0.0,0.516667,Tue,L
O,968.0,615.0,200,0.0,2.483333,Fri,L
O,225.0,179.0,200,0.0,12.866667,Mon,L
H,3773.0,381.0,20,0.0,10.016667,Fri,L
N,3770.0,10.0,20,0.0,11.533333,Thu,L
H,3141.0,5297.0,20,132.0,17.783333,Wed,L
A,3400.0,4638.0,20,0.0,21.916667,Mon,L
M,278.0,541.0,200,0.0,17.333333,Wed,L
O,235.0,178.0,200,0.0,20.033333,Fri,L
O,223.0,178.0,200,0.0,13.516667,Thu,L
O,288.0,183.0,200,0.0,18.733333,Wed,L
J,2513.0,357.0,20,0.0,13.8,Tue,L
O,960.0,611.0,200,0.0,3.833333,Thu,L
O,275.0,180.0,200,0.0,17.166667,Wed,L
C,3779.0,7258.0,20,0.0,6.15,Tue,L
O,294.0,178.0,200,0.0,11.383333,Tue,L
O,967.0,611.0,20,0.0,12.633333,Mon,L
O,966.0,305.0,20,0.0,13.45,Thu,L
O,294.0,187.0,200,0.0,18.75,Wed,L
I,464.0,5104.0,20,0.0,14.25,Wed,VF
I,464.0,5104.0,20,0.0,14.25,Wed,VF
