Gender,Caste,coaching,Class_ten_education,twelve_education,medium,Class_X_Percentage,Class_XII_Percentage,Father_occupation,Mother_occupation,time,Performance
female,ST,NO,CBSE,CBSE,ENGLISH,Excellent,Excellent,OTHERS,DOCTOR,ONE,Average
male,SC,NO,SEBA,AHSEC,ENGLISH,Excellent,Excellent,OTHERS,OTHERS,ONE,Average
female,ST,WA,SEBA,AHSEC,ENGLISH,Vg,Vg,OTHERS,SCHOOL_TEACHER,ONE,Average
male,ST,WA,SEBA,AHSEC,ENGLISH,Good,Good,OTHERS,SCHOOL_TEACHER,TWO,Average
male,ST,NO,CBSE,CBSE,ENGLISH,Excellent,Excellent,OTHERS,HOUSE_WIFE,THREE,Average
female,SC,WA,SEBA,AHSEC,ENGLISH,Excellent,Excellent,OTHERS,HOUSE_WIFE,TWO,Average
female,ST,WA,SEBA,AHSEC,ENGLISH,Excellent,Vg,OTHERS,HOUSE_WIFE,TWO,Average
female,ST,WA,SEBA,AHSEC,ENGLISH,Excellent,Good,SCHOOL_TEACHER,HOUSE_WIFE,TWO,Average
male,ST,OA,CBSE,CBSE,ENGLISH,Vg,Excellent,OTHERS,HOUSE_WIFE,THREE,Average
male,ST,WA,SEBA,AHSEC,ENGLISH,Vg,Good,OTHERS,HOUSE_WIFE,TWO,Average
male,OBC,WA,SEBA,CBSE,ENGLISH,Vg,Vg,BUSINESS,HOUSE_WIFE,ONE,Average
female,ST,WA,SEBA,CBSE,ENGLISH,Vg,Vg,BUSINESS,HOUSE_WIFE,TWO,Average
male,OBC,NO,CBSE,CBSE,ENGLISH,Excellent,Excellent,SCHOOL_TEACHER,HOUSE_WIFE,TWO,Average
female,ST,WA,SEBA,AHSEC,ENGLISH,Vg,Vg,BANK_OFFICIAL,HOUSE_WIFE,TWO,Average
male,OBC,NO,SEBA,AHSEC,ASSAMESE,Excellent,Excellent,BUSINESS,SCHOOL_TEACHER,TWO,Average
female,SC,WA,SEBA,AHSEC,ASSAMESE,Good,Good,SCHOOL_TEACHER,HOUSE_WIFE,THREE,Average
male,ST,WA,SEBA,AHSEC,ENGLISH,Excellent,Excellent,OTHERS,OTHERS,ONE,Average
male,ST,WA,SEBA,AHSEC,ENGLISH,Excellent,Good,OTHERS,HOUSE_WIFE,TWO,Average
male,ST,WA,SEBA,AHSEC,ENGLISH,Good,Good,SCHOOL_TEACHER,HOUSE_WIFE,THREE,Average
male,ST,WA,SEBA,AHSEC,ENGLISH,Good,Good,ENGINEER,SCHOOL_TEACHER,ONE,Average
male,ST,NO,SEBA,AHSEC,ENGLISH,Average,Good,BUSINESS,HOUSE_WIFE,TWO,Average
male,OBC,NO,SEBA,AHSEC,ENGLISH,Vg,Vg,OTHERS,HOUSE_WIFE,TWO,Average
male,OBC,WA,SEBA,AHSEC,ENGLISH,Vg,Vg,OTHERS,OTHERS,TWO,Average
male,OBC,WA,SEBA,AHSEC,ASSAMESE,Vg,Good,BUSINESS,HOUSE_WIFE,THREE,Average
female,SC,WA,SEBA,CBSE,ENGLISH,Excellent,Excellent,BUSINESS,HOUSE_WIFE,ONE,Average
female,ST,NO,CBSE,CBSE,ENGLISH,Excellent,Excellent,BANK_OFFICIAL,HOUSE_WIFE,TWO,Average
male,SC,WA,SEBA,AHSEC,ENGLISH,Excellent,Vg,OTHERS,SCHOOL_TEACHER,TWO,Average
male,ST,WA,CBSE,AHSEC,ENGLISH,Good,Good,OTHERS,SCHOOL_TEACHER,TWO,Average
male,ST,WA,CBSE,CBSE,ENGLISH,Excellent,Excellent,OTHERS,SCHOOL_TEACHER,ONE,Average
male,ST,WA,CBSE,CBSE,ENGLISH,Excellent,Vg,SCHOOL_TEACHER,HOUSE_WIFE,TWO,Average
female,ST,NO,SEBA,AHSEC,ENGLISH,Vg,Good,BUSINESS,SCHOOL_TEACHER,ONE,Average
female,ST,WA,CBSE,CBSE,ENGLISH,Vg,Vg,OTHERS,HOUSE_WIFE,TWO,Average
female,ST,WA,SEBA,AHSEC,ASSAMESE,Vg,Good,CULTIVATOR,HOUSE_WIFE,FOUR,Average
male,SC,WA,SEBA,AHSEC,ASSAMESE,Excellent,Excellent,ENGINEER,HOUSE_WIFE,TWO,Average
male,ST,WA,SEBA,AHSEC,ENGLISH,Good,Good,OTHERS,HOUSE_WIFE,TWO,Average
male,ST,NO,SEBA,AHSEC,ENGLISH,Excellent,Excellent,OTHERS,OTHERS,ONE,Average
male,ST,WA,SEBA,AHSEC,ENGLISH,Vg,Vg,SCHOOL_TEACHER,HOUSE_WIFE,TWO,Average
female,SC,WA,SEBA,AHSEC,ENGLISH,Excellent,Vg,OTHERS,HOUSE_WIFE,TWO,Average
female,ST,WA,SEBA,AHSEC,ENGLISH,Excellent,Vg,SCHOOL_TEACHER,HOUSE_WIFE,TWO,Average
female,ST,WA,SEBA,AHSEC,ENGLISH,Excellent,Vg,OTHERS,SCHOOL_TEACHER,TWO,Average
female,SC,WA,CBSE,CBSE,ENGLISH,Excellent,Excellent,OTHERS,HOUSE_WIFE,TWO,Average
female,ST,WA,SEBA,AHSEC,ENGLISH,Vg,Vg,BUSINESS,DOCTOR,ONE,Average
female,ST,WA,OTHERS,OTHERS,ENGLISH,Excellent,Excellent,DOCTOR,COLLEGE_TEACHER,TWO,Average
female,ST,WA,CBSE,AHSEC,ENGLISH,Excellent,Good,BUSINESS,HOUSE_WIFE,TWO,Average
female,SC,NO,CBSE,CBSE,ENGLISH,Excellent,Excellent,OTHERS,OTHERS,TWO,Average
female,ST,WA,SEBA,AHSEC,ENGLISH,Excellent,Excellent,SCHOOL_TEACHER,HOUSE_WIFE,TWO,Average
female,OBC,NO,SEBA,AHSEC,ENGLISH,Excellent,Excellent,OTHERS,SCHOOL_TEACHER,ONE,Average
female,ST,WA,OTHERS,OTHERS,ENGLISH,Vg,Vg,SCHOOL_TEACHER,HOUSE_WIFE,TWO,Average
female,ST,WA,SEBA,AHSEC,ENGLISH,Good,Good,SCHOOL_TEACHER,HOUSE_WIFE,THREE,Average
female,OBC,WA,SEBA,AHSEC,ASSAMESE,Excellent,Excellent,OTHERS,HOUSE_WIFE,TWO,Average
female,ST,WA,SEBA,AHSEC,ASSAMESE,Excellent,Vg,OTHERS,OTHERS,TWO,Average
male,ST,NO,CBSE,CBSE,ENGLISH,Excellent,Excellent,CULTIVATOR,HOUSE_WIFE,ONE,Average
male,General,NO,SEBA,AHSEC,ENGLISH,Excellent,Excellent,BUSINESS,HOUSE_WIFE,TWO,Excellent
male,General,WA,SEBA,AHSEC,OTHERS,Good,Good,SCHOOL_TEACHER,SCHOOL_TEACHER,TWO,Excellent
female,General,WA,CBSE,CBSE,ENGLISH,Excellent,Excellent,OTHERS,SCHOOL_TEACHER,TWO,Excellent
male,General,OA,CBSE,CBSE,ENGLISH,Excellent,Excellent,BUSINESS,HOUSE_WIFE,TWO,Excellent
female,General,OA,CBSE,CBSE,ENGLISH,Excellent,Excellent,COLLEGE_TEACHER,HOUSE_WIFE,TWO,Excellent
female,General,WA,SEBA,AHSEC,ENGLISH,Excellent,Excellent,DOCTOR,COLLEGE_TEACHER,TWO,Excellent
male,General,WA,SEBA,CBSE,ENGLISH,Excellent,Excellent,OTHERS,HOUSE_WIFE,ONE,Excellent
male,SC,OA,CBSE,CBSE,ENGLISH,Excellent,Excellent,OTHERS,HOUSE_WIFE,TWO,Excellent
female,General,OA,CBSE,AHSEC,ENGLISH,Excellent,Excellent,BUSINESS,HOUSE_WIFE,TWO,Excellent
female,General,WA,SEBA,AHSEC,ENGLISH,Excellent,Excellent,BANK_OFFICIAL,SCHOOL_TEACHER,TWO,Excellent
female,OBC,NO,SEBA,AHSEC,ASSAMESE,Excellent,Excellent,COLLEGE_TEACHER,COLLEGE_TEACHER,ONE,Excellent
female,OBC,WA,SEBA,CBSE,ENGLISH,Excellent,Excellent,SCHOOL_TEACHER,HOUSE_WIFE,TWO,Excellent
male,OBC,WA,SEBA,AHSEC,OTHERS,Good,Good,OTHERS,HOUSE_WIFE,TWO,Excellent
male,General,WA,CBSE,CBSE,ENGLISH,Excellent,Excellent,BANK_OFFICIAL,HOUSE_WIFE,TWO,Excellent
female,General,OA,CBSE,CBSE,ENGLISH,Excellent,Excellent,ENGINEER,HOUSE_WIFE,TWO,Excellent
female,General,WA,SEBA,AHSEC,OTHERS,Vg,Vg,OTHERS,HOUSE_WIFE,THREE,Excellent
female,General,WA,CBSE,CBSE,ENGLISH,Excellent,Excellent,OTHERS,HOUSE_WIFE,TWO,Excellent
male,OBC,NO,SEBA,AHSEC,ENGLISH,Excellent,Excellent,OTHERS,HOUSE_WIFE,ONE,Excellent
male,SC,OA,SEBA,AHSEC,ENGLISH,Good,Good,BUSINESS,HOUSE_WIFE,TWO,Excellent
male,OBC,NO,CBSE,CBSE,ENGLISH,Excellent,Excellent,BUSINESS,OTHERS,ONE,Excellent
female,General,WA,SEBA,AHSEC,ENGLISH,Excellent,Excellent,ENGINEER,HOUSE_WIFE,TWO,Excellent
female,General,OA,CBSE,CBSE,ENGLISH,Excellent,Excellent,DOCTOR,DOCTOR,ONE,Excellent
female,General,WA,CBSE,CBSE,ENGLISH,Excellent,Excellent,OTHERS,HOUSE_WIFE,TWO,Excellent
female,General,WA,CBSE,CBSE,ENGLISH,Excellent,Excellent,DOCTOR,OTHERS,TWO,Excellent
female,General,NO,CBSE,CBSE,ENGLISH,Excellent,Excellent,COLLEGE_TEACHER,SCHOOL_TEACHER,ONE,Excellent
male,General,WA,SEBA,AHSEC,OTHERS,Excellent,Excellent,OTHERS,HOUSE_WIFE,TWO,Excellent
female,General,NO,CBSE,CBSE,ENGLISH,Excellent,Excellent,COLLEGE_TEACHER,SCHOOL_TEACHER,TWO,Excellent
male,General,OA,CBSE,CBSE,ENGLISH,Excellent,Excellent,OTHERS,HOUSE_WIFE,TWO,Excellent
male,General,WA,CBSE,CBSE,ENGLISH,Excellent,Excellent,DOCTOR,SCHOOL_TEACHER,TWO,Excellent
male,General,OA,SEBA,CBSE,ENGLISH,Excellent,Excellent,BUSINESS,SCHOOL_TEACHER,ONE,Excellent
male,General,NO,CBSE,AHSEC,ENGLISH,Excellent,Excellent,OTHERS,HOUSE_WIFE,TWO,Excellent
female,General,WA,SEBA,AHSEC,ENGLISH,Excellent,Vg,OTHERS,COLLEGE_TEACHER,TWO,Excellent
male,General,OA,SEBA,AHSEC,ENGLISH,Excellent,Excellent,ENGINEER,HOUSE_WIFE,TWO,Excellent
male,General,WA,CBSE,CBSE,ENGLISH,Excellent,Vg,ENGINEER,HOUSE_WIFE,TWO,Excellent
male,General,OA,SEBA,CBSE,ENGLISH,Excellent,Excellent,DOCTOR,HOUSE_WIFE,ONE,Excellent
male,OBC,WA,SEBA,AHSEC,ASSAMESE,Average,Average,BUSINESS,OTHERS,ONE,Excellent
male,General,WA,CBSE,CBSE,ENGLISH,Excellent,Excellent,OTHERS,HOUSE_WIFE,TWO,Excellent
male,SC,WA,SEBA,AHSEC,OTHERS,Excellent,Vg,OTHERS,HOUSE_WIFE,TWO,Excellent
male,General,NO,SEBA,AHSEC,OTHERS,Vg,Vg,BANK_OFFICIAL,SCHOOL_TEACHER,ONE,Excellent
female,General,WA,CBSE,CBSE,ENGLISH,Excellent,Excellent,OTHERS,OTHERS,TWO,Excellent
male,General,WA,SEBA,AHSEC,ASSAMESE,Excellent,Excellent,OTHERS,HOUSE_WIFE,TWO,Excellent
male,General,OA,SEBA,CBSE,ENGLISH,Excellent,Excellent,COLLEGE_TEACHER,HOUSE_WIFE,TWO,Excellent
male,OBC,WA,SEBA,AHSEC,ENGLISH,Excellent,Excellent,OTHERS,HOUSE_WIFE,TWO,Excellent
male,General,WA,SEBA,AHSEC,ENGLISH,Excellent,Excellent,BUSINESS,HOUSE_WIFE,TWO,Excellent
male,General,NO,CBSE,CBSE,ENGLISH,Excellent,Excellent,OTHERS,COLLEGE_TEACHER,ONE,Excellent
male,General,OA,CBSE,CBSE,ENGLISH,Excellent,Excellent,BUSINESS,HOUSE_WIFE,ONE,Excellent
male,General,WA,SEBA,AHSEC,OTHERS,Excellent,Excellent,SCHOOL_TEACHER,SCHOOL_TEACHER,ONE,Excellent
male,General,WA,CBSE,CBSE,ENGLISH,Excellent,Excellent,DOCTOR,DOCTOR,TWO,Excellent
female,General,WA,SEBA,AHSEC,ENGLISH,Excellent,Excellent,COLLEGE_TEACHER,SCHOOL_TEACHER,TWO,Excellent
male,General,NO,CBSE,CBSE,ENGLISH,Excellent,Good,BANK_OFFICIAL,HOUSE_WIFE,TWO,Excellent
female,General,WA,SEBA,AHSEC,ENGLISH,Excellent,Excellent,SCHOOL_TEACHER,OTHERS,TWO,Excellent
male,General,OA,CBSE,CBSE,ENGLISH,Excellent,Excellent,OTHERS,HOUSE_WIFE,TWO,Excellent
female,OBC,WA,SEBA,AHSEC,ENGLISH,Excellent,Excellent,OTHERS,HOUSE_WIFE,TWO,Good
female,General,WA,SEBA,AHSEC,ASSAMESE,Excellent,Vg,SCHOOL_TEACHER,HOUSE_WIFE,THREE,Good
male,SC,OA,SEBA,CBSE,OTHERS,Vg,Good,OTHERS,HOUSE_WIFE,TWO,Good
male,General,NO,SEBA,AHSEC,OTHERS,Excellent,Excellent,SCHOOL_TEACHER,SCHOOL_TEACHER,ONE,Good
male,General,WA,SEBA,AHSEC,ASSAMESE,Vg,Vg,SCHOOL_TEACHER,SCHOOL_TEACHER,THREE,Good
female,General,NO,CBSE,CBSE,ENGLISH,Excellent,Excellent,OTHERS,HOUSE_WIFE,ONE,Good
male,General,NO,SEBA,AHSEC,OTHERS,Excellent,Excellent,OTHERS,HOUSE_WIFE,TWO,Good
male,SC,OA,CBSE,CBSE,ENGLISH,Excellent,Excellent,OTHERS,OTHERS,TWO,Good
female,OBC,WA,CBSE,CBSE,ENGLISH,Excellent,Excellent,OTHERS,HOUSE_WIFE,ONE,Good
female,General,WA,OTHERS,CBSE,ENGLISH,Excellent,Excellent,ENGINEER,DOCTOR,ONE,Good
male,OBC,WA,SEBA,AHSEC,ENGLISH,Excellent,Excellent,OTHERS,HOUSE_WIFE,ONE,Good
male,General,WA,SEBA,AHSEC,OTHERS,Average,Good,SCHOOL_TEACHER,HOUSE_WIFE,TWO,Good
male,OBC,WA,CBSE,CBSE,ENGLISH,Excellent,Excellent,SCHOOL_TEACHER,HOUSE_WIFE,TWO,Good
female,General,WA,SEBA,CBSE,ENGLISH,Excellent,Vg,BANK_OFFICIAL,HOUSE_WIFE,TWO,Good
male,General,WA,SEBA,AHSEC,ASSAMESE,Excellent,Excellent,SCHOOL_TEACHER,SCHOOL_TEACHER,TWO,Good
female,OBC,WA,SEBA,AHSEC,ENGLISH,Excellent,Excellent,OTHERS,SCHOOL_TEACHER,TWO,Good
female,General,WA,CBSE,CBSE,ENGLISH,Excellent,Vg,BUSINESS,HOUSE_WIFE,THREE,Good
male,OBC,OA,SEBA,OTHERS,ENGLISH,Vg,Average,COLLEGE_TEACHER,HOUSE_WIFE,FOUR,Good
female,OBC,WA,SEBA,AHSEC,ENGLISH,Excellent,Excellent,OTHERS,HOUSE_WIFE,TWO,Good
male,General,OA,SEBA,CBSE,ENGLISH,Excellent,Excellent,OTHERS,HOUSE_WIFE,TWO,Good
female,General,WA,SEBA,CBSE,ENGLISH,Excellent,Excellent,BANK_OFFICIAL,HOUSE_WIFE,TWO,Good
female,General,WA,SEBA,AHSEC,ENGLISH,Excellent,Excellent,SCHOOL_TEACHER,SCHOOL_TEACHER,TWO,Good
female,General,WA,CBSE,CBSE,ENGLISH,Excellent,Excellent,BUSINESS,HOUSE_WIFE,TWO,Good
male,General,WA,SEBA,AHSEC,ENGLISH,Good,Vg,BUSINESS,HOUSE_WIFE,THREE,Good
male,OBC,WA,SEBA,AHSEC,ENGLISH,Excellent,Vg,SCHOOL_TEACHER,HOUSE_WIFE,TWO,Good
male,General,NO,SEBA,AHSEC,ENGLISH,Excellent,Excellent,ENGINEER,COLLEGE_TEACHER,TWO,Good
male,General,NO,CBSE,CBSE,ENGLISH,Excellent,Vg,SCHOOL_TEACHER,HOUSE_WIFE,TWO,Good
male,General,NO,SEBA,AHSEC,ENGLISH,Vg,Vg,OTHERS,HOUSE_WIFE,ONE,Good
female,General,WA,SEBA,CBSE,ENGLISH,Good,Vg,BUSINESS,HOUSE_WIFE,TWO,Good
male,General,NO,CBSE,CBSE,ENGLISH,Excellent,Excellent,OTHERS,HOUSE_WIFE,ONE,Good
male,SC,WA,CBSE,CBSE,ENGLISH,Excellent,Excellent,OTHERS,HOUSE_WIFE,THREE,Good
male,General,OA,CBSE,CBSE,ENGLISH,Excellent,Excellent,ENGINEER,HOUSE_WIFE,ONE,Good
female,General,WA,SEBA,AHSEC,ENGLISH,Excellent,Excellent,BANK_OFFICIAL,OTHERS,ONE,Good
female,General,WA,CBSE,CBSE,ENGLISH,Excellent,Excellent,COLLEGE_TEACHER,SCHOOL_TEACHER,TWO,Good
female,General,WA,SEBA,AHSEC,ASSAMESE,Excellent,Excellent,SCHOOL_TEACHER,SCHOOL_TEACHER,TWO,Good
male,General,WA,SEBA,AHSEC,OTHERS,Vg,Vg,SCHOOL_TEACHER,SCHOOL_TEACHER,THREE,Good
female,OBC,WA,SEBA,AHSEC,ENGLISH,Vg,Vg,OTHERS,HOUSE_WIFE,ONE,Good
female,General,OA,CBSE,CBSE,ENGLISH,Excellent,Vg,ENGINEER,HOUSE_WIFE,TWO,Good
male,OBC,NO,SEBA,AHSEC,ENGLISH,Good,Good,OTHERS,OTHERS,TWO,Good
female,General,WA,SEBA,CBSE,ENGLISH,Excellent,Good,OTHERS,HOUSE_WIFE,TWO,Good
male,General,WA,SEBA,CBSE,ENGLISH,Excellent,Vg,OTHERS,HOUSE_WIFE,TWO,Good
female,OBC,OA,CBSE,CBSE,ENGLISH,Vg,Vg,BUSINESS,HOUSE_WIFE,THREE,Good
female,General,NO,SEBA,AHSEC,ENGLISH,Excellent,Excellent,DOCTOR,DOCTOR,ONE,Good
female,General,NO,SEBA,AHSEC,ENGLISH,Excellent,Excellent,ENGINEER,HOUSE_WIFE,ONE,Good
male,General,NO,CBSE,AHSEC,ENGLISH,Excellent,Excellent,OTHERS,SCHOOL_TEACHER,ONE,Good
male,General,WA,SEBA,AHSEC,ASSAMESE,Excellent,Vg,OTHERS,HOUSE_WIFE,TWO,Good
male,OBC,OA,CBSE,CBSE,ENGLISH,Vg,Vg,DOCTOR,HOUSE_WIFE,TWO,Good
male,General,WA,SEBA,AHSEC,ENGLISH,Excellent,Excellent,OTHERS,HOUSE_WIFE,THREE,Good
male,OBC,NO,SEBA,AHSEC,OTHERS,Good,Average,SCHOOL_TEACHER,HOUSE_WIFE,FIVE,Good
male,General,WA,CBSE,CBSE,ENGLISH,Excellent,Vg,OTHERS,HOUSE_WIFE,TWO,Good
male,OBC,OA,CBSE,CBSE,ENGLISH,Excellent,Excellent,BUSINESS,OTHERS,TWO,Good
male,OBC,NO,CBSE,CBSE,ENGLISH,Excellent,Excellent,OTHERS,HOUSE_WIFE,ONE,Good
female,OBC,WA,CBSE,CBSE,ENGLISH,Excellent,Good,OTHERS,HOUSE_WIFE,SEVEN,Good
male,SC,WA,SEBA,AHSEC,ENGLISH,Excellent,Excellent,DOCTOR,HOUSE_WIFE,TWO,Good
female,SC,WA,CBSE,CBSE,ENGLISH,Excellent,Excellent,OTHERS,HOUSE_WIFE,TWO,Good
female,OBC,WA,SEBA,AHSEC,ENGLISH,Vg,Excellent,DOCTOR,HOUSE_WIFE,ONE,Good
female,OBC,WA,SEBA,AHSEC,OTHERS,Excellent,Excellent,BUSINESS,HOUSE_WIFE,ONE,Good
male,General,WA,CBSE,CBSE,ENGLISH,Excellent,Vg,OTHERS,OTHERS,TWO,Good
female,OBC,WA,SEBA,AHSEC,ENGLISH,Excellent,Excellent,OTHERS,OTHERS,THREE,Good
male,OBC,WA,SEBA,AHSEC,ASSAMESE,Excellent,Vg,SCHOOL_TEACHER,HOUSE_WIFE,TWO,Good
female,General,WA,SEBA,AHSEC,ENGLISH,Excellent,Excellent,DOCTOR,HOUSE_WIFE,TWO,Good
female,General,OA,CBSE,CBSE,ENGLISH,Excellent,Excellent,SCHOOL_TEACHER,SCHOOL_TEACHER,ONE,Good
female,General,NO,SEBA,AHSEC,ENGLISH,Excellent,Excellent,SCHOOL_TEACHER,SCHOOL_TEACHER,ONE,Good
female,OBC,NO,SEBA,AHSEC,ENGLISH,Excellent,Vg,BUSINESS,HOUSE_WIFE,TWO,Good
female,General,NO,CBSE,CBSE,ENGLISH,Excellent,Excellent,DOCTOR,HOUSE_WIFE,ONE,Good
male,General,WA,SEBA,AHSEC,OTHERS,Vg,Good,SCHOOL_TEACHER,HOUSE_WIFE,THREE,Good
female,OBC,WA,CBSE,CBSE,ENGLISH,Excellent,Excellent,SCHOOL_TEACHER,OTHERS,TWO,Good
male,General,WA,SEBA,AHSEC,ENGLISH,Excellent,Excellent,OTHERS,HOUSE_WIFE,TWO,Good
male,General,WA,CBSE,CBSE,ENGLISH,Excellent,Vg,OTHERS,HOUSE_WIFE,ONE,Good
female,OBC,WA,CBSE,CBSE,ENGLISH,Excellent,Excellent,OTHERS,OTHERS,ONE,Good
male,General,WA,CBSE,CBSE,ENGLISH,Excellent,Excellent,BUSINESS,HOUSE_WIFE,TWO,Good
male,General,WA,SEBA,AHSEC,ENGLISH,Excellent,Excellent,DOCTOR,HOUSE_WIFE,ONE,Good
male,General,WA,SEBA,AHSEC,ENGLISH,Excellent,Excellent,SCHOOL_TEACHER,HOUSE_WIFE,ONE,Good
female,OBC,WA,CBSE,CBSE,ENGLISH,Excellent,Vg,OTHERS,HOUSE_WIFE,TWO,Good
female,OBC,WA,CBSE,CBSE,ENGLISH,Excellent,Excellent,OTHERS,OTHERS,ONE,Good
female,OBC,WA,SEBA,AHSEC,ENGLISH,Excellent,Excellent,OTHERS,SCHOOL_TEACHER,TWO,Good
female,OBC,WA,SEBA,AHSEC,OTHERS,Good,Good,BUSINESS,HOUSE_WIFE,THREE,Good
male,General,WA,CBSE,CBSE,ENGLISH,Excellent,Excellent,OTHERS,HOUSE_WIFE,TWO,Good
female,OBC,WA,SEBA,AHSEC,ENGLISH,Vg,Good,BUSINESS,HOUSE_WIFE,FOUR,Good
female,OBC,OA,SEBA,AHSEC,ENGLISH,Excellent,Excellent,SCHOOL_TEACHER,SCHOOL_TEACHER,TWO,Good
female,OBC,WA,CBSE,CBSE,ENGLISH,Excellent,Excellent,DOCTOR,OTHERS,TWO,Good
male,General,WA,SEBA,AHSEC,OTHERS,Excellent,Excellent,OTHERS,SCHOOL_TEACHER,TWO,Good
male,General,WA,SEBA,AHSEC,OTHERS,Excellent,Vg,OTHERS,OTHERS,TWO,Good
female,General,NO,SEBA,AHSEC,ENGLISH,Excellent,Excellent,SCHOOL_TEACHER,SCHOOL_TEACHER,ONE,Good
female,OBC,NO,SEBA,AHSEC,ENGLISH,Excellent,Excellent,OTHERS,HOUSE_WIFE,ONE,Good
male,General,WA,SEBA,AHSEC,ENGLISH,Excellent,Excellent,SCHOOL_TEACHER,SCHOOL_TEACHER,ONE,Good
male,OBC,OA,SEBA,AHSEC,ENGLISH,Excellent,Excellent,DOCTOR,HOUSE_WIFE,TWO,Good
male,OBC,NO,SEBA,AHSEC,ENGLISH,Excellent,Vg,OTHERS,HOUSE_WIFE,THREE,Good
female,General,WA,SEBA,AHSEC,ASSAMESE,Excellent,Vg,DOCTOR,OTHERS,THREE,Good
female,General,WA,SEBA,CBSE,ENGLISH,Excellent,Excellent,BUSINESS,HOUSE_WIFE,ONE,Good
male,General,NO,SEBA,AHSEC,OTHERS,Excellent,Excellent,CULTIVATOR,HOUSE_WIFE,ONE,Good
female,General,WA,CBSE,CBSE,ENGLISH,Excellent,Excellent,DOCTOR,OTHERS,TWO,Good
male,General,WA,SEBA,AHSEC,ENGLISH,Excellent,Excellent,OTHERS,HOUSE_WIFE,ONE,Good
female,General,NO,CBSE,CBSE,ENGLISH,Excellent,Vg,OTHERS,HOUSE_WIFE,TWO,Good
male,General,WA,SEBA,AHSEC,ENGLISH,Excellent,Excellent,OTHERS,HOUSE_WIFE,ONE,Good
female,SC,NO,SEBA,AHSEC,ENGLISH,Excellent,Excellent,BUSINESS,HOUSE_WIFE,THREE,Good
female,General,WA,SEBA,AHSEC,ENGLISH,Excellent,Excellent,OTHERS,OTHERS,TWO,Good
female,General,WA,CBSE,CBSE,ENGLISH,Excellent,Good,BUSINESS,HOUSE_WIFE,ONE,Good
male,General,WA,SEBA,AHSEC,ENGLISH,Vg,Vg,SCHOOL_TEACHER,SCHOOL_TEACHER,TWO,Good
male,General,NO,SEBA,AHSEC,OTHERS,Excellent,Excellent,SCHOOL_TEACHER,HOUSE_WIFE,ONE,Good
male,OBC,WA,CBSE,CBSE,ENGLISH,Excellent,Excellent,OTHERS,HOUSE_WIFE,TWO,Good
male,General,WA,SEBA,AHSEC,ENGLISH,Excellent,Vg,OTHERS,HOUSE_WIFE,TWO,Good
male,General,NO,SEBA,AHSEC,OTHERS,Good,Good,SCHOOL_TEACHER,HOUSE_WIFE,TWO,Good
female,OBC,WA,SEBA,AHSEC,ASSAMESE,Excellent,Excellent,OTHERS,SCHOOL_TEACHER,ONE,Good
male,SC,NO,CBSE,CBSE,ENGLISH,Excellent,Excellent,BUSINESS,HOUSE_WIFE,ONE,Good
male,General,WA,SEBA,AHSEC,ENGLISH,Vg,Vg,BUSINESS,HOUSE_WIFE,TWO,Good
male,OBC,WA,CBSE,CBSE,ENGLISH,Vg,Good,BUSINESS,HOUSE_WIFE,TWO,Good
male,General,NO,SEBA,AHSEC,ENGLISH,Vg,Vg,OTHERS,HOUSE_WIFE,TWO,Good
male,General,WA,CBSE,CBSE,ENGLISH,Excellent,Excellent,SCHOOL_TEACHER,SCHOOL_TEACHER,TWO,Good
male,General,WA,SEBA,AHSEC,OTHERS,Vg,Vg,SCHOOL_TEACHER,HOUSE_WIFE,TWO,Good
female,ST,WA,SEBA,AHSEC,OTHERS,Excellent,Excellent,SCHOOL_TEACHER,SCHOOL_TEACHER,ONE,Good
female,General,NO,SEBA,AHSEC,ENGLISH,Excellent,Excellent,OTHERS,SCHOOL_TEACHER,ONE,Good
female,OBC,NO,SEBA,AHSEC,ENGLISH,Excellent,Excellent,OTHERS,OTHERS,ONE,Good
male,SC,NO,CBSE,CBSE,ENGLISH,Excellent,Vg,OTHERS,HOUSE_WIFE,THREE,Good
male,OBC,WA,SEBA,AHSEC,ASSAMESE,Excellent,Vg,OTHERS,HOUSE_WIFE,TWO,Good
female,OBC,WA,SEBA,AHSEC,ENGLISH,Excellent,Vg,OTHERS,HOUSE_WIFE,TWO,Good
male,General,OA,CBSE,CBSE,ENGLISH,Excellent,Excellent,OTHERS,SCHOOL_TEACHER,TWO,Good
male,General,NO,CBSE,CBSE,ENGLISH,Excellent,Excellent,OTHERS,HOUSE_WIFE,TWO,Good
male,General,WA,CBSE,CBSE,ENGLISH,Excellent,Vg,BUSINESS,HOUSE_WIFE,TWO,Good
male,SC,WA,CBSE,CBSE,ENGLISH,Excellent,Excellent,CULTIVATOR,HOUSE_WIFE,TWO,Good
male,General,OA,CBSE,CBSE,ENGLISH,Excellent,Excellent,DOCTOR,SCHOOL_TEACHER,ONE,Good
male,General,NO,CBSE,CBSE,ENGLISH,Excellent,Excellent,DOCTOR,HOUSE_WIFE,ONE,Good
male,General,NO,SEBA,AHSEC,OTHERS,Vg,Vg,BUSINESS,HOUSE_WIFE,TWO,Good
male,General,WA,SEBA,AHSEC,OTHERS,Vg,Good,SCHOOL_TEACHER,HOUSE_WIFE,FOUR,Good
female,SC,WA,SEBA,AHSEC,ENGLISH,Excellent,Excellent,OTHERS,HOUSE_WIFE,TWO,Good
male,OBC,WA,CBSE,CBSE,ENGLISH,Excellent,Excellent,OTHERS,HOUSE_WIFE,TWO,Good
female,General,WA,SEBA,CBSE,ENGLISH,Excellent,Excellent,BUSINESS,HOUSE_WIFE,ONE,Good
female,General,WA,CBSE,CBSE,ENGLISH,Excellent,Vg,OTHERS,OTHERS,TWO,Good
female,General,WA,SEBA,CBSE,ENGLISH,Excellent,Excellent,OTHERS,HOUSE_WIFE,TWO,Good
female,OBC,WA,SEBA,AHSEC,ENGLISH,Excellent,Excellent,OTHERS,OTHERS,TWO,Good
male,General,WA,CBSE,CBSE,ENGLISH,Excellent,Excellent,BUSINESS,OTHERS,TWO,Good
female,General,NO,SEBA,CBSE,ENGLISH,Excellent,Excellent,SCHOOL_TEACHER,SCHOOL_TEACHER,ONE,Good
female,OBC,WA,SEBA,AHSEC,ENGLISH,Excellent,Vg,OTHERS,HOUSE_WIFE,TWO,Good
male,General,NO,CBSE,CBSE,ENGLISH,Excellent,Vg,BUSINESS,HOUSE_WIFE,ONE,Good
male,General,NO,SEBA,CBSE,ENGLISH,Excellent,Excellent,BUSINESS,HOUSE_WIFE,ONE,Good
female,SC,WA,OTHERS,CBSE,ENGLISH,Excellent,Excellent,DOCTOR,HOUSE_WIFE,ONE,Good
female,OBC,WA,SEBA,AHSEC,ENGLISH,Excellent,Excellent,DOCTOR,HOUSE_WIFE,ONE,Good
female,General,NO,SEBA,CBSE,ENGLISH,Excellent,Vg,BUSINESS,HOUSE_WIFE,TWO,Good
female,OBC,WA,SEBA,AHSEC,ENGLISH,Excellent,Vg,DOCTOR,SCHOOL_TEACHER,TWO,Good
male,General,WA,CBSE,CBSE,ENGLISH,Vg,Good,OTHERS,HOUSE_WIFE,THREE,Good
female,General,NO,SEBA,AHSEC,ENGLISH,Excellent,Excellent,OTHERS,SCHOOL_TEACHER,ONE,Good
male,General,WA,SEBA,AHSEC,OTHERS,Vg,Vg,CULTIVATOR,HOUSE_WIFE,THREE,Good
male,OBC,WA,SEBA,AHSEC,ASSAMESE,Excellent,Excellent,SCHOOL_TEACHER,SCHOOL_TEACHER,TWO,Good
female,General,WA,OTHERS,CBSE,ENGLISH,Excellent,Excellent,BUSINESS,HOUSE_WIFE,ONE,Good
male,General,WA,SEBA,AHSEC,OTHERS,Vg,Vg,SCHOOL_TEACHER,HOUSE_WIFE,THREE,Good
female,General,NO,CBSE,CBSE,ENGLISH,Excellent,Good,BUSINESS,OTHERS,THREE,Good
female,General,WA,CBSE,CBSE,ENGLISH,Excellent,Excellent,BUSINESS,SCHOOL_TEACHER,TWO,Good
male,General,OA,CBSE,CBSE,ENGLISH,Excellent,Vg,SCHOOL_TEACHER,HOUSE_WIFE,TWO,Good
female,ST,NO,SEBA,AHSEC,OTHERS,Excellent,Excellent,OTHERS,HOUSE_WIFE,ONE,Good
female,OBC,OA,OTHERS,CBSE,ENGLISH,Excellent,Excellent,BUSINESS,HOUSE_WIFE,ONE,Good
female,General,WA,CBSE,CBSE,ENGLISH,Excellent,Excellent,OTHERS,OTHERS,TWO,Good
male,General,WA,SEBA,AHSEC,ASSAMESE,Excellent,Excellent,DOCTOR,SCHOOL_TEACHER,TWO,Good
female,General,WA,CBSE,CBSE,ENGLISH,Excellent,Excellent,OTHERS,HOUSE_WIFE,TWO,Good
female,SC,NO,SEBA,AHSEC,ENGLISH,Excellent,Excellent,SCHOOL_TEACHER,SCHOOL_TEACHER,ONE,Good
female,General,WA,SEBA,AHSEC,OTHERS,Excellent,Excellent,OTHERS,HOUSE_WIFE,ONE,Good
male,General,WA,SEBA,AHSEC,ENGLISH,Excellent,Vg,SCHOOL_TEACHER,SCHOOL_TEACHER,THREE,Good
male,OBC,NO,SEBA,AHSEC,ENGLISH,Good,Vg,OTHERS,OTHERS,TWO,Good
male,General,WA,SEBA,AHSEC,OTHERS,Vg,Excellent,SCHOOL_TEACHER,HOUSE_WIFE,TWO,Good
male,General,WA,CBSE,CBSE,ENGLISH,Good,Good,SCHOOL_TEACHER,HOUSE_WIFE,THREE,Good
male,SC,WA,SEBA,AHSEC,ASSAMESE,Excellent,Vg,SCHOOL_TEACHER,HOUSE_WIFE,TWO,Good
male,General,WA,SEBA,AHSEC,OTHERS,Good,Vg,SCHOOL_TEACHER,OTHERS,TWO,Good
male,General,NO,SEBA,AHSEC,OTHERS,Excellent,Excellent,SCHOOL_TEACHER,HOUSE_WIFE,ONE,Good
female,General,WA,SEBA,AHSEC,ENGLISH,Excellent,Excellent,BUSINESS,HOUSE_WIFE,ONE,Good
male,General,OA,CBSE,CBSE,ENGLISH,Excellent,Excellent,CULTIVATOR,HOUSE_WIFE,TWO,Good
male,General,OA,CBSE,CBSE,ENGLISH,Excellent,Excellent,DOCTOR,SCHOOL_TEACHER,ONE,Good
male,General,WA,SEBA,AHSEC,OTHERS,Vg,Excellent,OTHERS,SCHOOL_TEACHER,TWO,Good
male,General,WA,CBSE,AHSEC,ENGLISH,Excellent,Excellent,SCHOOL_TEACHER,SCHOOL_TEACHER,TWO,Good
female,OBC,NO,CBSE,CBSE,ENGLISH,Excellent,Vg,OTHERS,OTHERS,ONE,Good
female,OBC,WA,SEBA,AHSEC,ASSAMESE,Excellent,Excellent,DOCTOR,HOUSE_WIFE,TWO,Good
male,General,NO,CBSE,CBSE,ENGLISH,Excellent,Excellent,OTHERS,OTHERS,ONE,Good
male,SC,WA,SEBA,AHSEC,OTHERS,Excellent,Excellent,OTHERS,HOUSE_WIFE,ONE,Good
male,General,WA,SEBA,AHSEC,OTHERS,Vg,Vg,OTHERS,HOUSE_WIFE,TWO,Good
male,General,WA,CBSE,CBSE,ENGLISH,Excellent,Excellent,OTHERS,HOUSE_WIFE,ONE,Good
male,OBC,WA,SEBA,AHSEC,ENGLISH,Excellent,Excellent,OTHERS,HOUSE_WIFE,ONE,Good
female,General,WA,CBSE,CBSE,ENGLISH,Excellent,Excellent,OTHERS,HOUSE_WIFE,TWO,Good
male,OBC,NO,SEBA,AHSEC,OTHERS,Average,Good,OTHERS,HOUSE_WIFE,TWO,Good
male,General,NO,CBSE,CBSE,ENGLISH,Excellent,Excellent,OTHERS,HOUSE_WIFE,ONE,Good
female,OBC,WA,SEBA,AHSEC,ENGLISH,Vg,Vg,DOCTOR,HOUSE_WIFE,TWO,Good
male,General,NO,CBSE,CBSE,ENGLISH,Excellent,Excellent,OTHERS,HOUSE_WIFE,ONE,Good
male,OBC,WA,SEBA,AHSEC,ASSAMESE,Good,Average,OTHERS,HOUSE_WIFE,THREE,Good
male,OBC,WA,CBSE,CBSE,ENGLISH,Excellent,Vg,OTHERS,SCHOOL_TEACHER,THREE,Good
male,OBC,WA,CBSE,CBSE,ENGLISH,Excellent,Excellent,BUSINESS,HOUSE_WIFE,TWO,Good
male,OBC,NO,CBSE,AHSEC,ASSAMESE,Vg,Good,SCHOOL_TEACHER,HOUSE_WIFE,THREE,Good
female,OBC,WA,SEBA,CBSE,ENGLISH,Excellent,Vg,OTHERS,OTHERS,TWO,Good
male,OBC,NO,SEBA,CBSE,ENGLISH,Excellent,Excellent,BUSINESS,HOUSE_WIFE,ONE,Good
female,OBC,WA,SEBA,AHSEC,ASSAMESE,Excellent,Vg,BUSINESS,OTHERS,FOUR,Good
female,OBC,WA,SEBA,AHSEC,ENGLISH,Vg,Vg,BUSINESS,HOUSE_WIFE,FOUR,Good
female,OBC,WA,SEBA,AHSEC,ENGLISH,Excellent,Vg,OTHERS,HOUSE_WIFE,THREE,Good
female,OBC,WA,SEBA,AHSEC,ASSAMESE,Excellent,Excellent,CULTIVATOR,SCHOOL_TEACHER,TWO,Good
female,OBC,WA,SEBA,AHSEC,ASSAMESE,Excellent,Vg,OTHERS,SCHOOL_TEACHER,THREE,Good
male,OBC,WA,SEBA,AHSEC,ENGLISH,Excellent,Good,SCHOOL_TEACHER,SCHOOL_TEACHER,ONE,Good
male,OBC,NO,SEBA,AHSEC,ENGLISH,Excellent,Excellent,DOCTOR,OTHERS,ONE,Good
male,OBC,WA,CBSE,CBSE,ENGLISH,Good,Excellent,OTHERS,HOUSE_WIFE,THREE,Good
female,OBC,WA,SEBA,AHSEC,ENGLISH,Excellent,Excellent,OTHERS,SCHOOL_TEACHER,ONE,Good
female,OBC,NO,SEBA,AHSEC,ENGLISH,Excellent,Excellent,SCHOOL_TEACHER,HOUSE_WIFE,ONE,Good
female,OBC,OA,SEBA,AHSEC,ENGLISH,Excellent,Excellent,OTHERS,HOUSE_WIFE,TWO,Good
female,OBC,WA,SEBA,AHSEC,ENGLISH,Excellent,Excellent,DOCTOR,HOUSE_WIFE,TWO,Good
female,OBC,WA,CBSE,CBSE,ENGLISH,Excellent,Excellent,DOCTOR,HOUSE_WIFE,TWO,Good
female,OBC,WA,SEBA,AHSEC,ENGLISH,Vg,Excellent,BUSINESS,HOUSE_WIFE,ONE,Good
male,OBC,WA,CBSE,CBSE,ENGLISH,Excellent,Vg,BUSINESS,HOUSE_WIFE,THREE,Good
female,SC,WA,CBSE,CBSE,ENGLISH,Excellent,Excellent,OTHERS,HOUSE_WIFE,THREE,Good
male,SC,WA,SEBA,AHSEC,ENGLISH,Vg,Good,SCHOOL_TEACHER,HOUSE_WIFE,THREE,Good
female,SC,WA,SEBA,AHSEC,ENGLISH,Excellent,Vg,BUSINESS,HOUSE_WIFE,TWO,Good
female,SC,NO,SEBA,AHSEC,OTHERS,Excellent,Excellent,ENGINEER,HOUSE_WIFE,TWO,Good
female,SC,OA,SEBA,AHSEC,ENGLISH,Excellent,Vg,OTHERS,HOUSE_WIFE,TWO,Good
female,SC,WA,SEBA,AHSEC,ENGLISH,Vg,Vg,OTHERS,HOUSE_WIFE,THREE,Good
male,SC,WA,CBSE,CBSE,ENGLISH,Excellent,Excellent,CULTIVATOR,HOUSE_WIFE,TWO,Good
male,ST,WA,SEBA,AHSEC,ASSAMESE,Excellent,Excellent,SCHOOL_TEACHER,SCHOOL_TEACHER,TWO,Good
female,ST,WA,CBSE,CBSE,ENGLISH,Excellent,Vg,BUSINESS,HOUSE_WIFE,TWO,Good
female,ST,WA,SEBA,AHSEC,ENGLISH,Vg,Vg,BANK_OFFICIAL,HOUSE_WIFE,TWO,Good
male,General,OA,OTHERS,OTHERS,ENGLISH,Vg,Excellent,COLLEGE_TEACHER,SCHOOL_TEACHER,ONE,Vg
male,SC,WA,CBSE,CBSE,ENGLISH,Excellent,Vg,SCHOOL_TEACHER,HOUSE_WIFE,TWO,Vg
female,General,NO,CBSE,CBSE,ENGLISH,Excellent,Excellent,OTHERS,HOUSE_WIFE,TWO,Vg
male,General,NO,SEBA,AHSEC,ENGLISH,Excellent,Excellent,ENGINEER,SCHOOL_TEACHER,ONE,Vg
male,OBC,WA,SEBA,AHSEC,ENGLISH,Excellent,Excellent,SCHOOL_TEACHER,SCHOOL_TEACHER,TWO,Vg
female,General,WA,SEBA,AHSEC,OTHERS,Excellent,Excellent,BANK_OFFICIAL,BANK_OFFICIAL,TWO,Vg
male,General,WA,SEBA,AHSEC,ENGLISH,Excellent,Vg,SCHOOL_TEACHER,HOUSE_WIFE,TWO,Vg
male,General,NO,SEBA,CBSE,ENGLISH,Good,Good,OTHERS,HOUSE_WIFE,ONE,Vg
male,General,WA,SEBA,AHSEC,ENGLISH,Excellent,Excellent,BUSINESS,HOUSE_WIFE,TWO,Vg
male,OBC,OA,SEBA,CBSE,ENGLISH,Vg,Excellent,BUSINESS,HOUSE_WIFE,TWO,Vg
female,General,WA,CBSE,CBSE,ENGLISH,Excellent,Excellent,DOCTOR,DOCTOR,ONE,Vg
male,OBC,NO,CBSE,AHSEC,ENGLISH,Excellent,Excellent,SCHOOL_TEACHER,HOUSE_WIFE,ONE,Vg
male,OBC,WA,CBSE,CBSE,ENGLISH,Excellent,Excellent,OTHERS,HOUSE_WIFE,ONE,Vg
female,General,WA,SEBA,AHSEC,OTHERS,Excellent,Excellent,SCHOOL_TEACHER,HOUSE_WIFE,TWO,Vg
female,General,WA,SEBA,AHSEC,ENGLISH,Excellent,Vg,OTHERS,HOUSE_WIFE,TWO,Vg
female,General,WA,CBSE,CBSE,ENGLISH,Excellent,Excellent,ENGINEER,COLLEGE_TEACHER,TWO,Vg
female,OBC,OA,CBSE,CBSE,ENGLISH,Excellent,Excellent,OTHERS,HOUSE_WIFE,ONE,Vg
female,OBC,OA,SEBA,AHSEC,ENGLISH,Good,Vg,OTHERS,HOUSE_WIFE,THREE,Vg
female,General,WA,OTHERS,CBSE,ENGLISH,Excellent,Excellent,DOCTOR,DOCTOR,ONE,Vg
male,General,NO,SEBA,AHSEC,OTHERS,Excellent,Excellent,SCHOOL_TEACHER,HOUSE_WIFE,ONE,Vg
female,General,WA,SEBA,CBSE,ENGLISH,Excellent,Excellent,DOCTOR,DOCTOR,TWO,Vg
female,OBC,NO,CBSE,AHSEC,ENGLISH,Excellent,Excellent,OTHERS,HOUSE_WIFE,ONE,Vg
female,General,WA,CBSE,CBSE,ENGLISH,Excellent,Excellent,OTHERS,SCHOOL_TEACHER,ONE,Vg
male,General,WA,SEBA,AHSEC,OTHERS,Excellent,Vg,SCHOOL_TEACHER,HOUSE_WIFE,TWO,Vg
male,OBC,WA,SEBA,AHSEC,OTHERS,Excellent,Vg,BUSINESS,HOUSE_WIFE,TWO,Vg
male,General,WA,SEBA,AHSEC,ENGLISH,Excellent,Excellent,BUSINESS,HOUSE_WIFE,TWO,Vg
male,General,NO,SEBA,AHSEC,OTHERS,Vg,Vg,CULTIVATOR,HOUSE_WIFE,THREE,Vg
male,General,OA,CBSE,CBSE,ENGLISH,Excellent,Excellent,OTHERS,SCHOOL_TEACHER,TWO,Vg
male,General,WA,SEBA,AHSEC,OTHERS,Good,Vg,BUSINESS,HOUSE_WIFE,TWO,Vg
male,OBC,WA,SEBA,AHSEC,ENGLISH,Excellent,Excellent,OTHERS,HOUSE_WIFE,TWO,Vg
female,General,WA,CBSE,CBSE,ENGLISH,Excellent,Excellent,ENGINEER,HOUSE_WIFE,TWO,Vg
male,OBC,WA,SEBA,AHSEC,ENGLISH,Excellent,Excellent,OTHERS,HOUSE_WIFE,ONE,Vg
female,SC,NO,CBSE,CBSE,ENGLISH,Excellent,Excellent,BANK_OFFICIAL,HOUSE_WIFE,ONE,Vg
female,General,WA,SEBA,AHSEC,OTHERS,Vg,Vg,OTHERS,HOUSE_WIFE,THREE,Vg
male,General,WA,SEBA,AHSEC,OTHERS,Excellent,Good,SCHOOL_TEACHER,HOUSE_WIFE,THREE,Vg
male,General,WA,SEBA,AHSEC,ENGLISH,Excellent,Vg,BUSINESS,HOUSE_WIFE,TWO,Vg
male,OBC,WA,SEBA,AHSEC,ENGLISH,Excellent,Excellent,SCHOOL_TEACHER,HOUSE_WIFE,THREE,Vg
male,General,WA,CBSE,CBSE,ENGLISH,Excellent,Vg,BUSINESS,HOUSE_WIFE,TWO,Vg
female,General,WA,CBSE,CBSE,ENGLISH,Excellent,Excellent,COLLEGE_TEACHER,ENGINEER,TWO,Vg
female,General,WA,CBSE,CBSE,ENGLISH,Excellent,Excellent,OTHERS,HOUSE_WIFE,ONE,Vg
female,General,NO,SEBA,AHSEC,ENGLISH,Excellent,Vg,OTHERS,HOUSE_WIFE,THREE,Vg
female,SC,OA,SEBA,CBSE,ENGLISH,Excellent,Vg,OTHERS,BANK_OFFICIAL,TWO,Vg
male,OBC,WA,SEBA,AHSEC,OTHERS,Vg,Vg,CULTIVATOR,CULTIVATOR,THREE,Vg
female,General,WA,SEBA,AHSEC,ASSAMESE,Excellent,Excellent,OTHERS,HOUSE_WIFE,TWO,Vg
male,General,NO,OTHERS,CBSE,ENGLISH,Excellent,Excellent,OTHERS,COLLEGE_TEACHER,ONE,Vg
male,OBC,WA,CBSE,CBSE,ENGLISH,Excellent,Excellent,DOCTOR,HOUSE_WIFE,ONE,Vg
female,General,WA,SEBA,AHSEC,ENGLISH,Excellent,Excellent,OTHERS,HOUSE_WIFE,TWO,Vg
female,OBC,WA,SEBA,AHSEC,ENGLISH,Excellent,Excellent,OTHERS,HOUSE_WIFE,TWO,Vg
female,General,WA,SEBA,CBSE,ENGLISH,Excellent,Excellent,BUSINESS,HOUSE_WIFE,TWO,Vg
male,General,OA,CBSE,CBSE,ENGLISH,Excellent,Vg,OTHERS,HOUSE_WIFE,TWO,Vg
male,General,WA,CBSE,CBSE,ENGLISH,Excellent,Excellent,BUSINESS,HOUSE_WIFE,ONE,Vg
male,General,WA,CBSE,CBSE,ENGLISH,Excellent,Excellent,OTHERS,HOUSE_WIFE,TWO,Vg
