Student_ID,Study_Hours_Per_Day,Extracurricular_Hours_Per_Day,Sleep_Hours_Per_Day,Social_Hours_Per_Day,Physical_Activity_Hours_Per_Day,GPA,Stress_Level
1840,6.4,0.6,6.2,1.3,9.5,3.04,Moderate
982,8.0,0.3,8.4,5.6,1.7,3.28,Moderate
1865,6.8,1.6,8.5,5.6,1.5,3.33,Moderate
1667,6.2,1.3,6.0,3.0,7.5,3.12,Moderate
1180,6.0,1.3,8.0,1.3,7.4,2.95,Moderate
213,6.1,2.1,8.0,3.5,4.3,2.79,Moderate
1937,7.4,1.6,9.6,0.7,4.7,2.75,Moderate
861,8.0,2.1,6.4,0.0,7.5,2.83,Moderate
1979,6.3,3.4,9.5,0.9,3.9,2.97,Moderate
1930,8.0,2.7,10.0,0.8,2.5,3.2,Moderate
219,6.3,3.5,9.0,3.4,1.8,3.11,Moderate
1919,7.5,3.6,9.7,2.6,0.6,2.84,Moderate
1479,6.2,3.0,6.3,5.3,3.2,2.91,Moderate
297,6.1,0.8,8.1,2.5,6.5,2.67,Moderate
796,6.3,0.1,7.7,5.1,4.8,3.22,Moderate
908,6.7,1.8,8.4,3.1,4.0,2.92,Moderate
985,6.5,0.8,9.5,4.6,2.6,2.74,Moderate
1013,7.3,2.4,7.1,0.2,7.0,3.17,Moderate
356,7.5,3.4,8.7,2.4,2.0,3.24,Moderate
1864,7.7,4.0,7.0,3.3,2.0,3.44,Moderate
668,7.9,2.4,6.8,0.3,6.6,3.14,Moderate
755,6.5,2.2,7.1,1.0,7.2,2.91,Moderate
1483,6.7,0.1,6.7,4.8,5.7,3.01,Moderate
550,7.5,0.8,8.0,1.1,6.6,3.43,Moderate
600,6.0,2.5,8.7,4.4,2.4,3.05,Moderate
464,8.0,3.3,9.9,0.8,2.0,3.13,Moderate
1994,7.1,1.4,9.0,3.1,3.4,2.85,Moderate
1593,7.2,3.2,8.1,0.6,4.9,3.04,Moderate
904,6.0,1.7,6.1,0.0,10.2,2.87,Moderate
1743,7.0,2.2,7.7,3.0,4.1,3.05,Moderate
1883,6.3,0.8,8.0,0.5,8.4,2.91,Moderate
316,7.0,1.8,8.0,3.1,4.1,3.15,Moderate
1028,6.1,2.0,6.3,0.1,9.5,3.05,Moderate
1707,8.0,2.9,7.9,0.3,4.9,3.25,Moderate
430,7.6,1.7,6.6,2.6,5.5,3.34,Moderate
930,6.6,2.5,6.8,0.9,7.2,2.88,Moderate
262,7.2,2.1,6.8,3.6,4.3,3.01,Moderate
409,7.5,3.3,6.7,1.0,5.5,3.29,Moderate
1995,7.9,3.4,9.0,0.5,3.2,3.08,Moderate
292,6.6,2.4,8.6,1.6,4.8,3.27,Moderate
1762,6.2,1.2,8.9,2.0,5.7,2.85,Moderate
28,6.4,0.1,8.0,3.0,6.5,2.95,Moderate
1508,7.0,2.0,9.4,2.3,3.3,2.98,Moderate
875,7.5,2.7,6.2,4.5,3.1,2.97,Moderate
1784,7.1,0.8,6.4,3.0,6.7,3.08,Moderate
867,6.3,0.8,6.2,1.8,8.9,3.37,Moderate
115,6.0,1.5,7.5,4.1,4.9,2.76,Moderate
1757,7.0,3.6,6.9,4.4,2.1,2.84,Moderate
1498,7.5,1.7,7.1,1.4,6.3,3.32,Moderate
1113,6.8,2.1,10.0,2.4,2.7,2.96,Moderate
884,6.5,3.4,9.3,3.7,1.1,3.02,Moderate
1842,7.8,1.0,6.3,0.2,8.7,3.27,Moderate
1594,7.0,3.0,7.9,2.3,3.8,2.81,Moderate
1634,6.3,3.1,9.4,1.2,4.0,2.91,Moderate
977,6.6,0.4,6.8,0.6,9.6,3.31,Moderate
1986,8.0,1.3,8.9,4.9,0.9,2.93,Moderate
6,6.0,2.1,8.0,0.3,7.6,2.85,Moderate
718,7.0,3.5,9.5,3.6,0.4,3.4,Moderate
494,6.2,2.9,9.1,4.7,1.1,2.83,Moderate
1738,7.0,3.8,7.1,3.6,2.5,3.11,Moderate
285,8.0,2.7,8.1,2.4,2.8,3.4,Moderate
636,7.7,0.3,8.8,3.5,3.7,3.29,Moderate
496,6.4,0.5,8.1,0.3,8.7,2.61,Moderate
1240,6.1,3.1,6.0,0.5,8.3,2.9,Moderate
1041,6.7,2.5,7.7,0.8,6.3,2.81,Moderate
1236,7.6,0.5,8.0,2.9,5.0,3.15,Moderate
302,8.0,2.0,9.9,0.6,3.5,2.93,Moderate
786,7.7,0.7,6.5,4.0,5.1,3.54,Moderate
1708,6.4,0.3,7.1,3.3,6.9,2.77,Moderate
467,7.2,1.2,6.3,1.2,8.1,3.05,Moderate
686,7.4,3.4,6.8,5.2,1.2,3.45,Moderate
954,7.8,0.6,8.6,3.6,3.4,3.26,Moderate
250,7.3,2.6,7.6,4.4,2.1,3.13,Moderate
1108,6.4,3.3,6.9,0.5,6.9,2.9,Moderate
110,7.3,3.9,7.5,1.7,3.6,3.08,Moderate
281,6.6,2.7,9.0,4.3,1.4,2.93,Moderate
576,6.5,1.4,8.1,2.0,6.0,3.06,Moderate
708,6.7,0.1,9.8,4.0,3.4,3.15,Moderate
183,7.1,1.5,7.6,0.3,7.5,3.17,Moderate
283,6.6,1.5,7.0,4.2,4.7,2.79,Moderate
1482,7.5,2.8,6.2,1.9,5.6,3.02,Moderate
832,7.1,3.8,7.7,3.3,2.1,3.33,Moderate
1042,6.1,1.6,8.5,1.3,6.5,2.76,Moderate
1431,6.1,2.7,7.7,5.0,2.5,3.04,Moderate
1639,7.3,1.6,8.4,1.5,5.2,3.27,Moderate
1123,6.0,2.5,6.8,6.0,2.7,2.5,Moderate
641,7.4,2.9,6.4,1.2,6.1,2.89,Moderate
932,6.5,2.6,8.0,4.2,2.7,2.83,Moderate
269,6.0,0.4,6.3,0.3,11.0,3.05,Moderate
1191,6.9,3.4,8.2,3.6,1.9,3.37,Moderate
201,6.2,0.1,9.4,0.1,8.2,2.95,Moderate
588,8.0,3.5,9.7,0.3,2.5,3.02,Moderate
992,6.7,2.8,8.8,5.3,0.4,3.05,Moderate
155,7.3,0.5,9.9,5.0,1.3,3.11,Moderate
557,6.1,2.7,8.7,5.1,1.4,2.57,Moderate
1941,6.9,1.5,8.2,3.0,4.4,2.99,Moderate
20,6.6,2.0,9.5,1.5,4.4,2.93,Moderate
780,8.0,2.4,8.4,3.0,2.2,2.96,Moderate
1645,8.0,2.4,9.1,1.9,2.6,3.01,Moderate
721,7.7,1.2,7.5,1.8,5.8,2.88,Moderate
1899,7.9,2.3,7.4,3.3,3.1,3.75,Moderate
504,6.5,0.4,8.9,3.9,4.3,3.01,Moderate
1051,7.9,3.6,7.8,3.0,1.7,3.05,Moderate
597,6.2,0.9,6.4,1.5,9.0,2.92,Moderate
1002,7.5,3.6,8.6,2.5,1.8,3.19,Moderate
336,6.9,1.6,7.3,4.7,3.5,3.38,Moderate
628,7.3,0.7,9.3,5.3,1.4,2.97,Moderate
1157,7.4,2.0,9.2,4.5,0.9,2.77,Moderate
1800,7.4,0.2,9.9,4.3,2.2,2.84,Moderate
1892,8.0,2.5,7.7,0.5,5.3,3.12,Moderate
1648,6.9,1.8,7.7,1.2,6.4,2.75,Moderate
601,7.6,0.3,6.9,5.5,3.7,3.35,Moderate
167,6.9,1.1,8.2,2.5,5.3,3.22,Moderate
1490,6.1,2.1,6.3,5.6,3.9,2.73,Moderate
424,6.5,2.4,6.5,1.8,6.8,2.91,Moderate
1681,6.7,1.6,8.6,3.1,4.0,3.54,Moderate
234,7.0,1.1,9.9,2.5,3.5,2.84,Moderate
701,6.7,2.0,8.1,5.5,1.7,3.11,Moderate
1421,7.8,1.0,8.3,0.7,6.2,2.69,Moderate
1221,7.5,1.3,7.2,5.1,2.9,3.27,Moderate
506,6.0,1.5,6.8,0.3,9.4,2.44,Moderate
768,6.8,1.6,8.4,0.3,6.9,2.88,Moderate
1495,6.9,3.5,7.8,2.5,3.3,3.02,Moderate
493,7.5,1.8,7.9,3.7,3.1,3.17,Moderate
102,7.3,0.5,9.8,3.6,2.8,3.22,Moderate
1646,7.7,1.8,7.2,0.5,6.8,2.97,Moderate
1146,7.4,0.6,8.2,1.0,6.8,3.11,Moderate
713,7.2,1.0,6.7,5.0,4.1,3.21,Moderate
1828,6.8,3.2,7.6,0.8,5.6,2.78,Moderate
432,8.0,2.8,6.2,3.1,3.9,3.46,Moderate
318,6.9,3.5,9.3,3.5,0.8,3.02,Moderate
205,6.8,1.1,6.5,1.4,8.2,3.01,Moderate
693,7.8,3.4,9.0,0.7,3.1,2.95,Moderate
1654,6.7,2.3,6.6,0.5,7.9,2.77,Moderate
1327,7.7,2.7,8.5,4.9,0.2,2.68,Moderate
829,8.0,3.6,6.9,1.2,4.3,3.08,Moderate
744,7.5,2.9,9.8,0.8,3.0,3.19,Moderate
69,7.3,2.2,9.7,1.9,2.9,3.15,Moderate
1661,6.1,1.6,9.3,4.3,2.7,2.65,Moderate
1274,7.8,2.1,8.3,1.4,4.4,3.31,Moderate
1500,6.8,0.0,9.2,0.2,7.8,2.8,Moderate
255,6.3,1.9,9.3,4.4,2.1,2.85,Moderate
968,7.2,1.1,7.8,2.1,5.8,2.93,Moderate
1124,7.8,3.7,9.0,1.6,1.9,2.6,Moderate
108,7.6,3.1,7.0,3.7,2.6,3.28,Moderate
1447,7.1,2.9,7.6,0.4,6.0,3.15,Moderate
1632,7.0,1.6,6.4,1.6,7.4,2.97,Moderate
1540,6.8,1.9,6.6,0.9,7.8,3.38,Moderate
1007,6.5,1.9,9.3,1.8,4.5,2.92,Moderate
1631,7.4,2.2,9.6,4.3,0.5,2.77,Moderate
1085,7.9,0.7,8.6,1.1,5.7,3.18,Moderate
1102,6.3,0.3,6.3,5.5,5.6,3.06,Moderate
1476,8.0,0.7,8.7,1.8,4.8,3.25,Moderate
1377,7.8,2.9,9.7,3.3,0.3,3.09,Moderate
719,6.6,2.8,6.4,1.1,7.1,2.88,Moderate
1006,7.8,0.2,9.9,3.1,3.0,3.07,Moderate
1076,7.7,0.4,8.8,3.5,3.6,3.0,Moderate
1832,6.0,2.9,8.5,1.5,5.1,3.17,Moderate
1917,7.2,3.1,7.6,1.9,4.2,2.79,Moderate
731,6.1,2.5,6.3,3.5,5.6,3.13,Moderate
1902,7.4,3.3,9.8,2.2,1.3,3.06,Moderate
1897,7.6,2.7,6.9,1.5,5.3,3.05,Moderate
1791,7.4,0.1,8.4,1.8,6.3,2.75,Moderate
1296,7.3,1.1,9.8,1.8,4.0,2.91,Moderate
1039,8.0,3.0,6.1,5.0,1.9,2.9,Moderate
1382,6.4,0.2,8.3,5.2,3.9,2.75,Moderate
1582,7.1,2.0,7.4,1.6,5.9,2.86,Moderate
414,6.1,3.3,6.4,3.9,4.3,2.86,Moderate
455,6.6,2.3,6.9,3.6,4.6,3.2,Moderate
1835,6.9,3.0,6.9,2.0,5.2,3.23,Moderate
624,6.0,2.0,7.1,0.1,8.8,2.85,Moderate
833,6.1,2.5,7.9,1.1,6.4,2.94,Moderate
844,7.1,2.0,7.1,0.1,7.7,3.34,Moderate
21,7.1,3.0,6.1,0.5,7.3,2.9,Moderate
350,7.2,2.5,9.7,1.1,3.5,2.69,Moderate
1572,6.3,3.9,8.1,4.5,1.2,2.89,Moderate
1136,6.7,0.0,8.4,5.0,3.9,3.05,Moderate
1761,7.4,1.8,6.0,1.8,7.0,3.13,Moderate
1115,8.0,2.5,7.1,0.9,5.5,3.13,Moderate
1361,7.4,3.0,9.3,2.7,1.6,2.95,Moderate
1966,7.4,0.9,8.5,1.1,6.1,3.48,Moderate
526,6.3,1.4,9.6,1.7,5.0,2.74,Moderate
1692,6.4,3.3,9.9,2.2,2.2,2.9,Moderate
180,6.4,2.2,8.3,5.0,2.1,2.76,Moderate
174,6.3,1.5,8.0,1.6,6.6,3.15,Moderate
287,6.9,1.6,7.9,3.2,4.4,3.31,Moderate
604,7.2,2.6,9.7,0.3,4.2,3.42,Moderate
1250,6.7,2.1,7.9,0.1,7.2,2.78,Moderate
1788,7.7,3.5,9.6,0.9,2.3,3.39,Moderate
272,7.3,2.1,7.4,4.0,3.2,3.16,Moderate
31,6.2,2.9,6.8,3.8,4.3,3.05,Moderate
1049,6.1,2.6,8.0,5.5,1.8,3.01,Moderate
1669,7.0,0.7,6.3,1.6,8.4,2.63,Moderate
822,7.8,3.6,7.0,1.7,3.9,3.19,Moderate
860,7.4,0.5,6.3,2.5,7.3,3.4,Moderate
1282,6.2,1.2,8.9,0.5,7.2,2.76,Moderate
1990,7.0,2.7,7.4,6.0,0.9,2.85,Moderate
910,7.4,3.9,8.8,1.0,2.9,3.11,Moderate
1239,7.1,0.9,9.8,0.8,5.4,3.01,Moderate
629,7.3,0.3,6.9,4.8,4.7,3.09,Moderate
1338,7.5,3.5,6.2,0.5,6.3,3.0,Moderate
1306,8.0,0.3,6.1,5.6,4.0,2.76,Moderate
320,6.7,3.9,8.2,4.3,0.9,2.83,Moderate
1336,6.8,1.5,7.7,0.0,8.0,3.15,Moderate
1052,6.2,2.0,6.6,1.1,8.1,2.94,Moderate
1350,7.9,2.5,7.8,4.3,1.5,3.19,Moderate
305,6.0,1.3,6.1,2.1,8.5,2.91,Moderate
94,7.9,0.3,9.9,5.8,0.1,3.08,Moderate
62,7.1,1.0,6.8,4.5,4.6,3.27,Moderate
1138,6.5,1.5,8.8,4.9,2.3,2.88,Moderate
948,7.3,3.0,6.8,3.8,3.1,2.91,Moderate
883,7.4,0.4,6.2,1.9,8.1,3.16,Moderate
1370,6.2,1.6,8.9,4.6,2.7,2.63,Moderate
978,6.4,2.5,7.3,2.9,4.9,3.12,Moderate
906,7.2,0.5,7.6,2.1,6.6,3.11,Moderate
508,7.4,3.5,6.1,4.1,2.9,2.88,Moderate
963,6.5,2.1,7.8,3.6,4.0,2.9,Moderate
135,6.3,2.7,8.8,3.6,2.6,2.45,Moderate
1161,6.6,2.2,7.8,2.1,5.3,3.09,Moderate
1747,6.4,1.1,6.4,5.1,5.0,2.79,Moderate
27,6.8,3.9,9.8,0.9,2.6,2.64,Moderate
93,7.3,2.5,6.4,1.1,6.7,2.67,Moderate
950,7.4,0.9,9.8,4.2,1.7,2.94,Moderate
759,6.2,3.5,9.6,2.0,2.7,2.55,Moderate
1846,7.5,0.1,6.6,4.9,4.9,3.14,Moderate
1976,8.0,2.4,6.8,5.4,1.4,3.42,Moderate
1627,7.0,2.1,9.0,2.2,3.7,2.89,Moderate
325,7.2,0.4,8.2,1.3,6.9,3.39,Moderate
1025,7.6,4.0,8.1,1.6,2.7,3.02,Moderate
1056,7.6,0.1,8.2,0.5,7.6,3.56,Moderate
1521,6.0,0.8,8.4,1.3,7.5,3.19,Moderate
1026,6.9,1.4,7.2,4.7,3.8,3.14,Moderate
692,6.9,3.2,6.8,0.5,6.6,3.08,Moderate
677,6.2,0.5,6.3,2.1,8.9,2.84,Moderate
1027,7.4,3.2,7.9,1.9,3.6,2.99,Moderate
379,7.2,2.9,8.8,0.8,4.3,2.88,Moderate
922,6.4,1.2,6.9,2.4,7.1,3.0,Moderate
1061,6.3,0.5,6.3,2.3,8.6,2.97,Moderate
1121,6.1,0.9,8.1,5.0,3.9,2.61,Moderate
1853,7.4,2.0,6.1,1.6,6.9,3.22,Moderate
107,6.8,2.4,7.0,2.6,5.2,2.97,Moderate
646,6.1,2.4,6.3,4.0,5.2,2.73,Moderate
1655,6.1,0.8,7.1,3.9,6.1,3.4,Moderate
961,7.8,3.4,8.3,2.0,2.5,3.18,Moderate
632,7.2,4.0,7.8,1.6,3.4,2.98,Moderate
1050,7.8,1.1,7.4,2.0,5.7,3.04,Moderate
566,6.7,3.9,9.3,2.9,1.2,2.78,Moderate
291,7.4,1.0,6.4,1.8,7.4,3.15,Moderate
1591,6.0,1.3,6.4,3.2,7.1,2.84,Moderate
1893,7.2,4.0,9.2,3.2,0.4,2.95,Moderate
376,6.5,3.8,6.3,2.6,4.8,2.62,Moderate
1797,7.2,3.3,9.1,0.8,3.6,2.87,Moderate
280,7.8,3.0,9.4,1.5,2.3,3.25,Moderate
1063,6.4,2.6,6.7,6.0,2.3,2.78,Moderate
1396,7.2,3.8,6.2,3.2,3.6,3.02,Moderate
1644,6.4,3.2,9.0,2.5,2.9,2.87,Moderate
659,6.1,2.4,9.6,5.5,0.4,2.99,Moderate
798,8.0,1.6,6.2,0.6,7.6,3.38,Moderate
343,6.8,1.2,6.7,4.6,4.7,2.81,Moderate
1730,6.6,0.6,7.0,5.9,3.9,2.83,Moderate
461,7.5,3.9,6.9,0.2,5.5,3.11,Moderate
1531,6.8,2.6,6.2,0.7,7.7,3.0,Moderate
1706,7.3,0.0,7.8,4.0,4.9,2.75,Moderate
805,7.2,2.5,9.2,1.0,4.1,3.07,Moderate
1,6.9,3.8,8.7,2.8,1.8,2.99,Moderate
1989,7.3,1.4,8.5,4.6,2.2,3.28,Moderate
899,7.2,3.5,7.5,2.9,2.9,3.04,Moderate
1386,7.4,1.4,6.6,5.8,2.8,2.87,Moderate
1484,7.3,0.1,9.4,0.1,7.1,3.29,Moderate
458,6.7,0.3,7.0,1.9,8.1,3.28,Moderate
771,7.1,1.0,8.4,5.0,2.5,3.26,Moderate
1813,6.4,0.6,7.7,3.2,6.1,3.0,Moderate
1950,7.6,1.3,9.3,2.7,3.1,2.98,Moderate
1795,7.6,2.1,9.6,2.6,2.1,2.78,Moderate
548,7.6,3.0,6.4,2.1,4.9,2.83,Moderate
1139,7.0,3.8,7.0,4.6,1.6,3.24,Moderate
1116,6.1,2.9,6.6,3.0,5.4,3.01,Moderate
1841,7.6,2.3,9.7,0.9,3.5,3.36,Moderate
1613,6.5,0.1,6.1,1.7,9.6,2.72,Moderate
894,6.8,3.5,8.6,0.6,4.5,3.23,Moderate
1365,6.4,3.3,7.6,2.8,3.9,3.11,Moderate
191,6.8,0.4,9.6,0.8,6.4,3.01,Moderate
876,7.1,0.8,9.9,3.9,2.3,3.28,Moderate
676,6.4,3.2,6.6,1.8,6.0,3.06,Moderate
1998,6.2,0.0,6.2,0.8,10.8,3.14,Moderate
1718,7.4,1.2,7.6,2.3,5.5,3.03,Moderate
420,6.4,3.4,6.5,5.5,2.2,3.0,Moderate
1357,7.6,3.6,9.0,0.3,3.5,3.27,Moderate
1528,7.4,2.5,7.3,5.4,1.4,3.25,Moderate
1970,6.3,1.7,6.8,5.2,4.0,2.84,Moderate
408,7.4,3.3,7.3,2.1,3.9,3.34,Moderate
1048,7.2,2.9,8.5,5.3,0.1,3.26,Moderate
1825,7.5,3.3,7.0,0.6,5.6,2.82,Moderate
1190,7.9,3.6,7.8,0.8,3.9,3.45,Moderate
633,6.1,1.4,6.9,0.4,9.2,2.79,Moderate
1047,6.6,2.8,8.8,1.8,4.0,2.87,Moderate
558,6.6,2.9,9.1,1.0,4.4,2.85,Moderate
474,6.4,3.5,9.7,0.7,3.7,2.89,Moderate
1643,6.4,2.7,8.4,1.3,5.2,2.94,Moderate
1763,6.2,0.7,8.9,0.8,7.4,3.02,Moderate
650,6.6,3.6,9.4,1.4,3.0,2.94,Moderate
1756,7.7,1.1,9.5,5.3,0.4,2.99,Moderate
1621,6.6,1.0,9.8,5.5,1.1,3.23,Moderate
1984,6.2,1.2,9.7,5.0,1.9,3.06,Moderate
1038,8.0,0.4,8.4,0.4,6.8,3.39,Moderate
1872,8.0,1.8,6.8,2.1,5.3,3.23,Moderate
537,6.2,2.6,8.3,1.0,5.9,3.23,Moderate
527,7.3,3.6,8.5,0.3,4.3,2.93,Moderate
1977,7.5,1.9,10.0,2.3,2.3,3.14,Moderate
74,6.7,3.7,9.3,1.8,2.5,2.89,Moderate
622,7.7,0.5,8.0,0.7,7.1,3.34,Moderate
1666,6.3,0.7,9.8,5.1,2.1,3.03,Moderate
45,7.9,2.0,6.0,4.3,3.8,2.97,Moderate
988,6.0,3.1,7.1,3.4,4.4,2.84,Moderate
103,6.1,2.7,8.1,2.1,5.0,2.98,Moderate
1967,7.8,1.0,9.8,0.2,5.2,3.04,Moderate
612,6.8,2.0,9.7,4.8,0.7,3.09,Moderate
1952,7.7,0.9,7.4,1.9,6.1,3.31,Moderate
1198,6.3,1.5,9.2,1.2,5.8,3.15,Moderate
826,7.9,3.7,8.4,1.9,2.1,2.68,Moderate
976,7.2,2.3,7.9,2.0,4.6,3.06,Moderate
1286,7.4,4.0,8.4,0.3,3.9,3.15,Moderate
902,6.3,3.0,7.6,1.9,5.2,2.48,Moderate
574,6.3,2.5,7.9,5.0,2.3,3.07,Moderate
476,6.4,0.8,8.8,2.3,5.7,3.21,Moderate
1375,6.3,1.6,6.9,4.8,4.4,2.69,Moderate
933,6.8,3.3,6.0,2.8,5.1,2.92,Moderate
444,6.3,0.2,8.0,4.1,5.4,2.97,Moderate
1878,8.0,2.0,8.2,5.6,0.2,3.4,Moderate
623,6.7,0.6,8.5,1.2,7.0,3.18,Moderate
1249,7.5,0.3,7.8,3.0,5.4,3.09,Moderate
241,6.3,3.2,6.6,2.7,5.2,2.85,Moderate
1412,7.9,1.6,6.8,1.3,6.4,3.1,Moderate
761,6.5,0.2,7.9,2.4,7.0,2.98,Moderate
915,7.1,1.5,9.4,5.4,0.6,2.65,Moderate
66,6.9,2.5,7.5,5.1,2.0,3.06,Moderate
1349,6.8,1.7,8.1,0.4,7.0,2.75,Moderate
1032,6.2,3.9,9.8,1.0,3.1,2.87,Moderate
859,6.3,2.8,7.8,4.8,2.3,3.08,Moderate
1709,6.6,2.9,8.2,2.0,4.3,3.14,Moderate
1943,6.1,3.7,8.6,4.3,1.3,2.79,Moderate
663,7.5,2.8,8.5,3.4,1.8,2.98,Moderate
1298,7.2,3.2,8.7,2.1,2.8,2.78,Moderate
1798,6.5,1.2,8.6,1.4,6.3,3.18,Moderate
1419,6.1,0.9,6.4,0.8,9.8,2.79,Moderate
382,6.4,3.0,7.2,4.7,2.7,3.03,Moderate
635,6.1,2.6,7.4,0.0,7.9,3.03,Moderate
981,6.7,3.4,7.8,3.1,3.0,2.98,Moderate
1486,7.7,0.9,7.1,3.9,4.4,3.08,Moderate
1861,6.2,4.0,6.0,3.5,4.3,2.88,Moderate
1326,7.2,0.0,9.1,2.2,5.5,3.41,Moderate
1273,6.7,3.2,6.2,0.4,7.5,2.74,Moderate
16,6.7,0.3,6.6,2.0,8.4,3.2,Moderate
185,6.4,1.4,8.6,1.8,5.8,2.77,Moderate
1186,7.0,0.2,7.5,0.7,8.6,2.81,Moderate
1561,6.0,1.6,9.7,2.3,4.4,2.66,Moderate
1599,7.9,1.8,9.3,4.8,0.2,3.34,Moderate
64,7.4,0.4,7.5,2.8,5.9,3.26,Moderate
200,6.6,2.5,9.4,3.4,2.1,3.03,Moderate
1961,7.1,0.4,8.1,0.9,7.5,3.02,Moderate
1859,6.3,2.8,9.0,1.8,4.1,2.79,Moderate
10,7.7,0.7,9.8,4.5,1.3,2.76,Moderate
1319,6.5,0.7,6.9,5.5,4.4,2.71,Moderate
1217,6.0,0.2,8.7,5.0,4.1,3.04,Moderate
1017,6.4,1.1,7.0,6.0,3.5,2.98,Moderate
925,7.7,0.3,6.9,2.5,6.6,3.08,Moderate
1453,6.6,3.0,9.9,2.0,2.5,3.03,Moderate
931,8.0,3.3,6.9,0.8,5.0,3.08,Moderate
1844,7.3,2.8,6.9,1.0,6.0,3.24,Moderate
766,6.7,1.6,7.6,1.0,7.1,2.93,Moderate
104,7.6,3.1,7.6,4.9,0.8,2.99,Moderate
1638,7.1,2.9,9.3,0.7,4.0,3.12,Moderate
880,7.0,1.1,6.0,4.7,5.2,3.2,Moderate
204,7.1,3.0,6.2,0.7,7.0,3.36,Moderate
1150,7.7,0.4,7.1,5.1,3.7,2.94,Moderate
772,7.0,0.6,8.7,2.2,5.5,3.15,Moderate
142,6.2,3.6,6.9,3.3,4.0,3.27,Moderate
587,6.3,2.7,8.5,3.7,2.8,2.72,Moderate
801,6.6,1.2,7.0,4.0,5.2,2.76,Moderate
1944,7.6,0.7,6.5,1.9,7.3,3.0,Moderate
1177,6.2,1.5,6.3,2.9,7.1,2.97,Moderate
1162,6.9,1.0,6.2,2.7,7.2,3.02,Moderate
626,6.3,0.0,8.6,3.2,5.9,3.14,Moderate
1731,6.1,2.4,7.2,0.4,7.9,3.29,Moderate
1405,7.4,1.5,7.5,3.5,4.1,3.33,Moderate
673,6.7,0.3,9.9,4.9,2.2,2.96,Moderate
1735,6.1,2.9,9.7,2.8,2.5,2.5,Moderate
1493,7.8,0.4,6.0,2.5,7.3,3.24,Moderate
1318,7.1,3.9,6.0,1.3,5.7,3.3,Moderate
1957,7.4,1.6,6.6,2.7,5.7,2.88,Moderate
1748,6.2,3.2,7.8,0.0,6.8,2.8,Moderate
276,7.5,2.5,9.3,2.7,2.0,3.2,Moderate
1442,7.6,3.2,8.7,3.0,1.5,2.86,Moderate
610,7.6,2.1,6.8,2.1,5.4,2.97,Moderate
1317,6.3,0.2,6.2,4.8,6.5,2.93,Moderate
596,6.0,3.5,8.7,0.1,5.7,2.95,Moderate
997,7.0,2.4,7.2,4.5,2.9,3.0,Moderate
671,6.4,3.2,10.0,0.1,4.3,3.01,Moderate
1401,7.6,1.1,7.3,2.8,5.2,3.2,Moderate
1154,7.1,0.6,8.5,4.6,3.2,3.11,Moderate
1203,7.4,3.1,6.9,2.7,3.9,2.82,Moderate
1839,6.9,2.7,8.9,2.9,2.6,2.77,Moderate
1439,6.0,0.2,8.0,5.9,3.9,2.76,Moderate
563,7.6,2.0,6.8,5.6,2.0,3.25,Moderate
1407,7.6,1.6,7.9,0.5,6.4,2.89,Moderate
1997,6.3,2.8,8.8,1.5,4.6,2.65,Moderate
767,7.9,3.2,8.8,0.6,3.5,3.09,Moderate
1339,6.8,3.0,7.8,4.9,1.5,2.99,Moderate
1651,6.3,3.2,9.7,0.7,4.1,2.65,Moderate
412,7.4,3.9,8.2,0.6,3.9,3.02,Moderate
1935,6.4,0.2,9.0,2.5,5.9,2.81,Moderate
289,6.0,0.0,8.2,5.4,4.4,2.92,Moderate
456,6.9,0.7,7.2,0.9,8.3,3.26,Moderate
1279,6.9,1.2,7.3,4.9,3.7,3.05,Moderate
1955,7.9,2.0,9.4,0.4,4.3,3.42,Moderate
466,7.8,2.2,8.8,4.3,0.9,3.2,Moderate
1558,6.2,3.7,7.6,2.2,4.3,2.84,Moderate
562,6.5,2.9,8.8,0.6,5.2,2.67,Moderate
1271,7.9,1.8,6.7,4.5,3.1,3.24,Moderate
1905,7.3,1.3,7.4,4.9,3.1,2.83,Moderate
699,7.4,1.7,8.0,6.0,0.9,3.0,Moderate
1342,6.3,1.8,7.7,4.0,4.2,2.91,Moderate
1981,7.5,2.6,7.5,3.0,3.4,3.02,Moderate
1380,6.7,1.9,8.1,5.2,2.1,2.88,Moderate
1607,7.3,0.1,8.2,2.5,5.9,2.92,Moderate
24,6.1,1.7,9.1,5.2,1.9,2.85,Moderate
1519,6.4,0.1,7.1,5.4,5.0,2.72,Moderate
141,7.2,1.5,7.3,1.8,6.2,3.08,Moderate
525,7.9,0.6,9.1,3.8,2.6,3.5,Moderate
853,7.1,2.2,7.0,3.1,4.6,2.87,Moderate
983,7.9,0.5,7.9,4.6,3.1,3.38,Moderate
1536,6.7,0.9,7.4,3.3,5.7,3.26,Moderate
1592,6.2,1.8,7.6,4.6,3.8,2.98,Moderate
1158,7.5,2.3,6.2,4.8,3.2,2.93,Moderate
246,7.8,2.8,9.0,0.9,3.5,3.11,Moderate
435,6.3,1.4,7.4,0.3,8.6,2.86,Moderate
1838,7.4,2.0,6.6,0.8,7.2,3.1,Moderate
1938,7.5,1.8,7.6,0.8,6.3,2.93,Moderate
1434,6.4,1.0,8.9,0.3,7.4,3.04,Moderate
879,7.5,1.2,7.1,3.9,4.3,2.96,Moderate
1925,6.2,0.7,9.9,3.7,3.5,2.73,Moderate
971,7.4,0.3,9.9,3.1,3.3,2.84,Moderate
1300,6.2,3.7,9.3,3.4,1.4,2.92,Moderate
559,6.9,3.6,9.0,4.4,0.1,2.92,Moderate
1351,6.7,3.1,7.2,2.9,4.1,3.24,Moderate
1371,6.1,3.7,8.0,2.3,3.9,3.41,Moderate
891,7.4,3.4,6.9,1.0,5.3,3.15,Moderate
1778,7.2,2.9,6.9,1.3,5.7,3.23,Moderate
1129,7.0,3.7,8.6,2.0,2.7,2.88,Moderate
1805,7.6,1.4,7.3,4.1,3.6,3.09,Moderate
154,7.1,2.9,9.7,4.0,0.3,3.33,Moderate
477,7.6,2.0,7.9,5.2,1.3,3.13,Moderate
1322,6.6,0.4,7.1,0.8,9.1,3.27,Moderate
1302,6.0,0.9,8.4,2.4,6.3,2.79,Moderate
993,6.0,3.2,8.7,0.4,5.7,2.6,Moderate
684,6.6,2.2,9.2,5.9,0.1,3.06,Moderate
1109,6.7,3.9,8.1,2.2,3.1,2.89,Moderate
1435,6.8,2.0,7.8,4.4,3.0,3.27,Moderate
551,6.7,3.4,6.0,0.4,7.5,2.48,Moderate
1402,6.6,0.2,7.5,3.3,6.4,3.02,Moderate
1880,6.7,0.6,9.2,3.1,4.4,2.85,Moderate
1532,6.4,3.4,6.7,5.8,1.7,2.98,Moderate
1313,6.6,1.9,9.7,5.4,0.4,2.88,Moderate
1374,7.6,0.5,9.7,1.1,5.1,3.07,Moderate
1815,7.6,1.6,6.6,3.7,4.5,3.18,Moderate
556,6.2,0.0,8.6,5.8,3.4,2.71,Moderate
1635,7.3,1.9,9.4,4.1,1.3,3.51,Moderate
1090,7.8,1.0,9.6,1.5,4.1,2.9,Moderate
1432,7.1,1.3,8.0,5.6,2.0,3.08,Moderate
1037,7.2,2.3,9.9,1.1,3.5,3.31,Moderate
1570,6.1,2.4,9.6,4.7,1.2,2.67,Moderate
472,6.1,3.9,9.5,3.2,1.3,2.61,Moderate
1732,7.6,3.5,6.4,0.5,6.0,3.12,Moderate
392,7.3,1.6,8.3,3.3,3.5,3.28,Moderate
543,7.0,3.0,9.6,4.2,0.2,2.68,Moderate
809,6.5,2.5,9.5,4.5,1.0,3.29,Moderate
1238,7.1,2.9,8.0,1.8,4.2,3.17,Moderate
1445,7.9,2.9,9.6,2.5,1.1,2.99,Moderate
1515,6.9,0.6,8.1,4.4,4.0,3.0,Moderate
395,6.0,3.5,9.4,4.4,0.7,2.84,Moderate
1164,6.7,2.3,6.0,4.5,4.5,2.92,Moderate
1036,6.0,1.2,9.9,2.5,4.4,2.88,Moderate
911,7.7,4.0,9.3,0.3,2.7,2.96,Moderate
962,6.3,0.2,8.6,0.7,8.2,3.1,Moderate
856,7.1,1.4,8.0,3.5,4.0,3.48,Moderate
1257,6.0,3.2,7.3,1.8,5.7,3.11,Moderate
469,7.9,0.6,7.2,3.8,4.5,2.68,Moderate
642,6.1,1.7,9.5,3.0,3.7,2.76,Moderate
691,6.1,0.7,9.1,1.7,6.4,2.69,Moderate
1368,7.4,3.5,6.9,4.5,1.7,2.95,Moderate
1033,6.7,3.6,9.8,1.7,2.2,3.06,Moderate
828,7.2,2.6,6.9,0.3,7.0,3.0,Moderate
1301,7.4,2.1,9.9,4.4,0.2,3.23,Moderate
683,7.3,2.9,7.9,3.9,2.0,3.19,Moderate
1663,6.3,1.8,6.9,5.9,3.1,2.8,Moderate
1926,6.3,2.0,6.6,1.0,8.1,3.09,Moderate
620,7.1,1.7,7.7,4.2,3.3,3.48,Moderate
1801,6.6,1.3,7.2,3.8,5.1,2.93,Moderate
1860,7.5,3.1,6.1,1.6,5.7,3.07,Moderate
475,7.3,3.9,7.4,4.7,0.7,2.74,Moderate
1265,7.1,0.6,8.3,3.1,4.9,2.79,Moderate
1640,7.1,3.6,10.0,0.4,2.9,3.13,Moderate
1626,7.9,2.7,9.0,2.9,1.5,3.17,Moderate
762,6.4,2.8,6.4,5.4,3.0,3.05,Moderate
1684,7.2,0.2,9.6,2.8,4.2,3.19,Moderate
1012,5.2,0.1,8.9,0.8,9.0,2.66,Low
1383,5.8,3.2,9.3,5.2,0.5,2.96,Low
330,5.7,3.5,7.2,1.2,6.4,3.04,Low
935,5.1,2.8,6.6,0.3,9.2,2.49,Low
29,5.3,1.1,9.5,1.4,6.7,2.79,Low
401,5.8,2.8,9.0,1.9,4.5,2.8,Low
1112,5.9,1.4,8.2,0.4,8.1,3.07,Low
953,5.0,0.2,9.9,1.5,7.4,2.94,Low
40,5.0,0.6,7.7,4.2,6.5,2.61,Low
836,5.3,1.6,7.6,2.9,6.6,2.54,Low
1889,5.7,2.2,9.6,2.3,4.2,2.98,Low
402,5.9,3.6,8.3,0.9,5.3,2.8,Low
522,5.3,3.8,9.7,4.1,1.1,3.13,Low
606,5.3,2.0,9.6,0.6,6.5,2.41,Low
172,5.1,0.3,6.0,0.2,12.4,2.7,Low
1451,5.9,2.5,6.7,1.3,7.6,2.7,Low
1879,5.3,2.3,9.3,2.9,4.2,2.82,Low
150,5.9,3.6,7.9,2.4,4.2,2.64,Low
1701,5.4,3.6,6.9,1.9,6.2,2.35,Low
892,5.9,2.9,7.6,3.6,4.0,3.13,Low
1601,5.0,1.0,7.5,2.3,8.2,2.82,Low
187,5.2,1.0,8.0,0.3,9.5,3.29,Low
321,5.7,3.4,9.6,2.6,2.7,3.13,Low
192,5.9,2.2,9.4,4.4,2.1,3.01,Low
1855,5.7,3.9,9.1,1.1,4.2,2.81,Low
1562,5.6,0.2,6.5,0.9,10.8,3.0,Low
1073,5.4,2.7,9.1,1.5,5.3,3.04,Low
1535,5.6,0.7,9.8,4.2,3.7,2.75,Low
70,5.4,1.3,9.2,0.1,8.0,2.69,Low
1856,5.7,3.0,7.3,4.7,3.3,2.82,Low
681,5.7,2.5,6.4,2.9,6.5,2.84,Low
1437,5.4,0.5,6.1,3.0,9.0,2.91,Low
120,5.5,1.8,7.7,1.5,7.5,3.05,Low
433,5.5,1.5,7.4,3.9,5.7,2.85,Low
33,5.2,2.4,8.4,0.1,7.9,2.47,Low
393,5.3,2.1,9.0,2.8,4.8,2.67,Low
652,5.3,0.4,10.0,2.0,6.3,2.49,Low
450,5.1,1.7,6.5,2.9,7.8,2.79,Low
505,5.2,1.4,9.8,3.0,4.6,2.49,Low
388,5.6,0.6,6.1,1.5,10.2,3.07,Low
722,5.8,0.5,7.7,5.4,4.6,3.27,Low
769,5.2,1.6,8.5,1.2,7.5,2.52,Low
1518,5.6,1.9,8.0,0.2,8.3,2.99,Low
306,5.3,3.2,6.2,3.2,6.1,2.64,Low
1214,5.3,1.9,6.2,2.8,7.8,2.87,Low
1340,5.2,3.9,6.9,0.9,7.1,3.28,Low
573,5.8,1.2,6.5,5.2,5.3,3.08,Low
1133,5.4,1.3,6.2,5.9,5.2,3.1,Low
1075,5.5,3.6,9.1,4.4,1.4,2.44,Low
758,5.1,3.3,9.9,0.8,4.9,2.64,Low
528,5.7,3.8,7.6,1.5,5.4,3.27,Low
1949,5.1,2.2,8.5,4.7,3.5,2.64,Low
1097,5.2,1.8,9.5,3.4,4.1,2.88,Low
1831,5.9,0.2,8.3,4.6,5.0,2.88,Low
1179,5.3,3.3,7.6,3.2,4.6,2.55,Low
1922,5.2,2.4,8.6,2.5,5.3,3.21,Low
122,5.6,3.6,8.0,4.1,2.7,2.62,Low
1461,5.2,2.5,8.9,3.0,4.4,2.51,Low
32,5.5,3.3,6.6,1.1,7.5,3.26,Low
1095,5.8,3.7,9.1,1.9,3.5,2.97,Low
1809,5.5,1.5,7.5,0.3,9.2,2.61,Low
1685,5.1,2.8,7.4,0.7,8.0,3.15,Low
137,5.6,2.9,9.7,1.1,4.7,2.86,Low
112,5.9,1.4,9.5,2.8,4.4,2.7,Low
1852,5.9,3.4,6.3,1.4,7.0,2.48,Low
277,5.2,3.7,8.4,4.1,2.6,2.91,Low
654,5.1,1.4,8.9,3.4,5.2,2.72,Low
1605,5.6,3.9,6.5,0.8,7.2,2.92,Low
1018,5.4,0.6,7.2,3.1,7.7,2.68,Low
1475,5.4,2.5,9.6,1.3,5.2,2.69,Low
1858,5.0,0.1,9.3,4.1,5.5,2.47,Low
765,5.5,1.8,6.7,5.2,4.8,2.24,Low
949,5.9,3.0,7.7,1.2,6.2,3.09,Low
1454,5.8,2.8,7.6,3.9,3.9,3.09,Low
394,5.8,1.3,8.8,3.1,5.0,2.71,Low
342,5.4,0.0,9.8,4.4,4.4,2.85,Low
618,5.5,0.9,7.6,3.6,6.4,2.57,Low
974,5.2,0.2,9.2,0.7,8.7,2.82,Low
870,5.1,2.6,8.3,4.8,3.2,2.69,Low
90,5.4,2.2,9.8,3.1,3.5,2.81,Low
1912,5.0,3.9,9.4,5.1,0.6,2.98,Low
407,5.9,3.4,9.1,3.0,2.6,2.68,Low
1369,5.5,1.9,10.0,4.6,2.0,2.83,Low
818,5.8,1.9,8.0,3.5,4.8,2.9,Low
381,5.3,1.1,6.3,1.5,9.8,2.75,Low
60,5.8,1.0,7.7,4.3,5.2,2.8,Low
43,5.5,1.5,6.3,1.5,9.2,2.81,Low
1489,5.6,0.4,8.6,5.1,4.3,2.81,Low
1117,5.8,3.8,9.3,4.4,0.7,3.16,Low
351,5.6,0.8,9.4,3.9,4.3,3.01,Low
1721,5.5,3.4,8.7,1.3,5.1,2.74,Low
164,5.2,1.9,7.8,0.4,8.7,2.67,Low
65,5.9,1.7,7.0,3.7,5.7,2.8,Low
1649,5.8,3.5,7.2,2.5,5.0,2.87,Low
858,5.1,1.4,8.9,3.4,5.2,2.6,Low
1724,5.2,1.3,7.9,5.7,3.9,3.04,Low
344,5.9,0.4,8.3,4.6,4.8,2.99,Low
1890,5.5,2.4,7.3,5.6,3.2,2.77,Low
354,5.9,2.2,9.9,5.6,0.4,3.12,Low
144,5.7,3.2,8.1,3.2,3.8,3.08,Low
1030,5.7,2.3,9.3,3.5,3.2,2.9,Low
885,5.7,2.8,9.7,4.0,1.8,2.86,Low
1446,5.0,0.5,7.7,4.1,6.7,3.07,Low
707,5.3,0.1,9.1,3.1,6.4,2.65,Low
80,5.3,2.2,7.2,5.3,4.0,2.62,Low
1078,5.1,0.2,7.9,4.9,5.9,2.82,Low
571,5.3,2.0,8.6,5.2,2.9,2.89,Low
1081,5.6,0.5,8.4,5.2,4.3,2.86,Low
728,5.9,2.3,6.5,5.6,3.7,2.9,Low
483,5.0,4.0,8.4,5.0,1.6,2.9,Low
1595,5.9,0.9,7.9,2.5,6.8,2.63,Low
1580,5.1,3.3,8.9,1.6,5.1,3.02,Low
702,5.3,0.1,7.8,2.6,8.2,3.58,Low
1226,5.3,1.0,7.2,0.9,9.6,2.85,Low
726,5.6,3.9,6.1,0.4,8.0,3.32,Low
795,5.5,1.6,8.6,4.7,3.6,2.64,Low
1269,5.4,3.5,6.6,1.1,7.4,2.72,Low
273,5.7,0.1,6.5,4.2,7.5,2.98,Low
1288,5.0,1.8,9.2,3.4,4.6,2.7,Low
1094,5.7,2.6,6.0,0.6,9.1,2.92,Low
857,5.8,1.9,7.8,3.4,5.1,3.01,Low
1044,5.3,1.3,6.3,3.0,8.1,2.94,Low
1618,5.9,1.3,7.1,1.9,7.8,2.91,Low
166,5.8,0.7,9.3,5.7,2.5,2.46,Low
1866,5.4,0.8,7.5,0.1,10.2,2.86,Low
1009,5.8,1.3,9.7,2.1,5.1,2.87,Low
290,5.3,3.7,6.8,0.6,7.6,2.78,Low
785,5.1,0.3,6.3,0.2,12.1,2.55,Low
1182,5.7,0.6,8.5,3.9,5.3,3.05,Low
695,5.0,3.5,9.0,3.8,2.7,2.62,Low
1005,5.3,2.2,7.1,5.3,4.1,2.9,Low
725,5.1,3.3,9.0,0.6,6.0,2.54,Low
1816,5.4,1.8,9.5,0.6,6.7,2.9,Low
1727,5.2,0.5,9.4,4.5,4.4,2.9,Low
926,5.9,1.6,9.7,0.8,6.0,2.86,Low
1082,5.9,0.4,9.1,3.5,5.1,2.96,Low
9,5.2,3.6,6.3,4.0,4.9,2.82,Low
715,5.8,3.9,7.2,3.0,4.1,2.83,Low
847,5.9,3.2,8.4,3.3,3.2,3.05,Low
1054,5.5,3.1,9.0,4.6,1.8,2.97,Low
730,5.3,0.2,8.5,2.7,7.3,2.62,Low
1314,5.7,2.0,7.3,5.4,3.6,2.62,Low
1871,5.6,3.3,6.3,4.7,4.1,2.85,Low
779,5.6,3.9,8.4,5.1,1.0,3.08,Low
390,5.3,2.8,7.7,0.5,7.7,2.93,Low
134,5.3,4.0,6.6,4.9,3.2,2.72,Low
445,5.6,1.5,7.3,2.2,7.4,2.8,Low
1575,5.3,2.4,7.6,4.5,4.2,2.25,Low
649,5.2,3.5,6.2,3.3,5.8,2.8,Low
1497,5.6,0.1,6.5,4.2,7.6,2.71,Low
940,5.8,3.7,6.6,2.2,5.7,2.9,Low
1616,5.5,2.1,6.2,1.1,9.1,2.98,Low
1137,5.7,0.6,9.0,3.7,5.0,2.88,Low
1467,5.4,3.5,6.3,3.6,5.2,2.85,Low
334,5.5,2.2,7.3,5.1,3.9,2.94,Low
1201,5.7,1.6,9.8,1.9,5.0,2.72,Low
462,5.8,0.1,8.8,2.8,6.5,2.8,Low
1354,5.0,0.8,9.8,3.7,4.7,2.69,Low
55,5.2,0.1,9.1,2.2,7.4,2.79,Low
162,5.4,4.0,7.5,3.6,3.5,2.59,Low
133,5.8,1.9,7.7,0.3,8.3,2.7,Low
854,5.7,0.6,9.7,5.3,2.7,3.18,Low
1578,5.4,2.0,9.8,4.2,2.6,2.8,Low
1620,5.9,2.6,8.6,4.1,2.8,2.98,Low
1700,5.9,2.7,8.0,3.9,3.5,2.78,Low
247,5.8,0.4,8.2,4.2,5.4,2.88,Low
555,5.0,1.7,7.6,0.3,9.4,2.53,Low
1304,5.8,3.9,9.6,0.8,3.9,2.57,Low
1420,5.7,2.6,6.7,4.2,4.8,2.9,Low
170,5.5,1.0,8.6,5.1,3.8,2.97,Low
489,5.3,0.3,7.0,1.8,9.6,2.64,Low
1398,5.9,2.3,6.1,5.2,4.5,2.72,Low
816,5.6,3.5,7.1,2.3,5.5,2.5,Low
126,5.5,0.6,6.2,1.0,10.7,2.94,Low
1918,5.7,2.6,8.4,4.5,2.8,2.94,Low
848,5.4,1.1,6.7,4.7,6.1,2.8,Low
1218,5.1,1.0,7.3,3.8,6.8,3.24,Low
2,5.3,3.5,8.0,4.2,3.0,2.75,Low
1716,5.4,0.2,6.3,0.4,11.7,2.53,Low
1744,5.8,0.5,9.7,3.6,4.4,2.65,Low
592,5.9,2.7,9.9,0.6,4.9,2.82,Low
1673,5.4,2.7,9.5,0.3,6.1,2.9,Low
1630,5.9,3.6,8.3,5.3,0.9,2.99,Low
1035,5.2,1.5,6.8,1.9,8.6,2.38,Low
585,5.4,3.8,6.5,0.6,7.7,3.14,Low
163,5.3,3.0,6.0,5.4,4.3,2.68,Low
322,5.9,2.0,7.0,0.9,8.2,3.0,Low
914,5.3,0.7,7.8,1.7,8.5,2.64,Low
1511,5.9,0.3,9.7,1.6,6.5,2.76,Low
1232,5.2,1.4,6.3,4.1,7.0,3.12,Low
1573,5.4,0.7,8.8,0.1,9.0,2.57,Low
47,5.1,3.7,7.1,5.8,2.3,2.6,Low
1945,5.8,0.8,8.9,1.0,7.5,2.89,Low
1704,5.0,2.3,6.7,1.9,8.1,2.64,Low
132,5.6,2.4,6.4,3.5,6.1,2.85,Low
1409,5.5,3.9,6.4,2.5,5.7,2.8,Low
25,5.0,2.0,7.1,1.3,8.6,2.68,Low
741,5.5,1.4,7.1,4.1,5.9,2.71,Low
146,5.2,2.3,8.8,5.3,2.4,2.61,Low
1248,5.9,3.2,9.8,1.4,3.7,2.71,Low
989,5.1,0.1,7.2,4.9,6.7,2.94,Low
1494,5.8,1.8,8.0,4.2,4.2,2.82,Low
1664,5.4,2.4,8.0,2.5,5.7,2.77,Low
823,5.7,0.6,7.2,3.6,6.9,2.96,Low
326,5.8,0.2,8.9,2.8,6.3,3.11,Low
815,5.8,2.6,10.0,2.5,3.1,2.64,Low
783,5.7,2.4,9.2,0.3,6.4,2.69,Low
1901,5.3,3.9,9.8,0.3,4.7,2.53,Low
37,5.5,3.6,9.5,3.4,2.0,2.58,Low
359,5.0,1.0,8.6,6.0,3.4,2.71,Low
1693,5.0,0.6,6.6,3.5,8.3,2.89,Low
332,5.1,1.0,8.8,0.8,8.3,2.25,Low
184,5.4,2.4,6.2,2.3,7.7,2.66,Low
1510,5.6,1.6,8.2,4.3,4.3,2.91,Low
942,5.2,1.0,7.3,1.4,9.1,2.83,Low
169,5.1,0.4,9.0,1.1,8.4,2.52,Low
757,5.5,0.1,8.3,3.6,6.5,2.73,Low
1792,5.8,1.6,6.2,3.2,7.2,2.98,Low
1411,5.8,3.6,8.4,1.5,4.7,2.91,Low
934,5.5,3.5,6.7,4.1,4.2,2.92,Low
119,5.2,1.0,8.6,5.4,3.8,3.4,Low
1677,5.2,0.5,6.0,2.4,9.9,2.69,Low
520,8.9,1.8,7.0,1.8,4.5,3.38,High
1022,8.7,4.0,6.4,2.6,2.3,3.21,High
471,8.1,0.8,7.0,0.2,7.9,3.74,High
208,8.1,0.7,10.0,1.2,4.0,3.35,High
792,8.3,2.5,8.0,0.1,5.1,3.1,High
427,9.0,0.1,7.9,6.0,1.0,3.36,High
294,8.5,0.4,7.8,1.5,5.8,3.01,High
1633,9.3,0.3,8.4,1.0,5.0,3.29,High
1581,8.5,0.9,5.2,1.2,8.2,3.17,High
533,8.6,3.9,7.8,1.0,2.7,3.69,High
1740,8.9,2.2,8.3,1.5,3.1,3.37,High
67,8.3,0.7,5.4,3.9,5.7,3.26,High
1019,6.3,1.3,5.4,1.8,9.2,3.1,High
1394,8.9,0.1,9.8,2.7,2.5,3.51,High
1774,8.5,1.5,7.8,0.6,5.6,3.02,High
664,8.2,2.4,5.9,4.2,3.3,3.13,High
739,8.3,0.3,6.8,3.3,5.3,3.48,High
1320,9.7,0.2,6.1,3.4,4.6,3.81,High
481,8.4,2.9,8.5,0.6,3.6,3.07,High
446,8.8,0.3,5.4,2.1,7.4,3.12,High
1565,9.4,0.8,5.5,5.4,2.9,3.55,High
1440,9.1,2.8,9.7,1.0,1.4,3.53,High
1455,9.4,1.8,9.5,2.5,0.8,3.91,High
1324,9.1,3.5,8.4,0.1,2.9,3.36,High
791,8.4,3.8,6.5,0.0,5.3,3.08,High
389,9.3,2.2,7.6,0.6,4.3,3.48,High
1427,9.4,1.8,6.7,0.8,5.3,3.37,High
189,8.6,2.0,8.4,2.2,2.8,3.43,High
538,7.5,0.0,5.0,2.1,9.4,3.2,High
1474,7.6,0.6,5.0,4.9,5.9,3.29,High
1197,6.8,3.7,5.3,3.3,4.9,3.37,High
510,8.2,1.6,8.6,1.1,4.5,3.46,High
1125,8.6,2.3,7.5,1.1,4.5,2.97,High
799,6.6,0.4,5.9,5.9,5.2,3.27,High
197,9.3,3.4,6.6,3.9,0.8,3.41,High
1140,9.5,0.3,9.7,3.7,0.8,3.42,High
1119,7.3,2.1,5.0,2.5,7.1,3.0,High
212,8.5,0.6,9.1,1.3,4.5,3.16,High
131,8.8,0.7,6.6,2.6,5.3,2.99,High
114,5.9,0.4,5.6,2.8,9.3,2.73,High
916,5.5,3.8,5.3,1.8,7.6,2.81,High
1754,9.5,3.8,5.3,2.2,3.2,3.7,High
249,6.7,3.3,5.4,5.4,3.2,3.27,High
1769,8.1,3.3,7.0,1.2,4.4,3.8,High
1803,8.3,1.4,8.4,0.1,5.8,3.23,High
310,6.0,2.1,5.5,2.7,7.7,2.72,High
1255,9.6,1.1,6.9,3.4,3.0,3.37,High
171,9.2,1.6,8.3,1.0,3.9,3.5,High
705,9.0,1.6,8.8,0.6,4.0,3.2,High
704,8.0,1.1,5.9,2.3,6.7,3.27,High
516,7.6,3.9,5.6,0.1,6.8,3.28,High
662,8.4,1.5,9.7,0.7,3.7,3.16,High
1348,5.2,2.0,5.8,1.1,9.9,2.58,High
839,5.5,0.2,5.9,3.2,9.2,2.74,High
1040,5.7,3.8,5.4,1.2,7.9,2.81,High
584,8.3,3.9,8.0,0.3,3.5,3.04,High
536,8.8,0.6,7.4,4.3,2.9,3.32,High
1553,9.0,0.7,8.6,2.2,3.5,3.62,High
1224,9.3,1.6,6.0,2.5,4.6,3.31,High
23,9.0,0.7,9.5,2.6,2.2,3.21,High
845,6.7,0.7,5.5,5.7,5.4,3.31,High
1783,9.2,0.7,9.3,3.3,1.5,3.64,High
1104,8.1,0.6,9.1,1.4,4.8,3.15,High
254,6.0,2.7,5.4,0.2,9.7,2.92,High
806,7.9,2.2,5.4,0.3,8.2,2.99,High
374,7.9,2.4,5.9,2.2,5.6,3.4,High
1911,8.7,0.6,9.6,4.6,0.5,3.57,High
1194,8.1,2.7,9.2,0.9,3.1,2.78,High
1963,9.4,1.4,5.2,5.1,2.9,3.59,High
148,9.0,0.6,6.1,4.3,4.0,3.15,High
1149,9.9,2.0,7.3,3.6,1.2,3.51,High
1211,8.3,3.3,7.1,0.4,4.9,3.56,High
63,5.1,0.5,5.2,0.2,13.0,2.85,High
1193,8.6,0.3,7.3,1.0,6.8,3.51,High
972,7.4,1.7,5.4,0.6,8.9,3.23,High
101,10.0,2.2,8.8,2.8,0.2,3.41,High
49,9.7,2.8,7.9,0.3,3.3,3.47,High
1287,10.0,1.6,6.4,3.3,2.7,3.39,High
1525,8.6,2.7,5.5,5.5,1.7,2.9,High
441,10.0,0.5,6.4,2.4,4.7,3.14,High
11,9.7,3.6,8.0,2.5,0.2,3.43,High
1207,7.7,1.4,5.4,1.2,8.3,3.13,High
1988,9.5,1.5,6.4,3.0,3.6,3.86,High
419,9.9,0.4,7.1,0.3,6.3,3.55,High
756,8.8,3.6,5.4,2.4,3.8,3.08,High
1352,6.5,0.3,5.5,5.5,6.2,3.28,High
1290,9.0,3.6,9.9,0.3,1.2,3.19,High
1252,5.9,2.3,5.8,2.1,7.9,2.66,High
1758,9.6,1.8,8.7,1.4,2.5,3.43,High
732,9.1,1.9,6.8,2.2,4.0,3.27,High
1934,9.3,1.6,9.4,0.9,2.8,3.69,High
1151,9.3,0.4,5.5,1.6,7.2,3.29,High
363,9.8,1.5,6.6,0.9,5.2,3.61,High
951,9.8,1.7,7.4,4.6,0.5,3.84,High
372,10.0,3.7,8.2,0.9,1.2,3.63,High
800,9.4,4.0,7.9,2.2,0.5,2.91,High
804,8.1,0.7,5.1,1.7,8.4,3.21,High
1671,8.9,1.4,5.7,5.1,2.9,3.55,High
79,8.4,3.0,9.0,2.8,0.8,3.26,High
680,9.0,0.5,7.9,3.0,3.6,2.99,High
570,8.5,3.3,7.7,4.4,0.1,3.2,High
1294,8.6,3.5,9.7,1.8,0.4,3.3,High
868,7.1,2.5,5.4,0.5,8.5,3.33,High
1750,8.6,0.0,9.8,4.6,1.0,3.48,High
127,5.9,1.1,5.9,5.4,5.7,2.89,High
545,8.3,1.0,6.0,5.5,3.2,3.25,High
128,7.1,3.9,5.6,2.4,5.0,2.9,High
553,8.9,2.6,5.8,5.3,1.4,2.98,High
1029,8.2,2.0,7.2,5.8,0.8,3.45,High
901,8.9,0.8,9.1,3.4,1.8,3.1,High
1504,6.6,1.6,5.8,3.0,7.0,2.73,High
1512,9.1,3.1,8.0,1.3,2.5,3.46,High
1122,9.3,2.7,7.2,2.3,2.5,3.29,High
753,10.0,0.1,8.0,3.9,2.0,3.35,High
1084,8.2,1.3,9.8,0.2,4.5,3.38,High
1604,6.1,0.0,5.7,1.9,10.3,3.01,High
644,9.0,1.1,8.5,1.4,4.0,3.56,High
454,9.1,3.4,9.6,0.8,1.1,3.31,High
943,8.7,3.7,7.1,1.5,3.0,3.29,High
380,8.8,2.6,9.8,0.2,2.6,3.38,High
1557,8.2,1.2,6.2,4.4,4.0,3.08,High
196,9.6,3.9,9.7,0.4,0.4,3.65,High
1016,6.4,3.8,5.7,3.5,4.6,3.07,High
176,8.8,0.6,9.3,2.6,2.7,3.3,High
121,6.3,1.5,5.1,1.9,9.2,2.82,High
1657,9.6,3.3,6.6,1.1,3.4,3.45,High
1295,9.3,2.2,9.1,1.0,2.4,3.07,High
1796,9.7,3.1,6.4,4.1,0.7,3.76,High
1787,8.5,1.6,9.4,1.3,3.2,2.9,High
1790,6.9,0.0,5.0,2.8,9.3,2.85,High
593,5.0,1.7,5.5,4.5,7.3,2.72,High
1241,7.4,0.0,5.4,4.8,6.4,3.14,High
8,8.4,1.8,5.6,3.0,5.2,3.2,High
958,9.3,0.4,8.9,4.6,0.8,3.58,High
503,8.6,2.7,9.8,2.2,0.7,3.31,High
1258,8.7,1.1,5.6,1.5,7.1,3.24,High
1833,9.5,0.4,9.9,3.6,0.6,3.5,High
1086,9.6,0.8,5.7,4.6,3.3,3.12,High
1471,6.2,1.8,5.4,5.7,4.9,2.98,High
900,8.3,2.4,7.1,2.5,3.7,3.22,High
1929,9.5,2.9,5.4,4.9,1.3,3.67,High
1992,6.3,1.5,5.1,3.1,8.0,3.21,High
1546,8.7,1.0,5.9,3.2,5.2,3.17,High
1590,9.2,0.2,9.3,2.9,2.4,3.29,High
338,6.3,3.4,5.2,5.4,3.7,3.31,High
617,8.6,2.9,7.6,0.8,4.1,3.15,High
1491,9.5,2.3,6.8,2.1,3.3,3.74,High
1786,5.3,3.5,5.4,1.5,8.3,2.91,High
1614,9.4,2.8,5.4,3.9,2.5,3.37,High
1965,9.9,1.1,9.8,0.2,3.0,3.54,High
1216,8.3,1.4,9.7,4.2,0.4,3.25,High
790,8.5,3.6,9.0,2.0,0.9,2.9,High
317,9.6,2.0,10.0,2.0,0.4,3.46,High
1703,8.9,3.7,6.2,3.0,2.2,3.49,High
720,7.1,3.3,5.6,4.4,3.6,2.85,High
207,8.9,0.4,7.1,5.3,2.3,3.33,High
1072,9.3,3.6,7.2,1.8,2.1,3.3,High
106,8.5,0.9,5.7,0.1,8.8,3.55,High
226,8.2,3.7,5.5,5.6,1.0,3.29,High
639,9.5,3.0,9.5,1.5,0.5,3.76,High
52,9.0,2.6,8.5,3.1,0.8,4.0,High
139,6.0,0.7,5.8,4.9,6.6,2.96,High
928,8.1,0.8,5.7,5.6,3.8,3.45,High
86,5.6,2.0,5.1,2.8,8.5,2.81,High
1887,9.1,2.9,8.6,0.3,3.1,3.56,High
373,8.2,3.1,5.6,2.5,4.6,3.16,High
560,8.0,2.6,5.4,3.3,4.7,3.48,High
582,8.7,2.8,7.1,1.9,3.5,3.12,High
1020,9.5,0.0,9.1,5.1,0.3,3.05,High
564,8.6,1.8,9.6,2.8,1.2,3.47,High
1066,8.2,0.5,8.3,5.9,1.1,3.44,High
1826,8.6,3.0,5.3,1.3,5.8,3.06,High
1189,6.0,1.5,5.5,3.8,7.2,2.8,High
1775,9.0,1.5,8.2,3.8,1.5,3.41,High
362,8.8,0.1,8.7,1.2,5.2,3.32,High
752,9.7,1.6,8.9,1.0,2.8,3.57,High
1166,6.6,3.6,5.6,1.1,7.1,2.82,High
987,8.1,0.2,6.6,2.8,6.3,3.14,High
1895,9.7,0.2,5.1,4.0,5.0,3.25,High
631,9.8,0.3,8.2,0.4,5.3,3.71,High
459,8.4,2.4,6.8,1.3,5.1,3.25,High
603,8.9,1.8,8.2,1.3,3.8,3.21,High
116,9.4,3.7,5.3,1.6,4.0,3.45,High
578,8.4,1.3,5.3,2.2,6.8,2.92,High
1551,9.8,0.1,6.5,5.5,2.1,3.24,High
181,6.0,0.0,5.7,5.4,6.9,2.95,High
1200,9.3,1.7,9.8,1.4,1.8,3.12,High
1397,7.4,2.8,5.3,1.2,7.3,3.25,High
830,9.1,3.3,7.9,1.3,2.4,3.35,High
1964,9.5,0.9,9.5,1.3,2.8,3.24,High
352,9.3,3.4,9.6,0.4,1.3,3.28,High
1586,8.7,2.5,9.0,1.6,2.2,3.53,High
1067,9.6,1.8,5.2,2.2,5.2,3.55,High
1332,9.7,3.3,9.2,0.5,1.3,3.18,High
607,8.8,1.6,8.3,1.4,3.9,3.26,High
470,10.0,3.5,8.1,1.4,1.0,3.44,High
1448,8.6,3.6,5.6,5.9,0.3,3.21,High
1163,8.8,0.8,8.5,0.1,5.8,3.61,High
1464,8.7,3.9,5.4,0.3,5.7,3.42,High
1973,7.9,2.8,5.5,4.9,2.9,3.03,High
214,9.4,3.8,9.3,1.2,0.3,3.33,High
970,9.6,0.0,7.8,4.4,2.2,3.38,High
640,9.4,2.3,8.2,0.6,3.5,3.62,High
996,9.7,0.9,6.6,4.5,2.3,3.5,High
1530,9.1,0.9,7.6,4.8,1.6,3.08,High
1807,6.4,0.4,5.6,1.7,9.9,3.21,High
747,8.7,3.3,5.7,5.0,1.3,3.55,High
1915,8.8,2.5,6.2,0.0,6.5,3.29,High
995,9.9,1.5,9.0,1.6,2.0,3.44,High
913,6.7,3.3,5.0,1.8,7.2,2.85,High
835,5.4,1.8,5.8,1.1,9.9,2.71,High
1169,8.3,4.0,6.3,3.6,1.8,3.36,High
1364,8.8,0.4,9.8,4.5,0.5,3.12,High
1000,8.5,1.6,7.5,0.0,6.4,3.63,High
1060,8.1,0.3,5.6,0.3,9.7,3.25,High
1457,6.6,2.5,5.3,0.1,9.5,2.6,High
252,9.9,1.3,5.9,4.7,2.2,3.57,High
1916,9.5,1.6,7.6,2.5,2.8,3.7,High
862,8.7,0.1,7.9,5.6,1.7,3.3,High
519,8.2,3.9,9.2,0.1,2.6,3.26,High
1710,8.2,2.2,5.1,4.2,4.3,3.48,High
598,8.7,2.4,8.4,0.4,4.1,3.16,High
1309,9.8,0.3,7.7,1.8,4.4,3.23,High
802,5.7,2.5,5.6,3.5,6.7,3.08,High
1537,8.2,1.0,9.7,0.9,4.2,2.81,High
384,6.7,3.6,5.1,4.0,4.6,3.18,High
1821,7.4,3.8,5.6,5.7,1.5,3.27,High
1367,8.6,0.2,9.3,2.7,3.2,3.11,High
841,5.8,0.5,5.6,3.1,9.0,2.73,High
1228,9.4,2.1,8.9,2.0,1.6,3.43,High
669,5.2,1.7,5.4,3.6,8.1,2.55,High
1909,7.5,0.1,5.0,1.4,10.0,3.07,High
842,9.9,2.7,9.7,0.2,1.5,3.23,High
151,7.3,3.8,5.8,3.5,3.6,3.58,High
61,8.3,1.1,9.8,3.5,1.3,3.67,High
552,9.1,3.3,6.7,3.4,1.5,3.4,High
1378,9.5,3.9,9.3,0.1,1.2,3.28,High
95,8.5,2.1,6.5,4.9,2.0,3.1,High
1283,9.1,1.7,8.0,0.5,4.7,3.23,High
1268,9.5,3.6,8.4,2.1,0.4,3.11,High
569,9.2,0.0,8.5,5.8,0.5,3.08,High
304,6.4,0.3,5.4,5.4,6.5,3.29,High
1131,5.5,3.9,5.9,3.9,4.8,2.99,High
327,5.3,4.0,5.3,4.2,5.2,2.67,High
959,5.9,1.7,5.8,4.2,6.4,3.32,High
125,8.2,2.3,6.8,5.9,0.8,2.95,High
258,9.5,1.7,6.4,3.6,2.8,3.42,High
1829,8.7,1.6,6.3,2.3,5.1,2.87,High
1127,8.2,2.2,5.6,2.3,5.7,3.28,High
1658,8.7,2.0,5.3,4.3,3.7,2.96,High
1460,8.6,2.7,7.4,3.4,1.9,3.45,High
625,9.0,0.3,7.4,3.4,3.9,3.64,High
1325,7.8,3.1,5.7,1.4,6.0,3.14,High
501,6.9,3.9,5.4,4.1,3.7,2.55,High
817,8.3,1.8,8.2,0.4,5.3,3.33,High
546,6.1,0.2,5.2,1.1,11.4,2.72,High
398,9.1,1.5,8.9,4.3,0.2,3.21,High
425,8.7,0.2,9.5,4.8,0.8,3.5,High
1463,8.8,2.2,9.4,1.9,1.7,3.85,High
529,7.5,2.7,5.4,1.6,6.8,3.09,High
1101,8.8,3.7,9.7,0.3,1.5,3.39,High
1810,8.2,1.9,7.5,2.6,3.8,3.13,High
448,8.2,3.7,8.1,3.5,0.5,3.23,High
1100,8.2,1.7,7.2,1.9,5.0,3.38,High
1004,8.5,0.3,9.3,2.8,3.1,3.26,High
138,7.9,3.4,5.7,4.8,2.2,3.15,High
186,8.3,3.7,8.7,0.7,2.6,3.77,High
71,9.1,1.1,5.6,4.2,4.0,3.54,High
465,9.8,1.6,6.9,1.9,3.8,3.23,High
368,8.4,3.2,6.3,5.0,1.1,3.5,High
653,8.7,3.2,9.3,2.8,0.0,3.1,High
1884,8.6,2.2,7.1,3.4,2.7,3.18,High
1584,9.3,2.0,5.7,4.2,2.8,3.51,High
149,8.6,2.6,8.5,2.3,2.0,3.14,High
161,5.1,2.7,5.9,5.8,4.5,2.71,High
1545,8.7,3.1,7.5,1.4,3.3,2.99,High
159,6.1,1.8,5.7,1.1,9.3,2.38,High
706,8.4,2.3,9.6,1.4,2.3,3.41,High
1814,8.1,0.8,7.3,4.3,3.5,3.12,High
824,9.1,0.3,7.4,3.8,3.4,3.66,High
1058,5.8,0.4,5.7,5.3,6.8,3.0,High
1316,6.1,0.8,5.2,3.9,8.0,2.56,High
1003,9.0,3.5,7.3,2.0,2.2,3.43,High
547,9.3,1.1,9.8,2.2,1.6,3.79,High
15,8.9,0.3,6.8,0.7,7.3,3.4,High
1652,5.3,1.3,5.7,4.3,7.4,2.79,High
202,9.7,3.2,10.0,0.4,0.7,3.67,High
190,9.0,2.8,6.4,3.4,2.4,3.24,High
531,7.2,0.8,5.2,5.1,5.7,2.99,High
1622,7.3,1.7,5.8,2.6,6.6,3.07,High
946,9.0,3.8,8.1,2.3,0.8,3.55,High
1751,9.5,0.1,9.7,3.8,0.9,3.57,High
511,9.5,1.1,6.8,0.3,6.3,3.43,High
482,9.0,1.1,6.1,5.7,2.1,3.07,High
1418,6.0,0.8,5.1,5.4,6.7,2.54,High
1907,7.4,3.5,5.2,3.9,4.0,3.26,High
599,9.8,3.4,9.0,1.5,0.3,3.49,High
782,8.1,3.0,6.1,0.4,6.4,3.37,High
1766,8.3,1.5,8.6,1.9,3.7,2.86,High
1062,9.2,2.8,5.6,4.4,2.0,3.5,High
224,8.2,1.0,8.2,3.2,3.4,3.24,High
1347,9.7,2.1,8.4,3.0,0.8,3.51,High
449,8.6,0.5,9.5,0.4,5.0,3.06,High
1689,9.6,0.5,5.5,2.0,6.4,3.19,High
1011,9.9,0.2,5.5,4.3,4.1,3.32,High
22,9.6,3.2,8.2,2.6,0.4,3.34,High
648,6.8,1.7,5.2,1.6,8.7,2.91,High
360,9.0,0.8,7.8,4.4,2.0,3.18,High
1213,9.6,3.9,7.7,1.3,1.5,3.47,High
157,9.0,0.0,6.7,2.4,5.9,3.51,High
1780,9.2,3.0,5.3,6.0,0.5,3.77,High
979,8.8,1.1,6.6,5.5,2.0,3.32,High
1898,8.7,3.0,8.3,0.9,3.1,3.1,High
434,8.7,2.0,8.2,0.4,4.7,3.42,High
575,9.5,0.0,8.4,0.3,5.8,3.07,High
375,6.7,0.1,5.1,5.0,7.1,3.03,High
1942,8.2,1.2,5.1,5.3,4.2,3.19,High
1141,9.0,0.8,9.0,4.4,0.8,3.37,High
939,8.7,2.2,9.4,2.0,1.7,3.03,High
410,5.5,1.0,5.7,2.1,9.7,2.93,High
1725,9.3,0.9,6.1,1.2,6.5,3.29,High
1817,9.9,3.8,5.4,4.6,0.3,3.69,High
1587,8.9,1.8,9.7,1.8,1.8,3.63,High
324,9.8,1.7,6.6,3.0,2.9,3.58,High
1882,9.6,0.7,6.4,3.1,4.2,3.38,High
1065,9.2,3.9,9.9,0.1,0.9,3.48,High
1170,7.5,1.2,5.8,1.7,7.8,3.25,High
1023,7.7,1.6,5.8,5.9,3.0,3.15,High
1392,6.8,2.6,5.6,2.6,6.4,2.77,High
749,9.2,1.9,7.6,1.6,3.7,3.02,High
18,8.8,2.2,8.9,2.0,2.1,3.19,High
286,7.6,1.9,5.1,2.0,7.4,3.08,High
1873,8.2,3.0,8.4,0.9,3.5,3.52,High
1624,9.5,0.1,7.8,4.7,1.9,3.71,High
586,8.2,1.1,5.1,5.8,3.8,3.5,High
1760,8.5,2.8,7.5,4.8,0.4,3.06,High
1275,9.3,1.2,8.5,0.1,4.9,3.1,High
1552,7.7,3.3,5.5,5.7,1.8,2.99,High
1143,8.2,0.1,9.8,0.3,5.6,3.37,High
1777,8.8,0.8,6.7,4.9,2.8,3.53,High
1168,9.6,2.2,6.3,4.1,1.8,3.49,High
1881,9.7,3.2,8.5,0.0,2.6,3.19,High
1746,9.8,3.3,9.3,0.3,1.3,3.73,High
1742,8.7,1.6,6.8,2.4,4.5,3.42,High
1765,6.5,1.1,5.7,1.7,9.0,3.02,High
1266,9.5,2.3,5.4,2.7,4.1,3.67,High
1404,8.5,1.8,7.7,5.1,0.9,3.23,High
938,9.6,0.6,9.8,0.8,3.2,3.29,High
1690,7.9,1.8,5.2,1.9,7.2,3.07,High
413,8.4,1.3,8.4,0.4,5.5,3.32,High
716,8.3,3.0,8.8,2.3,1.6,2.92,High
1458,7.2,1.1,5.8,4.1,5.8,2.96,High
377,9.4,3.4,5.9,4.3,1.0,3.18,High
153,8.5,3.7,8.5,0.5,2.8,3.65,High
268,9.2,3.2,7.9,3.2,0.5,3.8,High
541,7.4,2.6,5.6,1.7,6.7,3.26,High
679,9.3,0.6,5.4,2.9,5.8,3.51,High
658,8.8,1.8,8.5,1.9,3.0,3.32,High
1015,9.4,3.6,6.7,2.6,1.7,2.81,High
697,9.6,0.2,6.5,1.2,6.5,3.5,High
84,9.1,3.8,9.9,0.9,0.3,3.08,High
1277,8.4,3.2,7.8,3.4,1.2,3.02,High
244,8.1,2.8,7.8,0.1,5.2,2.98,High
1153,8.2,0.9,8.6,5.2,1.1,3.03,High
554,7.1,0.2,5.6,4.6,6.5,3.13,High
1222,6.0,3.5,5.3,5.3,3.9,2.97,High
919,9.1,2.2,5.4,5.7,1.6,3.48,High
1569,8.6,2.7,5.1,2.5,5.1,3.54,High
5,8.1,0.6,6.5,2.2,6.6,3.51,High
1931,8.1,1.8,5.2,0.1,8.8,3.28,High
567,8.6,2.2,9.7,1.7,1.8,3.07,High
1400,9.7,1.6,8.5,2.1,2.1,3.87,High
1134,8.4,0.8,6.2,1.7,6.9,3.12,High
825,9.1,3.1,6.4,5.1,0.3,3.45,High
1585,6.0,1.8,5.3,5.0,5.9,2.88,High
1877,6.5,2.8,5.6,2.4,6.7,2.9,High
1695,8.2,2.5,7.8,5.4,0.1,3.4,High
314,8.9,2.8,5.2,1.8,5.3,3.3,High
231,7.1,1.8,5.8,4.8,4.5,2.86,High
1185,9.6,2.6,5.5,5.7,0.6,3.28,High
872,8.3,2.7,9.7,3.3,0.0,2.95,High
1114,9.0,2.4,9.4,1.3,1.9,3.61,High
1808,9.5,2.5,5.0,1.1,5.9,3.52,High
178,8.2,1.0,5.7,5.0,4.1,2.89,High
1928,5.5,3.0,5.1,1.5,8.9,2.66,High
333,7.7,0.9,5.1,1.4,8.9,3.15,High
666,9.2,3.2,9.8,1.0,0.8,3.55,High
500,8.9,3.6,7.2,3.9,0.4,3.51,High
1793,6.0,2.0,5.8,4.0,6.2,2.81,High
130,9.6,2.2,7.9,1.2,3.1,3.24,High
523,10.0,2.2,9.8,0.2,1.8,3.25,High
240,6.0,2.0,5.3,3.5,7.2,3.26,High
539,9.6,0.9,8.2,1.2,4.1,3.62,High
878,8.4,2.9,7.9,1.0,3.8,3.2,High
581,7.2,3.9,5.3,3.1,4.5,3.03,High
261,9.9,0.7,9.3,2.0,2.1,3.59,High
877,9.7,1.2,8.9,3.2,1.0,3.26,High
1660,9.4,2.0,6.6,4.5,1.5,3.46,High
1278,9.0,1.2,7.9,4.4,1.5,3.62,High
248,8.5,3.5,8.6,2.7,0.7,3.15,High
840,9.7,3.4,6.5,0.3,4.1,3.48,High
303,8.5,1.6,7.1,4.3,2.5,3.39,High
58,9.0,1.1,7.2,0.5,6.2,3.39,High
1335,6.7,2.5,5.2,1.1,8.5,3.11,High
353,8.8,1.8,9.2,3.1,1.1,3.45,High
1857,8.7,2.4,8.4,0.1,4.4,3.51,High
1272,6.7,3.0,5.8,0.8,7.7,3.09,High
1106,10.0,0.8,6.3,4.0,2.9,3.39,High
311,8.8,1.4,8.3,4.4,1.1,3.1,High
1181,5.6,3.9,5.1,4.8,4.6,2.7,High
257,9.3,2.3,7.2,3.8,1.4,3.61,High
315,6.3,1.4,5.4,5.6,5.3,2.58,High
17,8.6,2.6,9.4,1.6,1.8,3.36,High
1280,8.3,3.6,5.5,1.4,5.2,3.4,High
984,8.2,3.6,8.1,0.5,3.6,3.18,High
1293,9.9,0.2,6.8,2.9,4.2,3.09,High
143,9.5,2.5,5.6,5.6,0.8,3.13,High
1358,9.5,0.5,7.7,5.3,1.0,3.78,High
855,9.5,4.0,6.0,1.6,2.9,3.39,High
431,8.9,2.4,9.5,1.4,1.8,3.66,High
264,8.9,0.5,9.8,2.2,2.6,3.57,High
1577,9.4,1.3,7.9,4.6,0.8,3.34,High
423,8.5,2.2,5.5,1.5,6.3,3.27,High
396,9.9,3.1,5.1,0.4,5.5,3.17,High
383,5.3,2.0,5.2,0.4,11.1,2.31,High
1315,9.7,1.5,7.5,4.8,0.5,3.3,High
243,8.9,0.2,7.4,0.6,6.9,3.33,High
1999,8.1,0.7,7.6,3.5,4.1,3.04,High
1071,6.3,1.3,5.6,3.9,6.9,2.97,High
1469,10.0,3.0,8.2,1.0,1.8,3.81,High
789,9.6,1.6,5.7,4.3,2.8,3.49,High
340,5.3,2.1,5.8,4.4,6.4,3.11,High
82,5.4,2.8,5.4,4.9,5.5,2.86,High
1678,8.3,2.8,7.9,1.8,3.2,3.44,High
209,9.7,2.6,8.0,1.9,1.8,3.33,High
1192,8.8,2.4,5.8,4.8,2.2,3.38,High
109,9.3,3.8,5.7,4.8,0.4,3.05,High
838,9.4,2.2,9.8,0.1,2.5,3.79,High
1199,9.1,2.3,8.8,2.7,1.1,3.43,High
1135,7.1,0.9,5.1,5.3,5.6,3.05,High
1737,9.7,3.4,9.4,0.7,0.8,3.6,High
812,8.4,1.6,8.8,2.4,2.8,3.51,High
50,9.4,3.0,8.5,2.2,0.9,3.18,High
1680,8.3,1.3,7.0,1.6,5.8,3.39,High
1854,8.9,1.8,8.6,3.5,1.2,3.17,High
1077,5.9,0.8,5.9,0.3,11.1,3.11,High
1589,9.8,3.0,9.1,0.1,2.0,3.9,High
1381,8.3,1.7,9.1,4.4,0.5,3.26,High
1867,6.3,2.1,5.1,1.6,8.9,3.49,High
611,9.1,3.2,6.5,4.8,0.4,3.34,High
97,8.1,1.7,9.7,3.9,0.6,3.45,High
709,9.7,1.1,8.1,3.5,1.6,3.63,High
1034,8.4,1.1,8.7,0.3,5.5,2.86,High
1843,6.5,3.0,5.2,1.3,8.0,3.17,High
1413,8.3,3.9,5.9,3.5,2.4,2.95,High
1862,8.2,3.0,9.9,0.5,2.4,3.3,High
480,8.1,3.7,5.1,2.9,4.2,2.63,High
1939,7.6,1.0,5.9,0.4,9.1,3.06,High
1410,9.1,2.1,6.4,0.4,6.0,3.37,High
1356,8.6,3.7,7.0,0.9,3.8,3.48,High
834,8.8,2.1,6.1,4.0,3.0,3.2,High
733,9.0,1.3,6.0,0.5,7.2,3.05,High
1612,10.0,1.0,7.2,3.0,2.8,3.37,High
937,5.4,3.6,5.0,2.9,7.1,2.74,High
41,8.3,0.9,8.6,1.4,4.8,3.48,High
1425,9.2,2.6,8.1,1.4,2.7,3.39,High
1046,5.3,2.8,5.0,2.5,8.4,3.02,High
1145,7.3,2.0,5.4,4.1,5.2,3.41,High
897,8.9,1.6,5.7,0.1,7.7,3.42,High
672,9.9,1.9,9.2,0.2,2.8,3.65,High
160,9.6,1.4,7.9,3.2,1.9,3.43,High
117,9.0,3.0,5.9,1.3,4.8,3.29,High
909,9.3,3.5,5.0,4.7,1.5,3.45,High
497,8.7,1.3,5.0,3.1,5.9,3.24,High
515,9.8,2.1,8.4,1.2,2.5,3.61,High
661,9.0,2.9,8.0,0.2,3.9,3.74,High
647,9.1,3.1,8.8,0.6,2.4,3.42,High
1597,9.9,1.3,8.0,0.4,4.4,3.33,High
507,8.8,1.7,9.1,3.7,0.7,3.44,High
30,9.9,1.0,8.4,3.6,1.1,3.25,High
335,5.5,2.0,5.8,1.9,8.8,2.79,High
675,6.3,0.4,5.8,0.9,10.6,2.93,High
1001,8.5,2.6,5.2,2.2,5.5,3.26,High
1679,7.9,1.4,5.4,6.0,3.3,3.11,High
403,7.2,2.5,5.4,5.3,3.6,3.08,High
1152,8.1,1.4,8.9,1.3,4.3,3.27,High
1390,9.7,3.4,8.6,0.2,2.1,3.53,High
1346,9.0,1.0,9.5,4.1,0.4,3.34,High
1147,9.4,2.5,5.8,5.8,0.5,3.25,High
920,5.8,3.4,5.1,3.1,6.6,2.79,High
873,8.6,1.1,9.4,0.2,4.7,3.36,High
1441,8.3,1.9,8.2,2.5,3.1,3.25,High
1227,9.7,3.1,6.3,2.9,2.0,3.5,High
323,6.8,0.3,5.1,0.8,11.0,3.03,High
1328,9.8,2.6,6.5,0.6,4.5,3.62,High
1615,8.3,3.8,5.0,1.5,5.4,3.43,High
1502,8.2,0.2,5.3,2.7,7.6,3.55,High
852,9.3,0.2,8.5,0.8,5.2,3.49,High
1059,7.6,1.9,5.5,3.9,5.1,3.17,High
729,9.1,3.9,6.3,4.6,0.1,2.98,High
300,8.7,3.5,6.1,0.5,5.2,3.37,High
447,9.7,2.7,8.4,1.2,2.0,3.44,High
1974,8.9,1.5,5.5,3.8,4.3,3.31,High
1776,8.1,1.7,5.9,5.7,2.6,3.17,High
1496,9.1,2.5,9.2,1.6,1.6,3.22,High
690,5.7,2.3,5.9,1.7,8.4,2.62,High
760,5.1,2.3,5.1,4.7,6.8,3.03,High
145,9.5,3.2,5.8,1.7,3.8,3.59,High
1772,9.2,2.0,8.7,0.6,3.5,3.03,High
217,8.4,0.3,9.3,3.0,3.0,3.77,High
947,9.0,3.4,7.0,0.2,4.4,3.68,High
1148,8.1,1.0,9.0,4.8,1.1,3.22,High
1130,9.9,2.7,6.4,2.9,2.1,3.49,High
218,9.1,1.4,8.4,2.9,2.2,3.26,High
776,9.7,2.8,9.1,1.3,1.1,3.54,High
177,9.5,3.2,7.1,0.1,4.1,3.49,High
1863,8.8,1.4,5.9,2.5,5.4,3.29,High
1749,7.1,1.6,5.6,4.1,5.6,3.28,High
1555,6.9,1.5,5.3,4.1,6.2,2.77,High
1230,9.8,1.9,5.3,3.3,3.7,3.93,High
26,9.7,1.3,7.6,3.8,1.6,3.29,High
734,9.2,0.9,6.9,4.9,2.1,2.81,High
1908,9.4,2.9,9.6,0.7,1.4,3.57,High
83,8.5,0.3,5.4,5.9,3.9,2.99,High
308,10.0,2.6,7.8,2.6,1.0,3.26,High
774,9.3,1.2,7.3,3.7,2.5,3.76,High
1509,7.7,0.2,5.0,1.5,9.6,3.0,High
793,8.6,1.3,8.3,3.2,2.6,3.11,High
1773,6.3,2.9,5.8,2.1,6.9,2.78,High
1936,9.5,3.3,7.8,2.1,1.3,3.28,High
1359,7.1,1.9,5.4,1.7,7.9,3.14,High
1544,9.0,2.4,6.0,3.0,3.6,3.32,High
460,8.4,0.6,7.4,0.2,7.4,3.32,High
605,9.1,1.2,7.2,0.1,6.4,3.37,High
36,9.1,2.2,7.6,1.2,3.9,3.12,High
1259,9.6,2.3,7.7,2.6,1.8,3.67,High
579,9.7,2.6,8.4,2.1,1.2,3.38,High
1516,9.8,0.3,8.0,0.3,5.6,3.53,High
400,9.0,1.6,9.6,2.0,1.8,3.57,High
328,8.5,0.2,7.5,6.0,1.8,3.21,High
1985,8.5,0.3,7.1,3.4,4.7,3.23,High
991,8.8,3.8,8.4,1.1,1.9,3.3,High
48,9.3,1.3,5.8,3.3,4.3,3.09,High
651,9.5,4.0,9.1,1.2,0.2,3.52,High
1329,9.2,1.4,8.3,2.4,2.7,3.47,High
1739,8.5,3.8,6.2,4.1,1.4,2.93,High
615,7.2,2.4,5.8,4.0,4.6,3.19,High
803,8.5,2.8,8.8,3.4,0.5,3.63,High
1111,9.6,2.0,9.2,1.4,1.8,3.64,High
1674,7.2,1.6,5.7,3.0,6.5,2.94,High
367,8.2,0.3,7.9,3.4,4.2,3.64,High
1260,7.6,0.5,5.6,3.2,7.1,3.04,High
182,8.0,2.7,5.9,5.5,1.9,3.4,High
1126,9.6,1.3,9.8,1.8,1.5,3.39,High
129,9.8,3.5,9.1,0.4,1.2,3.57,High
1251,8.8,2.9,6.8,0.3,5.2,3.17,High
514,7.7,2.4,5.0,2.8,6.1,3.12,High
1603,8.9,2.3,8.8,0.6,3.4,3.02,High
811,8.5,2.2,6.8,5.5,1.0,3.07,High
279,10.0,0.2,9.9,1.6,2.3,3.56,High
147,6.7,3.3,5.6,5.1,3.3,2.95,High
1462,8.2,2.8,9.4,1.2,2.4,3.06,High
837,6.9,3.4,5.7,3.0,5.0,3.37,High
346,8.1,1.5,6.0,0.7,7.7,3.06,High
495,7.8,2.1,5.7,4.7,3.7,3.16,High
426,9.5,0.7,5.4,1.4,7.0,3.77,High
921,8.8,3.7,9.5,1.6,0.4,3.29,High
1087,7.5,3.6,5.7,3.9,3.3,3.01,High
223,9.2,2.0,5.0,1.7,6.1,3.42,High
1628,9.6,0.4,8.2,2.4,3.4,3.4,High
969,9.7,3.7,7.5,1.0,2.1,3.04,High
1598,9.8,2.9,8.9,1.7,0.7,3.51,High
1195,5.6,3.4,5.8,5.8,3.4,2.84,High
233,9.8,0.6,7.2,5.7,0.7,3.84,High
222,6.7,3.0,5.8,4.9,3.6,3.03,High
888,8.8,3.2,9.7,0.7,1.6,3.07,High
1379,9.7,1.7,5.0,2.7,4.9,3.47,High
111,8.2,1.0,5.4,0.8,8.6,3.3,High
1344,8.6,0.1,6.0,2.9,6.4,3.42,High
1822,8.2,3.3,5.5,3.0,4.0,3.5,High
678,6.1,3.2,5.7,2.1,6.9,2.95,High
485,8.3,3.1,9.2,2.1,1.3,3.24,High
88,9.8,1.5,6.4,5.2,1.1,3.78,High
638,8.1,3.0,5.8,1.2,5.9,3.04,High
358,8.2,3.0,5.8,2.8,4.2,3.31,High
198,6.2,0.5,5.4,4.2,7.7,2.84,High
1676,8.4,3.4,7.1,3.9,1.2,3.26,High
1376,6.3,2.0,5.7,3.7,6.3,2.91,High
1670,9.7,0.5,9.9,0.9,3.0,3.72,High
478,9.1,3.1,7.9,3.7,0.2,3.42,High
831,9.0,2.2,9.1,2.3,1.4,3.44,High
1345,9.4,2.1,9.6,1.4,1.5,3.2,High
544,8.9,1.0,7.8,2.2,4.1,3.54,High
616,6.1,0.5,5.8,0.0,11.6,2.73,High
1206,8.2,0.1,8.1,3.1,4.5,3.56,High
1948,8.4,2.9,9.8,0.8,2.1,3.28,High
271,6.6,2.0,5.2,0.9,9.3,3.17,High
230,8.4,1.8,6.4,6.0,1.4,3.25,High
1563,5.9,3.0,5.1,3.3,6.7,2.91,High
1637,8.7,2.2,7.6,1.9,3.6,3.73,High
96,9.6,3.3,9.7,1.0,0.4,3.54,High
645,9.7,2.5,6.6,1.4,3.8,3.57,High
1868,9.6,2.6,7.1,4.4,0.3,3.54,High
259,9.6,0.8,8.1,3.5,2.0,3.31,High
882,9.8,1.5,6.7,0.4,5.6,3.54,High
740,9.1,2.4,6.9,1.4,4.2,3.3,High
1254,5.4,3.5,5.4,4.2,5.5,2.81,High
572,7.8,1.6,5.7,5.2,3.7,3.06,High
42,8.2,3.4,8.3,2.3,1.8,3.07,High
1891,5.6,0.8,5.1,2.6,9.9,2.97,High
1571,9.6,3.9,5.1,3.4,2.0,3.65,High
1713,5.8,3.9,5.5,5.6,3.2,2.88,High
751,9.8,1.6,8.6,1.4,2.6,3.68,High
1031,8.6,1.5,5.5,2.7,5.7,3.49,High
1753,9.7,0.3,7.5,4.1,2.4,3.53,High
78,8.2,1.8,6.5,2.0,5.5,3.35,High
319,9.0,1.2,5.4,2.4,6.0,3.46,High
442,9.5,2.9,8.0,1.1,2.5,3.11,High
2000,9.0,1.7,7.3,3.1,2.9,3.58,High
1331,8.7,3.3,8.9,0.1,3.0,3.34,High
1505,9.0,1.8,7.5,4.8,0.9,3.33,High
1733,9.7,1.5,7.9,3.9,1.0,3.69,High
282,9.1,0.5,7.7,0.0,6.7,3.64,High
517,8.9,3.2,5.6,1.6,4.7,3.36,High
1212,5.0,2.1,5.2,3.4,8.3,2.9,High
1103,8.2,2.9,6.3,4.3,2.3,3.21,High
1480,8.1,0.4,7.0,4.3,4.2,3.24,High
39,8.2,0.3,5.8,5.4,4.3,3.29,High
235,9.5,0.9,6.1,0.2,7.3,3.17,High
577,8.7,1.6,5.3,4.7,3.7,3.2,High
457,9.5,1.4,5.8,0.2,7.1,3.69,High
1311,8.1,1.4,9.3,2.3,2.9,3.11,High
1946,9.9,1.3,5.6,3.4,3.8,3.43,High
348,9.9,2.4,7.9,2.8,1.0,3.67,High
220,8.5,2.7,8.1,3.5,1.2,3.38,High
1237,8.1,0.0,6.0,2.9,7.0,3.19,High
1172,8.2,3.2,7.3,1.9,3.4,3.2,High
329,9.1,2.5,6.5,3.7,2.2,2.85,High
540,8.6,0.4,7.1,0.2,7.7,3.2,High
1517,9.5,2.1,8.3,3.4,0.7,3.35,High
1636,9.2,0.0,7.0,5.4,2.4,3.41,High
1444,5.7,3.0,5.0,1.0,9.3,2.42,High
1362,9.7,0.5,8.9,1.3,3.6,3.53,High
1647,8.6,0.9,6.0,2.5,6.0,3.38,High
980,9.6,2.4,7.7,1.1,3.2,3.3,High
1987,6.6,3.4,5.5,5.0,3.5,2.9,High
87,5.3,0.5,5.6,3.9,8.7,2.9,High
1850,8.9,0.9,8.6,4.5,1.1,3.36,High
293,7.1,0.5,5.9,4.1,6.4,3.09,High
1481,8.3,2.5,6.4,2.3,4.5,3.31,High
313,7.6,2.5,5.4,4.5,4.0,3.17,High
38,8.6,3.6,9.4,1.9,0.5,3.03,High
967,6.0,3.2,5.9,0.5,8.4,3.28,High
91,8.1,2.8,7.3,3.6,2.2,3.39,High
1959,8.1,3.3,6.8,2.5,3.3,2.86,High
1688,9.6,0.5,8.4,0.0,5.5,3.7,High
973,9.2,1.0,6.0,3.0,4.8,3.18,High
1363,9.7,2.9,8.8,0.6,2.0,3.87,High
905,9.6,3.4,8.7,0.4,1.9,3.5,High
513,6.7,0.1,5.6,2.5,9.1,2.49,High
1617,9.1,0.5,7.3,5.6,1.5,3.37,High
1307,9.5,3.1,5.1,2.0,4.3,3.14,High
405,8.2,0.7,9.4,2.4,3.3,3.47,High
53,9.5,1.4,6.9,0.6,5.6,3.33,High
1767,6.5,2.2,5.1,0.5,9.7,3.1,High
819,7.0,1.4,5.6,2.4,7.6,3.15,High
1914,9.6,0.6,6.1,3.3,4.4,3.47,High
667,7.4,1.6,5.8,3.4,5.8,3.19,High
415,8.5,2.1,6.5,1.3,5.6,3.38,High
77,9.5,0.4,6.6,5.7,1.8,3.44,High
1281,8.5,3.3,9.3,1.2,1.7,3.25,High
1947,9.5,3.1,8.1,1.0,2.3,3.25,High
688,9.8,0.7,7.8,3.3,2.4,3.41,High
881,9.5,1.5,8.8,3.8,0.4,3.36,High
1951,9.0,2.3,8.9,1.3,2.5,3.24,High
1705,8.2,3.4,8.0,3.8,0.6,3.26,High
1625,7.7,1.3,5.7,5.3,4.0,3.36,High
1452,9.5,1.6,6.2,2.7,4.0,3.32,High
355,5.2,0.7,5.7,4.4,8.0,2.67,High
1717,5.5,3.3,5.2,4.0,6.0,2.95,High
1870,8.7,2.5,9.9,1.5,1.4,3.36,High
955,8.7,3.1,9.9,1.3,1.0,3.55,High
1956,8.3,3.8,9.1,0.1,2.7,3.48,High
1806,9.6,3.3,9.9,1.1,0.1,3.5,High
1120,8.7,0.9,9.1,3.1,2.2,3.65,High
1953,6.3,3.9,5.8,4.7,3.3,2.73,High
1297,5.5,2.1,5.3,0.7,10.4,2.79,High
299,8.3,0.4,8.1,2.7,4.5,3.01,High
1393,6.4,3.6,5.2,5.5,3.3,2.86,High
278,7.0,2.6,5.5,3.9,5.0,2.82,High
1734,5.7,1.2,5.7,4.9,6.5,2.66,High
1466,8.7,1.2,6.5,5.0,2.6,3.25,High
1507,6.3,3.2,5.2,6.0,3.3,3.0,High
215,8.3,2.2,5.4,2.5,5.6,2.97,High
406,8.6,3.6,5.4,4.4,2.0,3.81,High
1366,8.6,1.6,8.1,4.0,1.7,2.94,High
199,6.7,2.9,5.3,1.9,7.2,3.29,High
787,9.8,0.2,9.5,2.6,1.9,3.47,High
778,8.8,1.0,9.3,0.5,4.4,3.18,High
1501,9.7,3.6,7.7,1.6,1.4,3.22,High
1132,8.9,2.7,8.1,3.8,0.5,3.14,High
1554,9.8,0.5,7.1,2.9,3.7,3.38,High
1285,9.7,1.4,5.8,3.4,3.7,3.67,High
225,8.9,0.4,8.8,3.2,2.7,3.32,High
99,9.8,3.4,9.2,0.7,0.9,3.15,High
275,9.3,0.7,8.5,4.6,0.9,3.43,High
746,8.8,2.1,8.4,2.0,2.7,3.66,High
1906,6.9,1.3,5.9,3.6,6.3,2.94,High
371,6.6,1.7,5.4,1.3,9.0,3.29,High
1261,9.7,1.2,9.3,2.9,0.9,3.51,High
1694,8.9,3.0,8.0,2.6,1.5,3.29,High
1523,8.3,0.9,6.4,1.9,6.5,3.18,High
19,7.6,1.7,5.1,0.6,9.0,3.16,High
1764,8.4,2.5,9.1,0.2,3.8,2.65,High
75,8.8,3.0,5.5,5.4,1.3,3.58,High
843,6.9,2.2,5.4,0.0,9.5,3.27,High
1253,8.5,2.2,6.9,2.5,3.9,3.25,High
453,8.4,1.1,6.5,4.7,3.3,3.54,High
542,10.0,0.2,8.8,1.9,3.1,3.46,High
1876,8.6,3.2,9.3,2.9,0.0,3.38,High
1105,8.3,1.6,8.0,0.6,5.5,3.4,High
1202,8.6,1.2,8.9,2.3,3.0,3.24,High
1408,9.9,2.2,8.4,1.1,2.4,3.43,High
1433,9.2,4.0,5.1,0.6,5.1,3.62,High
473,7.7,3.5,5.7,4.7,2.4,3.21,High
1178,5.3,0.6,5.3,3.8,9.0,2.79,High
535,9.0,3.6,9.7,1.6,0.1,3.44,High
770,9.4,3.6,6.5,1.0,3.5,3.57,High
274,9.8,0.4,8.4,2.4,3.0,3.26,High
1900,8.6,0.4,8.7,0.8,5.5,3.22,High
1233,9.7,1.1,9.1,0.2,3.9,3.3,High
1781,8.8,3.5,8.3,2.9,0.5,3.26,High
1069,9.6,2.6,6.6,2.7,2.5,3.37,High
1820,6.7,0.4,5.7,0.2,11.0,2.58,High
924,9.0,3.0,8.2,0.6,3.2,2.96,High
1355,6.3,0.3,5.1,1.5,10.8,2.9,High
267,5.8,0.7,5.2,4.4,7.9,2.81,High
265,6.2,0.3,5.8,3.1,8.6,3.13,High
1438,8.9,1.4,7.0,2.4,4.3,3.5,High
1875,7.0,3.6,5.8,6.0,1.6,2.99,High
1971,5.6,2.3,5.7,4.2,6.2,2.81,High
1264,9.0,2.8,7.8,3.1,1.3,3.43,High
637,8.9,3.0,9.0,1.6,1.5,3.42,High
871,9.7,0.1,5.8,5.3,3.1,3.92,High
580,8.8,0.4,6.4,1.7,6.7,3.05,High
341,7.6,2.7,5.2,0.5,8.0,3.07,High
229,9.9,3.9,8.7,0.2,1.3,3.8,High
1714,8.6,1.7,8.2,1.9,3.6,3.46,High
1175,5.3,0.3,5.9,0.2,12.3,2.97,High
260,8.6,3.6,5.9,1.4,4.5,3.37,High
1933,9.6,1.6,8.1,3.7,1.0,3.46,High
361,8.1,0.8,6.8,4.7,3.6,3.19,High
1176,5.7,3.3,5.8,1.8,7.4,3.04,High
509,8.0,1.2,5.7,3.9,5.2,3.03,High
530,7.7,1.7,5.2,1.0,8.4,3.43,High
742,7.0,0.7,5.8,5.0,5.5,3.09,High
228,6.7,2.5,5.2,5.2,4.4,2.86,High
337,9.5,3.8,8.9,0.6,1.2,3.3,High
366,9.0,0.4,7.9,2.9,3.8,3.6,High
821,9.4,2.3,6.7,4.5,1.1,3.25,High
443,9.1,3.8,9.1,0.0,2.0,3.27,High
773,8.4,1.1,5.4,6.0,3.1,3.44,High
1549,8.4,0.3,7.0,5.8,2.5,2.9,High
1588,9.1,2.2,5.9,2.8,4.0,3.33,High
1812,6.9,1.9,5.4,3.7,6.1,3.05,High
1534,8.5,0.1,9.4,0.8,5.2,3.25,High
1779,8.2,3.9,6.6,2.4,2.9,3.32,High
237,9.3,3.1,8.9,2.3,0.4,3.52,High
1229,7.8,0.5,5.6,3.2,6.9,3.36,High
745,9.4,3.7,9.6,0.8,0.5,3.16,High
1559,9.4,1.6,6.7,1.2,5.1,3.11,High
520,8.9,1.8,7.0,1.8,4.5,3.38,High
520,8.9,1.8,7.0,1.8,4.5,3.38,High
