company,mcap,operating margin,net debt / ebit,roe,croic,p/fcf,revenues,ev/fcf,total_score,gross margin
0,80237921664,0.21194,-0.31514,0.41757,0.10884,12.50452,0.03407,12.39771,1.0,0.35377
1,1210301944,0.16897,-4.0668,0.22901,0.18061,22.31741,0.26287,18.93754,3.0,0.80693
2,203156739099,0.16241,1.07425,0.14407,0.10286,32.20963,0.31686,33.23019,1.0,0.55552
38,294352563602,0.27528,4.17309,0.84368,0.20261,18.80688,0.70539,22.86976,2.0,0.67205
3,7282794772,0.14191,0.2322,0.41082,0.24858,13.24261,0.34824,13.61567,2.0,0.646
39,2697212553,0.02562,-19.433,0.05915,0.13166,13.20146,1.90803,10.73901,1.0,0.91725
40,238205732894,0.15462,-0.08805,0.25651,0.2272,25.80666,0.48393,27.66035,2.0,0.32609
4,155494787,0.07324,1.91512,0.18361,0.08349,24.64657,0.30196,30.27185,nan,0.39367
5,9782136881,0.14407,-0.63173,0.17782,0.25449,17.62321,0.10042,17.12408,1.0,0.46398
41,4208172100,0.11744,2.21554,0.20838,0.19949,18.05727,0.48742,19.87563,nan,0.53481
42,2179600423,0.09151,-2.14799,0.07772,0.16677,15.66856,0.70661,15.87002,1.0,0.32276
715,43858785469,0.09381,-0.80827,0.27832,0.23085,12.30144,0.20842,11.81958,2.0,0.50701
6,4876730919,0.30013,0.21478,0.71625,0.26807,60.31534,15.59245,62.177,nan,0.4893
43,219928322000,0.35934,-0.1899,0.36851,0.30279,34.37557,0.90817,33.3685,3.0,0.88657
44,3290568218,0.17838,1.31984,0.12326,0.1115,13.37001,0.63935,15.31457,1.0,0.56164
45,10007590622,0.24294,1.08726,0.32986,0.23644,25.33398,0.57815,27.28908,nan,0.39058
7,6849450985,0.0865,3.1253,0.04096,0.03662,19.38546,0.23225,29.99079,nan,0.25393
8,36114214968,0.22903,0.77487,0.23937,0.1507,25.85804,0.23862,26.30167,2.0,0.54394
9,13123829497,0.1649,2.39324,0.10975,0.1033,14.55786,0.41522,17.66697,1.0,0.59664
10,2299868889,0.10547,0.48028,0.11729,0.18335,14.70856,0.4763,15.37843,1.0,0.25869
46,2953882598,0.1119,-1.82473,0.17115,0.08658,16.66458,0.88065,16.1484,nan,0.64954
47,2614489000,0.12268,1.51134,0.10085,0.12542,22.27332,0.73147,24.38267,nan,0.30828
48,16616278095,0.17158,-1.53331,0.11195,0.13471,44.93426,0.61009,42.15498,nan,0.69984
49,4446332920,0.29003,-1.42041,0.25799,0.22344,14.51195,0.4815,12.37102,3.0,0.8317
50,8306077957,0.11983,2.89739,0.21951,0.11735,37.22072,0.0319,49.9828,nan,0.20109
51,12006672292,0.20497,1.99555,0.3641,0.21169,20.67568,0.2924,23.15993,nan,0.43961
52,10046515244,0.30649,1.63441,0.44787,0.15454,14.35029,0.23169,16.48573,nan,0.47659
53,3141153693,0.13794,-1.04983,0.22157,0.26931,6.23733,0.2777,5.27496,nan,0.21825
54,58843045,0.07255,-1.57717,0.07593,0.06781,14.49151,0.42698,11.91543,nan,0.39285
55,2259295980000,0.30929,-0.76995,0.30011,0.18543,40.50904,1.17951,39.31912,3.0,0.57845
56,8869714162,0.04547,-9.77683,0.03926,0.06299,68.85872,0.50838,68.40021,nan,0.81293
11,2151476402347,0.09772,-0.54722,0.19243,0.09485,49.5452,1.27029,51.17142,1.0,0.48406
57,14294444367,0.09934,5.1055,0.19359,0.11735,21.1775,0.0676,32.20227,nan,0.20118
12,2947601790,0.09001,0.65312,0.06909,0.1697,14.47375,0.1881,15.85665,nan,0.20955
13,3347668304,0.08014,2.61008,0.14639,0.10696,11.61459,0.24035,15.24421,nan,0.39179
14,339362916,0.05605,-2.01184,0.03453,0.06315,11.1487,1.25551,8.91151,1.0,0.5193
15,54576514249,0.27929,-11.43384,0.61446,0.04331,7.02084,0.35347,-0.33601,nan,0.3387
16,44748783773,0.25405,1.1052,0.13945,0.12598,26.54644,0.33834,27.71466,nan,0.35406
17,6257029992,0.07184,-0.73971,0.08718,0.10383,14.51855,0.71746,14.11542,nan,0.14993
58,2097312107,0.29612,1.61586,0.21675,0.1617,12.42008,1.38609,14.39277,2.0,0.52981
18,85574404281,0.21252,1.28965,0.23012,0.22383,38.07476,0.92269,39.99977,nan,0.33441
19,104477117736,0.23156,2.47377,0.04705,0.06281,35.50183,0.56215,37.40259,1.0,0.57852
20,29691008382,0.28175,-0.77829,0.09741,0.11314,40.52941,0.7502,40.04222,nan,0.88768
59,81997359304,0.25861,4.09093,0.37174,0.17537,27.22381,0.5641,34.04255,nan,0.48084
21,8104082809,0.38033,1.96682,0.53676,0.03187,9.23122,0.58698,19.45439,1.0,0.49108
22,8303979372,0.18485,-2.35138,0.31878,0.34193,47.78984,2.02838,46.404,3.0,0.64957
60,3704443004,0.19259,6.34451,0.06218,0.06739,11.38134,0.14353,11.82263,nan,0.35812
23,3450640074440,0.3151,0.3383,1.64594,0.59516,32.17323,0.48235,32.07678,2.0,0.46206
24,10237157011,0.10892,0.12035,0.21917,0.15971,25.23507,0.28321,25.28132,nan,0.29815
25,139579856139,0.29016,-0.36525,0.39544,0.24784,21.39522,0.90286,20.8114,2.0,0.47408
61,11106068759,0.1387,1.50907,0.13156,0.1541,29.22313,0.29662,31.57131,nan,0.37454
62,12247712359,0.10003,3.90015,0.26354,0.05732,12.04746,0.36387,17.9344,nan,0.18611
26,3033554180,0.105,-0.50174,0.1788,0.14284,14.48096,0.06757,13.76583,nan,0.14038
63,4298723776,0.30202,6.77633,0.11271,0.06603,48.56096,0.19274,82.26694,nan,0.58408
64,31173967380,0.47585,5.85069,0.20153,0.12546,39.63674,1.32823,59.13945,nan,0.65648
27,2009287906,0.0628,-10.741,0.1414,0.50785,11.72289,2.60004,9.03286,1.0,0.12891
65,118952793809,0.42111,-2.6674,0.2882,0.3834,37.24204,1.76726,35.10933,3.0,0.6441
28,6687297348,0.19045,2.47137,0.36188,0.08753,42.08017,0.34228,45.28799,1.0,0.39563
66,2948305000,0.31389,0.07632,0.62658,0.27268,9.21723,0.37752,10.33034,2.0,0.4524
29,4906070856,0.059,3.43198,0.10623,0.08367,19.39288,1.30005,38.17036,nan,0.1741
67,3095843407,0.21688,0.86688,0.34625,0.1549,8.09759,0.66642,9.44842,nan,0.35425
30,65618000000,0.22239,0.56273,0.42724,0.16858,61.1434,0.88881,61.96039,nan,0.90801
31,7534179540,0.07469,2.01141,0.16184,0.02671,15.78173,0.25676,19.26582,nan,0.158
32,121234726324,0.26136,0.19794,0.71961,0.33584,29.84258,0.38247,30.17743,3.0,0.52987
33,6534883805,0.04878,3.5204,0.30461,0.10484,-26.13991,0.20598,-58.55944,nan,0.18082
68,15828243361,0.12723,2.66769,0.28155,0.18977,24.79645,0.23958,29.33863,1.0,0.29002
34,182741083,0.06299,-0.29526,0.05281,0.08739,-9.95289,0.37678,-12.14427,nan,0.35776
35,4543533942,0.03495,3.40859,0.06916,0.12847,7.1625,0.2104,11.40654,nan,0.11403
69,8465215132,0.12926,4.34872,0.16766,0.1553,16.50112,0.19241,22.1776,nan,0.33721
36,2283554298,0.21875,-2.275,0.22765,0.21241,13.03598,2.69407,9.94418,2.0,0.44279
37,2591629145,0.14478,4.09924,0.02635,0.08154,13.50751,0.42918,21.44123,nan,0.23662
70,6207707162,0.1876,-1.7173,0.2012,0.30418,47.29479,0.91851,45.42922,2.0,0.39547
71,5771094821,0.18443,0.88208,0.10324,0.16302,35.33065,0.51291,36.65171,1.0,0.34473
72,17878699383,0.10472,3.38372,0.62147,0.13185,-77.12467,0.04368,-92.52565,nan,0.20693
73,4787152791,0.10282,3.71413,0.14452,0.10403,22.99075,0.23118,27.39664,nan,0.37455
74,1703374207,0.04484,-0.37855,0.05664,0.21728,6.94029,0.18464,7.23903,nan,0.1015
75,14133206446,0.21197,4.83534,0.3523,0.10124,34.59933,0.79633,36.44509,nan,0.8039
76,1035227384920,0.34778,0.79442,0.16916,0.19195,6.11941,0.43131,6.73968,nan,0.29203
77,10545648766,0.1942,0.93005,0.07047,0.09581,42.83969,0.57964,44.00083,1.0,0.65514
78,11810429502,0.12433,-0.98117,0.05954,0.02884,38.97403,0.61732,38.11353,1.0,0.78946
79,128990555,0.08874,-0.7171,0.16592,0.15225,26.65008,0.70936,26.5148,nan,0.37212
80,3605414562,0.0438,1.62578,0.31903,0.07183,21.89851,1.21433,22.62018,1.0,0.75272
95,152292369517,0.36262,-0.07299,0.15057,0.06293,35.89654,0.36351,36.14625,nan,0.4756
96,133505519072,0.52037,-5.15647,0.11428,0.28656,34.11305,1.48458,30.7179,2.0,0.63635
97,57283209880,0.06177,-1.83361,0.05671,0.02671,79.30932,3.71846,72.16884,nan,0.36055
98,1218513591,0.10994,0.06208,0.72479,0.50867,8584.04166,0.07965,8.72299,nan,0.18966
99,1014483130,0.04844,0.91092,0.15621,0.26086,9.26603,0.20301,9.90538,1.0,0.17109
81,48188699228,0.12046,5.8935,0.1704,0.0739,2.93624,0.22336,8.67981,nan,0.19765
82,5306740995,0.07595,-0.55784,0.19072,0.16983,21.03495,0.34989,19.56841,nan,0.20102
100,17622416852,0.11512,2.31618,0.69035,0.15328,19.35193,0.72919,22.4303,nan,0.54853
83,133130836720,0.17769,2.96533,0.08532,0.08211,70.0244,0.55486,74.79391,nan,0.68963
84,4748013603,0.06688,-0.03868,2.15086,0.51808,15.58031,0.565,15.45886,2.0,0.768
85,6318938117,0.24679,2.93395,0.30644,0.15204,12.95725,0.17287,18.65138,1.0,0.48717
86,6345462519,0.08625,3.71404,0.08333,0.0974,29.19861,0.40563,37.3548,nan,0.22644
87,5426002510,0.06773,2.57055,14.66142,0.15837,25.03411,0.44911,34.19976,1.0,0.14882
88,4004650849,0.09024,5.92255,0.32766,0.11567,17.31245,0.35556,29.78182,nan,0.25288
101,772279755324,0.30554,4.19512,0.07761,0.12306,39.74515,1.37026,44.52382,1.0,0.63898
89,26281404602,0.15438,3.28227,0.31144,0.1783,30.65069,0.5,34.3724,nan,0.29638
90,31269549947,0.30033,2.01341,0.16245,0.09141,29.98563,0.91698,33.21639,1.0,0.48868
91,18613375255,0.26766,2.51324,0.28514,0.1421,17.97942,0.24151,20.48454,nan,0.59643
92,5247645646,0.09629,4.36284,0.13444,0.0989,24.70445,0.30381,35.74449,nan,0.26855
93,2399061861,0.20413,0.07538,0.44803,0.2755,11.25158,0.38552,11.57186,2.0,0.48803
102,495828172,0.13428,0.85947,0.43756,0.27093,19.82013,0.37923,21.17661,nan,0.53055
103,20578345274,0.10648,1.8948,0.27849,0.29453,12.41127,1.13651,14.22694,1.0,0.33553
104,17443486092,0.06091,1.19005,0.40014,0.10245,29.56391,0.48344,30.55005,nan,0.4313
94,11917832007,0.1343,3.31928,0.26147,0.07805,59.41261,0.32798,65.26622,nan,0.2495
105,480350575,0.02325,-10.29802,0.05142,0.10329,47.57644,66.906,46.10322,1.0,0.6028
106,12893823107,0.03337,2.41181,0.21179,0.14581,61.06899,0.20448,68.87321,nan,0.15195
162,2237485204,0.29852,6.81006,0.13504,0.09413,7.17502,0.38094,17.65119,1.0,0.73617
107,5908911427,0.15311,1.55611,0.35481,0.13633,14.77162,0.20237,17.58878,1.0,0.23876
108,9963113431,0.08799,1.99677,0.12434,0.11375,24.75852,0.50866,29.27696,nan,0.32766
163,5190474154,0.27886,-0.9044,0.1548,0.30894,14.14332,0.82317,16.91634,2.0,0.39151
109,82177422690,0.28464,0.24458,0.24769,0.15614,85.28558,0.82744,86.52585,2.0,0.88509
110,12976550523,0.1349,5.51488,0.14937,0.04996,19.37769,1.34458,30.0951,nan,0.30832
164,3676449805,0.08643,-2.85733,0.28794,0.19915,46.29325,0.59523,44.44879,2.0,0.63451
165,19721528487,0.23416,0.64774,0.49047,0.16757,22.00565,0.04139,21.88862,1.0,0.37976
111,9196376301,0.14236,1.35331,0.13696,0.1144,44.61569,0.22583,47.22026,nan,0.22529
112,590656435,0.21435,6.31814,0.17532,0.09016,14.56839,0.52268,29.03252,1.0,0.44194
166,66690909743,0.09271,4.59568,0.23109,0.13864,70.26158,0.24098,82.45358,nan,0.27942
113,15279536310,0.04817,1.79088,0.16217,0.07043,38.92423,0.56007,42.24701,nan,0.22698
114,2551258796,0.37781,-2.54253,0.21605,0.43651,11.08644,3.16523,9.50621,3.0,0.86316
115,184589875237,0.2211,1.04952,0.55028,0.29399,19.57723,0.26242,22.55607,nan,0.37722
116,3820917714,0.0891,-2.35556,0.1422,0.09834,26.48213,0.88875,23.44469,nan,0.22765
117,21458497949,0.2972,0.5427,0.18445,0.35021,13.76252,0.56307,14.18804,2.0,0.51747
118,40443336765,0.0379,3.38253,0.10027,0.10035,44.013,0.52504,51.71789,nan,0.19526
119,23194609991,0.08054,2.90415,0.47235,0.22647,17.38449,0.12407,20.91687,nan,0.22087
167,6414008325,0.17009,-3.87597,0.13623,0.13121,37.46075,12.01165,32.5236,1.0,0.49587
120,2456092716,0.06923,3.63035,0.09085,0.09691,8.13548,0.41011,10.97533,nan,0.29631
121,15233704585,0.29316,0.78116,0.22338,0.14194,8.87753,0.31985,10.5165,1.0,0.3398
168,5815965000,0.12978,0.43988,0.17493,0.26455,8.34691,2.25645,8.59307,nan,0.3162
122,9516442726,0.13001,4.00882,0.02572,0.11063,17.05888,0.51173,21.59132,nan,0.34762
169,1656542921,0.03231,5.868,0.099,0.07854,27.26318,1.34694,43.64658,nan,0.24031
123,8200580115,0.15312,-0.24846,0.24417,0.19866,26.40346,0.26127,25.93286,2.0,0.35664
124,49369289123,0.42411,3.50896,0.71506,0.07819,16.37399,0.7341,24.93478,1.0,0.45724
125,286815775470,0.11067,0.96536,0.10623,0.08197,15.60637,0.45688,16.47551,nan,0.29221
126,80025086890,0.17269,-0.36824,0.41076,0.25119,64.41898,0.99016,66.51703,nan,0.40776
170,27175126582,0.18562,1.29895,0.1311,0.11744,31.08045,0.38663,32.84656,nan,0.45654
127,87907003035,0.21824,1.28644,0.40745,0.23123,48.85689,0.38122,50.09841,nan,0.4917
128,5344812450,0.20885,-1.20103,0.17001,0.2986,9.83132,0.39326,9.14887,3.0,0.51482
129,227057048403,0.21885,1.14853,0.20746,0.14629,19.63697,0.05183,20.56404,1.0,0.6492
171,5095652614,0.34558,3.05616,0.11419,0.05786,6.50759,19.10726,13.32581,nan,0.46235
130,13300142656,0.11973,3.16104,0.1648,0.10767,49.52675,0.71524,58.57572,nan,0.31251
131,20812590809,0.15464,1.91169,1.59375,0.28327,31.2351,0.16999,35.29597,1.0,0.44491
132,82452533200,0.63659,0.25808,0.12283,0.13246,22.76918,0.24043,23.0434,nan,0.86062
133,5876808522,0.40871,2.80103,0.13346,0.10526,36.53878,0.33987,50.14408,1.0,0.80035
134,10719742038,0.1183,0.01195,0.42349,0.10733,25.36599,0.41007,24.48615,1.0,0.39523
135,269625022867,0.2061,2.94056,0.36972,0.03823,79.03966,0.24687,87.67621,1.0,0.60434
136,6733689854,0.10687,-2.23644,0.05683,0.04878,72.99922,0.28047,70.66439,nan,0.68404
137,37841307523,0.15403,-0.05331,0.15583,0.08701,23.04249,0.18738,22.85665,1.0,0.3436
138,5055270222,0.36143,-0.84601,0.2639,0.14073,50.2798,0.26902,49.49868,nan,0.50245
139,2558503500,0.12247,-0.37715,0.04702,0.02423,15.29616,2.3802,14.48748,nan,0.39365
172,1182124345,0.14937,-2.20816,0.0969,0.10252,-277.91449,0.21514,-217.38197,nan,0.47633
140,76480395685,0.22919,1.56293,3.43182,0.49446,22.60955,0.28131,24.74094,2.0,0.60325
173,959444521,0.21437,3.4687,0.0504,0.2969,4.99451,0.97851,8.86249,nan,0.51352
174,4697382642,0.07462,-1.50386,0.11975,0.21682,9.965,0.02754,9.7156,1.0,0.50022
141,161939172927,0.18516,4.06153,0.16957,0.10841,15.15722,0.19544,23.24639,1.0,0.69728
142,16886177292,0.09818,-0.21684,0.29485,0.31828,23.70579,1.56376,23.42276,nan,0.2029
143,6770785851,0.08751,0.47823,0.1129,0.09553,11.97034,0.29368,12.34741,nan,0.17142
144,7374383154,0.09503,-3.55134,0.63844,0.03166,33.68017,0.39202,32.33865,nan,0.82088
175,92561302,0.15744,-2.94502,0.1464,0.23574,7.63702,1.28771,6.50446,nan,0.2103
145,2216418703,0.15372,4.55697,0.14122,0.13477,13.32833,0.3558,18.80879,1.0,0.55652
176,130156692137,0.24175,0.82952,0.19943,0.10522,14.35364,0.754,15.32197,1.0,0.29648
146,3720751506,0.19213,-0.49046,0.26929,0.15357,9.86567,0.72767,9.04553,3.0,0.75216
147,43654751171,0.33246,3.56726,0.07092,0.07786,26.7725,0.24526,34.14951,1.0,0.51274
177,4906840332,0.05966,4.01269,0.12757,0.1251,34.75528,1.27812,38.37274,nan,0.14182
148,54445002492,0.37104,-2.10129,0.18057,0.1231,56.5633,0.97023,53.29797,1.0,0.45016
179,141351538,0.08872,-5.34699,0.08314,0.03278,-272.55636,0.64913,-215.34893,nan,0.34628
178,6136649593,0.12022,-1.36085,0.2883,0.35436,84.1721,0.52671,82.74374,1.0,0.21814
149,412124850441,0.03649,-0.30864,0.31187,0.20669,62.26445,0.6779,61.71544,1.0,0.12613
180,19365556296,0.29033,0.86662,0.09562,0.05834,17.4648,2.16701,18.52526,nan,0.39253
150,6167579372,0.09694,6.13104,0.04111,0.05105,26.38782,0.18573,44.03366,nan,0.64929
181,11717118599,0.14226,0.78846,0.21514,0.21452,3.88663,0.34106,4.66056,1.0,0.27848
151,1292009335,0.09878,0.53459,0.21087,0.12471,54.43877,0.45003,59.71063,nan,0.29812
152,567544485,0.0551,2.0779,0.2189,0.30647,3.54381,0.16904,4.46979,nan,0.27266
182,139806142,0.12488,0.96477,0.18902,0.21207,7.58127,0.64863,8.55995,1.0,0.26657
153,5389904080,0.76333,3.81969,0.11515,0.20778,4.86632,0.45313,10.07969,nan,0.85743
183,138760438,0.02103,-11.89563,0.0248,0.05766,20.18013,3.33842,18.68206,1.0,0.61667
184,5710485645,0.25557,1.18739,0.48388,0.36231,6.28712,2.39615,7.74532,2.0,0.58148
154,46771835,0.05573,3.8691,0.06381,0.08724,5.30601,0.31789,9.19387,nan,0.25944
185,352790004,0.1746,4.86577,0.24827,0.05837,1.01627,0.29575,8.78669,1.0,0.28871
155,1577404079,0.11354,3.14819,0.22556,0.2038,13.90335,0.17393,18.10196,nan,0.4767
156,7003573493,0.21255,-1.5304,0.11008,0.22804,35.76114,1.24948,37.11572,nan,0.45116
157,66723302694,0.37191,3.09249,0.28108,0.15077,22.61443,0.21525,28.01812,2.0,0.50821
158,1577151092,0.14566,0.39933,0.11271,0.17012,17.9295,0.14503,18.00657,nan,0.35732
159,13731170537,0.17538,1.11986,0.16343,0.18836,29.12432,0.29931,30.45892,nan,0.37008
160,1888969955,0.12824,0.57254,1.03968,0.32901,45.94526,0.32369,76.20148,1.0,0.14354
161,753509422,0.19466,4.28371,0.27928,0.14492,5.96027,0.38958,9.80438,1.0,0.24476
186,52125814070,0.16129,0.23608,0.18417,0.13977,12.05379,0.98508,12.18021,nan,0.2591
187,748093835,0.14719,-76.12179,0.54933,0.16616,14.98601,0.58935,8.27736,nan,0.29365
188,166729993548,0.19865,3.74391,0.07586,0.08051,34.12828,0.32111,36.52147,1.0,0.59606
189,18899951565,0.11736,3.8238,0.48477,0.10643,19.33629,0.292,24.21806,nan,0.21155
203,45322452768,0.02864,-33.78715,0.07308,0.02932,60.37124,6.19786,58.50022,nan,0.81225
190,12872360000,0.14702,4.54553,0.37288,0.15191,9.68682,0.1238,18.25704,nan,0.32804
191,26782327265,0.22979,-1.14544,0.39375,0.5786,31.48622,1.41849,30.09393,3.0,0.57107
192,109464551184,0.23246,4.43453,0.35526,0.05237,21.78818,0.31048,33.43606,1.0,0.37429
193,149722351,0.04317,-1.30827,0.09831,0.05072,8.89349,0.01278,7.14615,nan,0.47717
204,41083815000,0.37426,-9.84785,0.16155,0.08567,19.63119,0.89856,10.66926,2.0,0.78925
194,24903079000,0.31801,1.64588,0.23518,0.05439,-36.1771,1.3027,-50.59984,nan,0.80481
195,29247782803,0.15883,0.15459,0.34401,0.11525,54.85517,1.50871,54.86763,nan,0.61684
196,16247537129,0.10782,1.86625,0.38807,0.10698,21.68329,0.53754,25.25544,nan,0.35544
205,1135425437,0.10825,2.64138,0.0302,0.11666,13.15018,0.71996,14.66545,nan,0.57906
197,6904994011,0.12269,-0.6159,0.33883,0.18405,9.83366,0.03825,12.05828,1.0,0.41202
198,16140390138,0.04919,-5.71028,0.50373,0.3952,17.74973,2.12389,16.69188,2.0,0.79169
199,9011037921,0.15172,0.55872,0.27802,0.18595,22.3564,0.28666,22.92529,nan,0.35535
206,4139391530,0.14388,1.73048,0.1509,0.17501,23.82502,0.98495,26.73861,1.0,0.39542
200,27264159403,0.16164,2.21986,0.27332,0.1962,25.17203,0.08667,27.69625,1.0,0.37407
201,1074314741,0.07829,3.70874,0.16165,0.17532,11.93819,0.4455,17.62543,1.0,0.30528
202,5902029159,0.07832,2.75311,0.20554,0.09379,27.44559,0.36059,31.77081,nan,0.1988
207,15395805803,0.09461,-6.7953,0.07615,0.11334,35.0493,2.23184,33.1463,1.0,0.81304
208,10051281608,0.27601,1.56565,0.33779,0.26755,22.08211,0.50441,23.90873,nan,0.3047
209,11745423353,0.13046,3.63577,0.1545,0.09808,19.96413,0.05978,27.2906,nan,0.23545
224,143730288000,0.18232,1.80297,0.19685,0.09895,44.83911,0.19402,46.93511,nan,0.37834
210,29266900000,0.21316,1.35057,0.37306,0.08313,22.23253,0.23911,23.15039,nan,0.72024
225,69176431893,0.16247,2.49603,0.23844,0.19249,34.83509,0.24153,38.17502,nan,0.43125
226,41403960000,0.27865,-2.35187,0.4327,0.149,86.33632,0.23803,77.13514,nan,0.78022
227,361366458,0.08587,2.21775,0.09436,0.09479,12.82158,0.07431,21.48991,nan,0.51462
228,236147500,0.14681,-1.65501,0.15592,0.34321,21.12072,0.7667,19.62318,2.0,0.76619
211,43571383753,0.19692,-0.46607,0.1412,0.20601,22.38161,0.50223,21.69732,2.0,0.78337
229,23645058326,0.08749,-0.83142,0.3358,0.56913,18.74806,0.61597,17.85739,nan,0.18446
231,888671350,0.10901,-8.05712,0.08288,0.02922,38.57338,0.77657,34.32368,1.0,0.66127
232,250051637,0.05626,0.87847,0.46445,0.25758,10.48627,0.83404,11.20924,1.0,0.13757
212,2553090976,0.21905,0.21225,0.21876,0.19743,36.5631,0.0037,36.85921,2.0,0.51061
230,3747475163,0.1147,2.04929,0.15717,0.0892,19.09719,0.15946,23.04239,nan,0.28367
233,8290142387,0.02466,-15.13112,0.06594,0.02971,24.79269,1.11529,23.30965,nan,0.46192
213,8282663790,0.06824,-1.51383,0.13706,0.06783,42.3045,1.11749,50.45034,nan,0.15511
234,168713047,0.04659,-0.49733,0.12651,0.06452,34.965,1.05149,34.63956,nan,0.25434
235,234498848,0.03898,1.10993,0.05582,0.18349,8.92657,0.68145,9.92802,nan,0.3019
214,76032046559,0.36815,-0.05307,0.27035,0.12853,12.99044,0.27128,12.43074,2.0,0.72794
215,12909796785,0.11442,-3.83247,0.12625,0.16519,22.76111,0.98524,19.15245,1.0,0.30841
216,2131640363,0.06974,-1.00512,0.11395,0.35368,6.87038,0.25174,6.81079,1.0,0.25745
236,30371962235,0.17879,5.00791,0.11146,0.12287,38.59215,0.64645,45.25308,1.0,0.55526
217,201775971,0.06538,1.75703,0.07732,0.34633,4.74063,0.48042,5.64027,nan,0.24575
218,83757850,0.17328,-3.3359,0.1487,0.18948,13.01811,0.76292,10.44709,nan,0.276
237,11454518524,0.15662,-0.35782,0.18011,0.10175,16.44567,0.81046,17.12853,2.0,0.60257
238,1151391856,0.25496,3.65147,0.44864,0.12302,2.69727,0.59989,3.64025,nan,0.79063
219,2268477986,0.16928,4.87209,0.15393,0.17107,15.69714,0.78273,20.41686,2.0,0.51314
220,9826774078,0.29222,-1.95497,0.2052,0.24865,25.19736,0.98578,21.84885,3.0,0.96253
239,7123874310,0.13927,0.07691,0.20705,0.18019,37.2722,0.87784,37.13677,nan,0.37236
240,22725025978,0.10647,0.9432,0.41582,0.22019,12.42122,0.14109,13.42254,1.0,0.89189
221,4816024036,0.28469,-1.04401,0.31328,0.36592,31.57321,0.37612,30.53552,2.0,0.48435
222,521390064806,0.11894,0.38745,0.12192,0.08257,15.16902,0.38654,16.59686,nan,0.22753
223,655763994,0.09759,1.38337,0.10328,0.05415,8.49723,0.37423,13.51165,nan,0.58736
241,14048224695,0.23694,-1.6105,0.18112,0.19608,17.40687,0.26472,16.04657,3.0,0.80198
258,9021274461,0.09683,-3.092,0.16889,0.14068,30.62863,1.01411,27.58607,1.0,0.12351
242,18287829983,0.32045,1.23712,0.28086,0.23941,29.81504,0.54327,31.51686,2.0,0.54066
243,46741809127,0.20307,0.15453,0.32104,0.25397,44.71784,0.38511,44.98426,2.0,0.45228
244,5582072381,0.14968,0.67395,0.1854,0.13825,27.33599,0.53562,28.35162,nan,0.28282
245,3376451894,0.27107,-0.26804,0.23377,0.18108,9.62876,0.20014,9.6209,3.0,0.66886
246,71601434360,0.06754,5.37542,0.14892,0.03568,27.62299,0.26578,39.56139,nan,0.21231
247,4701681681,0.1297,4.47068,0.12248,0.09103,12.72899,0.8506,17.8772,nan,0.48128
259,122385798273,0.28138,4.24885,0.10784,0.11354,28.00964,0.6672,32.95787,1.0,0.61058
248,143005295,0.19735,0.76706,0.24574,0.29431,14.23155,2.00546,15.16397,nan,0.43393
249,301857361,0.04958,-0.10315,0.08996,0.22906,9.30104,0.03646,11.26359,nan,0.21604
250,4601556642,0.07041,3.75766,0.17111,0.13241,18.06643,0.23175,23.37556,nan,0.49301
251,96017977,0.16072,-0.88626,0.05978,0.06447,8.81693,0.15381,6.90948,nan,0.43875
252,2933055547,0.06017,-7.63178,0.14215,0.02951,58.58117,0.47874,52.34111,nan,0.40723
253,69586240451,0.28194,-1.6812,1.68473,0.42314,41.72184,1.75452,40.22497,3.0,0.79705
254,468041621,0.12349,-1.20187,0.28149,0.58852,9.55839,0.29094,8.69657,2.0,0.76966
255,4812705870,0.12743,0.51908,0.15367,0.17451,21.21164,0.52884,21.33371,1.0,0.35208
260,63397250565,0.29399,0.62072,0.06939,0.18968,29.97914,1.1535,37.54303,1.0,0.31946
261,204810656,0.04896,-1.66983,1.56426,0.47411,5.20798,1.78603,3.37191,nan,0.10601
262,19359166548,0.11083,4.14086,0.06419,0.08648,3.22088,0.46442,8.55644,nan,0.27484
716,4102096524,0.18949,0.59827,0.87739,0.43897,17.88678,0.32678,18.31224,2.0,0.53724
256,7095769988,0.10987,-0.94314,0.13854,0.20835,15.96145,0.5613,15.95351,1.0,0.32795
257,4026019039,0.11399,4.67184,0.09915,0.05887,15.73082,0.26545,23.05323,nan,0.30179
263,227568864,0.07432,-8.00405,0.12063,0.04648,5.01632,0.40444,2.07787,nan,0.11128
264,1283184067,0.09666,-0.62044,0.1233,0.23863,2.57232,0.00134,2.13058,nan,0.40506
281,68998628,0.18897,6.32138,0.13241,0.31664,52.40033,0.42346,79.41147,1.0,0.94915
265,39820217822,0.23811,-1.63174,0.2022,0.1619,31.63496,0.6974,29.81845,3.0,0.58433
282,39934730784,0.18615,0.9978,1.30725,0.28984,31.85714,0.48356,32.40837,2.0,0.67778
283,18017833323,0.40939,4.93414,0.29552,0.16802,8.63763,0.60197,12.17412,2.0,0.80399
266,314847439,0.13384,-7.70046,0.08327,0.13719,11.78478,0.35563,7.42083,nan,0.28799
267,10705936784,0.11883,2.67502,0.11309,0.20545,18.48091,0.95225,20.85056,nan,0.3765
268,77255183194,0.10122,1.53744,0.1584,0.09487,33.71295,0.19568,37.84099,nan,0.15641
284,60598726742,0.06665,6.4991,0.14928,0.03995,-10.33349,0.37445,-25.2739,nan,0.18876
285,7832203956,0.13441,1.68309,0.21382,0.11116,15.31346,0.37327,16.639,nan,0.34926
269,6611439170,0.21295,-0.39803,0.17942,0.18677,18.86358,0.2737,18.42165,2.0,0.33812
270,1283491747,0.08757,0.55717,0.10249,0.14793,26.05938,0.54761,27.58831,nan,0.25618
271,16859564414,0.07176,2.11684,0.23097,0.15661,18.75819,0.32075,24.17383,1.0,0.3642
272,159162631,0.0764,-4.29802,0.07801,0.03301,35.85843,0.1305,25.60286,nan,0.3929
273,29195647471,0.1992,6.9244,0.05777,0.08238,10.17471,1.35234,15.42222,1.0,0.62789
274,11345462935,0.06802,-1.0428,0.02249,0.03996,38.57498,2.18887,38.05622,1.0,0.5814
275,3898668309,0.0739,3.24135,0.16765,0.17575,6.96069,0.70975,9.18077,1.0,0.32055
286,993655988,0.24783,4.13188,1.07021,0.13775,12.48315,0.2379,18.21392,nan,0.66295
287,4353592332,0.1374,1.21023,8.54878,0.16168,48.28103,2.68629,73.40294,1.0,0.41219
276,1061690819,0.14015,3.70357,0.10376,0.09116,14.49111,0.69371,19.20288,nan,0.3134
277,14830058260,0.28622,-1.20371,0.1939,0.23605,32.5736,0.29623,30.39276,3.0,0.53635
288,464782127,0.05038,-3.25864,0.06892,0.23761,17.44831,1.47484,16.5753,1.0,0.24228
289,3982611627,0.04459,-1.48004,0.05628,0.08089,15.7653,0.63391,16.24203,nan,0.29861
278,57080002392,0.15125,0.68699,0.52142,0.24864,30.73211,0.48897,31.60892,nan,0.39245
290,189731027,0.2433,3.03931,0.10725,0.16551,2.63383,0.14252,8.80402,1.0,0.67064
291,4696551150,0.26815,-0.9649,0.29453,0.37227,20.36905,0.23282,19.57095,3.0,0.52664
292,4262847974,0.03596,1.86686,0.10364,0.16067,14.62722,0.17223,15.49375,nan,0.13024
293,3065929287,0.21911,0.50015,0.22092,0.07478,-107.00636,1.50072,-116.01435,1.0,0.32851
294,2201295279,0.19415,0.37646,0.03611,0.12688,16.57542,3.21917,19.18549,nan,0.52248
279,26865716,0.10606,2.00508,0.18476,0.20078,7.07012,0.00386,10.85565,nan,0.18969
295,5343962659,0.04956,4.57256,0.172,0.07291,-179.99903,0.67444,-369.10385,nan,0.16389
280,851553553,0.07707,5.36959,0.35277,0.11388,3.91537,0.07222,9.31407,nan,0.44099
312,26975129148,0.17684,1.68413,0.26782,0.12289,11.42634,0.01168,14.20152,nan,0.19058
296,5701041870,0.50352,1.75646,0.86694,0.24649,14.53118,5.2748,16.63454,2.0,0.82091
313,269027501,0.06888,0.614,0.17558,0.24176,5.33608,0.05011,6.59865,nan,0.26201
314,2641027094,0.11996,0.9453,0.1843,0.13427,32.22579,0.76395,33.68836,nan,0.22756
297,779502730,0.0839,1.551,0.08294,0.0324,38.44321,0.2213,42.8149,nan,0.17424
298,8965602822,0.16303,4.32227,0.04899,0.09386,27.74403,2.46245,30.49006,1.0,0.65058
315,980575828,0.07241,-3.69107,0.05545,0.08243,30.27526,0.17046,27.94745,nan,0.66375
299,37806729979,0.21036,2.58553,0.13275,0.08194,67.60299,0.86399,72.00665,nan,0.38944
316,3934851830,0.14564,1.65884,0.10916,0.11483,3.92136,0.4348,2.91704,nan,0.61155
300,914742988,0.06977,-4.01363,0.07979,0.13064,9.01811,0.51629,6.05963,nan,0.26318
301,1533115320,0.12945,2.7744,0.09049,0.1539,8.34575,0.14548,12.00889,nan,0.47802
302,1679404734,0.09795,5.39601,0.04145,0.09929,19.0677,0.40896,24.02748,nan,0.30922
317,3298430761,0.15915,2.89923,0.11798,0.09107,17.40928,0.06894,24.18721,nan,0.40861
318,12522008950,0.22625,0.19054,0.20744,0.26876,43.3547,0.37209,43.72952,2.0,0.41211
319,9331148043,0.0522,3.94149,0.1076,0.06662,22.78912,0.34392,32.47579,nan,0.31379
320,59745896,0.18305,-2.85279,0.15538,0.22655,4.34942,0.57203,2.67281,3.0,0.69359
303,34448872980,0.22384,2.02872,0.42181,0.15671,21.13406,0.39967,23.90118,nan,0.44347
304,18249603654,0.23139,0.13365,0.14169,0.12793,18.48039,0.18653,18.11461,1.0,0.56525
305,404099910562,0.13696,2.50529,2.52506,0.37666,14.70898,0.47732,16.69638,1.0,0.33495
306,148386452116,0.19561,2.68909,0.31606,0.09559,26.46215,0.07066,30.01823,nan,0.37598
307,16302850393,0.08262,2.32145,0.09912,0.07479,18.0448,0.26531,20.63107,nan,0.16821
308,12858267894,0.204,-1.72998,0.17085,0.20681,23.92801,1.10754,24.96897,2.0,0.36925
321,1043291043,0.08782,3.50585,0.3183,0.20706,34.17483,0.63993,59.63594,1.0,0.19849
322,47126235284,0.2132,1.88323,0.23917,0.15704,47.33351,0.02137,49.86773,1.0,0.30399
309,24278946251,0.18778,1.40298,0.23284,0.20986,33.25621,0.19817,35.5214,1.0,0.3386
310,260343400,0.15076,-1.51492,0.1217,0.3396,3.23018,0.35748,2.57846,nan,0.29881
311,7497574179,0.04868,4.55614,0.16679,0.03391,41.48497,0.23885,56.33937,nan,0.13837
323,2134231834,0.09863,2.91577,0.16349,0.12423,20.48632,0.5564,24.51279,nan,0.30746
324,948769304,0.0612,1.50421,0.2867,0.16038,10.51374,0.3265,15.22266,1.0,0.21031
325,2504071277,0.08307,2.47892,0.11038,0.15725,15.34636,0.38265,19.0669,nan,0.36635
326,16932488902,0.213,2.11976,0.12843,0.14537,27.08319,0.27866,29.45075,nan,0.44288
337,34091861010,0.28921,0.50835,0.53536,0.4675,43.41796,0.61166,43.81623,2.0,0.60716
327,5703978452,0.10072,-0.0225,0.30602,0.23734,35.65313,1.71877,35.44516,nan,0.23599
338,78685638000,0.26942,1.7219,1.01857,0.39375,28.88187,0.13998,31.29078,1.0,0.4389
328,39721018761,0.17437,0.72551,0.20926,0.25979,5.95034,0.11222,6.47801,1.0,0.22947
339,40070800000,0.13291,1.51575,0.24509,0.10356,19.06785,1.33489,20.92203,nan,0.38517
340,21438372000,0.17568,1.34367,0.07966,0.07475,20.54354,1.5227,22.16998,nan,0.41258
329,1323528120,0.03603,1.05855,0.10275,0.04585,10.18019,0.31186,15.53134,nan,0.23514
341,9251080591,0.1274,0.99376,0.16948,0.26927,8.03221,0.18575,8.8283,nan,0.2307
342,2910434837,0.08858,-1.3183,0.12401,0.14398,17.25996,0.28818,15.7574,nan,0.30886
330,130549664,0.19971,1.04359,0.14944,0.10986,22.14244,1.79926,23.80448,1.0,0.56907
343,1195054636,0.45714,1.16082,0.09661,0.15073,7.42107,0.36123,8.54661,nan,0.87934
344,4751895465,0.05411,3.24699,0.17171,0.21809,8.37979,0.09168,9.92441,nan,0.19882
331,2710655034,0.0337,-1.29106,1.95776,0.25703,-32.6798,0.39201,-31.86989,nan,0.15986
345,5822805768,0.13273,1.45078,0.34891,0.25646,21.33449,0.91853,23.39755,1.0,0.33945
332,4005386514,0.18152,0.08507,0.15282,0.17859,49.72025,1.22055,53.01257,3.0,0.63894
346,90679694171,0.37843,4.74032,0.08906,0.11395,26.42794,0.82381,32.43636,1.0,0.63552
347,2065607268,0.48719,1.01272,0.27366,0.19531,5.92877,2.15932,7.37382,2.0,0.71136
348,10303588374,0.13597,1.12016,0.211,0.18327,11.32268,0.07822,14.27253,nan,0.17011
333,180555697640,0.2366,0.6486,0.16072,0.1528,39.54574,2.20322,40.13689,2.0,0.79619
334,34726395000,0.14136,5.51501,0.20166,0.13608,17.7705,0.40701,23.73537,nan,0.35175
335,649513851,0.29906,-2.41308,0.22326,0.19927,37.76233,0.83935,34.82317,3.0,0.77136
336,12469500000,0.16625,0.62947,0.17535,0.16509,32.69656,0.24343,33.74265,nan,0.34465
349,11907920304,0.17673,5.61405,0.09594,0.03418,18.82076,0.19461,32.55551,nan,0.38333
350,3207244812,0.05992,1.17396,0.07425,0.05472,29.46239,0.5923,30.56178,nan,0.29033
351,18167541112,0.06758,1.70678,0.14223,0.06425,42.40834,0.29806,44.91525,nan,0.17043
357,19857794979,0.06038,2.28064,0.09531,0.0842,20.99792,0.33504,24.01129,nan,0.21143
352,303663011,0.06077,-0.26239,0.15521,0.22862,-6.20816,0.27179,-6.47919,nan,0.3068
353,6983056579,0.25404,-3.07641,0.08804,0.0879,11.46758,0.16567,9.40479,1.0,0.66067
358,7062305437,0.1694,5.16542,0.11105,0.09309,6.61636,0.962,9.60614,1.0,0.89375
359,212651267,0.06518,0.76106,0.17477,0.1958,17.4623,0.26785,5.37305,1.0,0.18366
354,368366314716,0.2499,0.70518,0.2093,0.24652,19.63858,0.08404,20.22421,nan,0.69051
355,12255431674,0.03605,2.1436,0.07062,0.05096,29.84115,0.30545,41.21735,nan,0.53183
356,11614604120,0.06587,1.20899,0.05665,0.02749,28.87479,0.17465,30.83929,nan,0.58598
369,4647742160,0.16732,1.37574,0.13325,0.17468,33.73248,0.56546,35.58591,1.0,0.44125
360,5706889000,0.11201,4.09515,0.15418,0.0445,21.77473,0.50985,32.1755,nan,0.21208
361,7766676180,0.0732,3.98513,0.214,0.15564,18.12588,0.36632,23.95452,1.0,0.14245
370,42755419016,0.22914,4.60894,0.09123,0.02238,40.66715,0.35575,55.22796,1.0,0.55691
371,118203617,0.06947,-0.86725,0.34649,0.15627,19.26648,0.66984,17.56243,nan,0.25537
372,26401150596,0.18389,0.44007,0.17533,0.11511,29.04618,0.1196,29.20046,nan,0.63462
373,1103968800,0.05326,0.35276,0.32902,0.39526,13.79104,0.02246,14.80692,1.0,0.2752
374,230788267,0.33605,1.99527,0.04572,0.21082,4.68499,70.9493,2.15453,nan,0.50143
362,45223942211,0.15134,2.08416,1.80679,0.35471,15.7605,0.06724,17.83682,1.0,0.3603
363,7364420000,0.13448,2.07737,0.09256,0.09009,21.25624,0.24646,24.0227,nan,0.31998
364,135703612717,0.04324,-69.54673,0.12452,0.02549,17.44632,5.06172,13.41428,nan,0.17404
365,82350544923,0.37598,0.52997,0.83332,0.26881,26.33433,1.01041,26.78404,2.0,0.59748
366,97621345,0.08196,3.14934,1.66572,0.09105,22.30539,0.31272,86.80686,nan,0.25123
375,5012911220,0.12933,1.42624,0.70209,0.47312,10.70302,0.05023,11.63883,nan,0.44041
376,757449802,0.08866,4.96237,0.14176,0.08155,33.38761,0.27811,76.68937,nan,0.20462
367,3930444367,0.10835,-0.34108,0.10525,0.11195,13.75285,0.37598,13.59363,1.0,0.88436
377,1845111327,0.40967,3.60919,0.18223,0.04886,-6.16007,0.14248,-15.10285,1.0,0.73029
378,36976568259,0.20302,3.54515,0.02827,0.0638,12.35747,0.05053,18.5964,nan,0.34596
368,42034552752,0.02806,3.67555,0.22339,0.0958,12.29782,0.20392,16.90332,nan,0.22434
379,46199420103,0.09959,5.8752,0.06332,0.05004,25.84148,2.17647,32.79149,nan,0.26166
380,1755060898,0.07428,-1.97049,0.12168,0.05461,21.92566,0.16506,17.93378,nan,0.43339
381,90286686450,0.28999,-0.23969,0.47886,0.41567,18.93744,0.9245,18.413,2.0,0.47467
382,4951225300,0.11367,-0.63311,0.16863,0.24778,29.20237,0.38422,28.78331,nan,0.23147
383,6374096921,0.05087,-1.66833,0.20449,0.2259,22.91702,0.19718,21.24725,1.0,0.13229
399,5522516981,0.3169,-0.63469,0.36247,0.32583,12.95181,3.41538,12.46309,3.0,0.64779
384,6702640507,0.18038,-1.22473,0.20372,0.06937,50.70757,0.2283,50.03561,nan,0.68896
400,2828356155,0.23264,0.1925,0.27289,0.25689,15.19655,0.32952,16.67917,2.0,0.26685
401,6202135005,0.12473,2.30301,0.41175,0.19345,7.43021,0.32131,10.623,1.0,0.33627
385,2900926789,0.05422,4.43686,0.09232,0.16874,8.10061,0.56169,10.65792,nan,0.23079
403,608789437,0.35303,0.05286,0.1131,0.18312,65.14128,0.05556,65.14852,1.0,0.50172
404,21121126824,0.0732,3.85925,0.14835,0.201,17.08234,0.62592,20.03394,nan,0.14418
402,2332492339,0.23287,-2.49736,0.1248,0.12826,69.22583,0.88381,66.35683,1.0,0.68336
386,45772567931,0.1553,-0.24288,0.15383,0.10752,12.07512,0.57573,11.84904,nan,0.17249
387,22214321175,0.18561,0.92522,0.9996,0.47444,32.13737,0.45038,33.87474,nan,0.32447
388,6343672837,0.07943,3.41543,0.08275,0.13874,10.06577,0.04818,12.66385,nan,0.59088
389,2378624446,0.10046,6.56161,0.0988,0.1408,-10.04318,0.34937,-16.51885,nan,0.24334
405,2835262135,0.11124,0.20214,0.18106,0.36306,7.97732,1.21049,9.07909,nan,0.27224
406,375449350,0.10614,-0.60437,0.18808,0.1895,27.24462,0.82759,25.91788,nan,0.26505
390,11497885877,0.17128,1.2389,0.36031,0.33318,22.43471,0.34617,23.9395,nan,0.36471
391,211442678406,0.25593,2.02023,0.16351,0.1197,43.11328,0.19371,46.41951,nan,0.47755
392,1354725602,0.12619,-0.73546,0.13778,0.10661,20.50868,0.5213,19.42248,nan,0.31471
393,773996315,0.0714,-5.69636,0.11569,0.27224,15873.80644,0.64574,12.84001,1.0,0.53934
394,5901428862,0.13048,0.82772,0.07573,0.11732,21.29722,0.5675,22.33312,nan,0.36641
395,126401429680,0.12051,1.88198,0.92708,0.25832,19.64501,0.12741,21.87755,nan,0.12093
396,11812594409,0.15046,-2.02651,0.33127,0.39252,12.33761,0.55071,10.83816,2.0,0.42827
397,7842801990,0.3944,-0.06157,0.96035,0.59274,16.83844,0.00395,16.59495,nan,0.44164
398,604822645,0.07678,1.88406,0.12222,0.12782,15.47882,0.21738,17.6836,nan,0.28464
717,35515837018,0.23018,-0.70024,0.40493,0.54785,13.14382,1.68418,11.73144,3.0,0.58536
407,26695010522,0.07456,2.84458,0.15532,0.09179,16.80967,0.18344,23.14972,nan,0.11791
408,9070227526,0.10097,-1.38232,0.06824,0.06196,64.18223,0.78809,63.90517,nan,0.53973
409,2287626571,0.06957,3.62153,0.02382,0.09115,14.4699,3.30378,16.0234,nan,0.60511
426,5364115032,0.40599,0.22277,0.19325,0.20983,9.63705,0.36085,10.57182,3.0,0.52908
410,16535521036,0.25349,-0.82746,0.78821,0.88689,61.44437,0.64339,60.46728,2.0,0.54653
427,60624850,0.38588,-1.45103,0.04535,0.0307,11.083,10.55938,15.67573,nan,1.00067
428,16216020683,0.29477,2.7783,0.12868,0.11076,8.7952,0.29574,11.1218,nan,0.39962
429,51036565578,0.05528,2.90569,0.17599,0.13227,10.55839,0.28331,15.30443,nan,0.10718
430,1377282941,0.15869,-0.27049,0.04395,0.61099,-15.12462,0.10417,-14.67053,1.0,0.3169
431,35613491814,0.41934,1.46148,0.21628,0.3653,68.88785,0.33005,76.829,1.0,0.28737
432,11283059586,0.02758,6.37723,0.03139,0.23066,11.07886,0.61281,13.82466,nan,0.12797
433,7208120092,0.42891,2.53116,0.18157,0.03544,20.47806,2.22039,32.19743,1.0,0.45104
434,5072515562,0.1405,0.82871,0.16068,0.11022,11.36691,0.68152,11.93811,nan,0.22963
435,6168639000,0.12628,2.38093,0.23705,0.14082,9.18498,0.24457,11.76941,1.0,0.50222
436,4802726609,0.09064,2.49261,0.16141,0.10832,12.80892,0.79952,15.70792,nan,0.23634
437,343934588,0.04412,5.25214,0.05128,0.17187,5.53387,0.05354,7.83115,nan,0.12895
411,1217429604,0.16071,4.08758,0.1454,0.06841,26.15075,0.26377,7.28506,nan,0.38483
438,220989026,0.56318,1.46582,0.14565,0.18354,2.02595,3.36339,3.59146,nan,1.02232
439,9789461051,0.19741,-1.60685,0.41485,0.36,18.19849,1.46634,17.31789,2.0,0.29688
440,109011691905,0.17083,3.59784,0.0816,0.06228,21.73407,0.05632,25.06654,nan,0.65166
412,97162026161,0.15528,-1.20202,0.35907,1.06356,15.73364,7.80883,16.23341,2.0,0.46416
441,244211025168,0.22413,1.66241,0.27262,0.18117,16.49508,0.34363,18.06042,2.0,0.75818
442,64306674307,0.21221,2.29712,0.14738,0.13755,10.57517,0.67599,12.45717,1.0,0.62656
413,6102436916,0.11596,1.56115,0.09157,0.0805,35.29022,0.32274,37.11049,nan,0.46535
443,6449014057,0.14996,0.50266,0.16152,0.03202,-24.84026,0.68826,-26.59209,nan,0.25042
444,1416465270981,0.39941,-0.67432,0.33756,0.24586,27.45466,1.2994,26.83379,3.0,0.81426
445,24797520,0.2552,-0.89287,0.06958,0.07015,39.2821,1.79481,36.226,nan,0.76393
414,114561969,0.12598,0.58919,0.19969,0.10265,10.25368,0.02307,12.08937,nan,0.31204
415,11096787727,0.0963,2.38048,0.23414,0.02785,8.87863,0.26212,30.57534,nan,0.42749
416,1015119806,0.22764,1.60299,0.11924,0.03124,23.97297,0.78046,30.09097,nan,0.40258
417,3106218839405,0.4449,-0.29455,0.31458,0.26795,42.74506,0.98412,42.52831,3.0,0.69349
418,7333621230,0.17895,2.59824,0.10922,0.14378,11.23853,0.3022,14.05989,nan,0.37939
446,7140944319,0.11214,1.17301,0.18861,0.16414,71.53747,0.31547,74.87292,nan,0.2378
447,5538708810,0.03305,2.04857,0.11167,1.90349,26.73576,0.18151,28.6426,nan,0.22583
448,1523901154,0.22096,-0.28408,0.16903,0.2408,17.61052,1.1022,16.91245,3.0,0.56019
449,85406597003,0.17001,2.97543,0.13682,0.11943,23.20598,0.44831,27.97446,nan,0.38771
450,52253481278,0.26759,-0.442,0.27777,0.3478,34.4252,0.65933,32.21887,3.0,0.5377
419,84942936000,0.41923,1.50605,0.49238,0.27005,36.74658,0.46151,38.50923,2.0,0.72897
451,6980035560,0.10878,2.34089,0.09693,0.08409,26.90443,0.22102,30.45943,nan,0.281
452,81464606701,0.24512,1.75804,1.1648,0.31563,35.09243,0.3992,37.4296,2.0,0.50854
420,419988127,0.06106,-2.5554,0.07135,0.03734,17.58731,0.00949,13.3403,nan,0.54423
421,48566772664,0.42166,4.54431,0.31126,0.1273,10.09482,0.30904,14.55009,1.0,0.45819
422,6605643998,0.22332,1.11599,0.24963,0.14687,22.40481,0.23265,23.88927,1.0,0.4791
423,4507514525,0.10597,1.32904,0.18454,0.14917,14.57175,0.13008,16.24007,nan,0.41162
424,10313498777,0.22232,-1.34906,0.27654,0.2814,16.40017,0.49736,15.30175,2.0,0.29382
453,3802982215,0.16011,1.15356,0.15551,0.123,23.43932,0.3004,24.86221,1.0,0.34427
425,4741367601,0.33783,1.70048,0.13508,0.06608,5.38449,0.27705,7.39192,nan,0.45275
454,10616602606,0.03717,2.96267,0.61438,0.1206,25.35775,0.43222,30.03137,nan,0.1116
455,406504549,0.08573,5.06768,0.05603,0.10362,8.68463,0.63426,17.26945,nan,0.31834
456,1327963262,0.28313,-1.68632,0.28288,0.30549,30.1299,0.67407,27.83076,3.0,0.54386
471,6221455718,0.09321,0.92048,0.16467,0.07235,8.07229,0.03057,9.85989,nan,0.22617
472,442053833,0.25885,1.34454,0.78214,0.45085,17.92509,0.10331,19.54468,nan,0.60892
457,295054837,0.04775,-3.74517,0.10441,0.10749,23.53955,0.29473,18.67522,1.0,0.71434
473,25024444596,0.21342,-0.45568,1.16792,0.17464,17.88067,0.24676,17.29087,3.0,0.71115
458,372452803890,0.2565,0.70091,0.34246,0.26745,52.65036,0.87319,53.10297,1.0,0.45251
474,12061544507,0.26231,-2.08737,0.14193,0.17589,27.02312,1.80107,25.15191,2.0,0.9852
459,5130452382,0.20128,1.79856,0.31671,0.25816,10.98257,0.30429,13.80424,nan,0.30836
460,5072707302,0.21367,5.87813,0.26506,0.08002,6.16999,1.05855,13.31435,nan,0.57821
461,110014719848,0.11829,0.30873,0.38016,0.27835,15.51302,0.08715,15.54594,1.0,0.44837
462,14287377835,0.25524,2.13053,0.16571,0.11883,25.11583,0.18197,27.68831,1.0,0.55067
475,58756702618,0.38753,3.4395,0.17526,0.0302,48.39064,0.07392,61.87259,nan,0.36542
476,132681803,0.04285,-4.47513,0.07195,0.05467,28.70799,0.73631,26.1406,nan,0.45895
463,71539326829,0.07046,3.93456,0.16104,0.0794,29.35464,0.17947,34.15265,nan,0.16872
464,19577190864,0.08269,4.36167,0.55442,0.08204,12.30752,1.70142,17.92423,nan,0.20852
465,33972732687,0.11531,0.5753,0.11715,0.10072,19.96605,0.36228,21.22192,nan,0.15524
466,1446487160,0.05336,5.01037,0.03933,0.02644,23.71295,0.84667,28.52806,nan,0.5088
467,364485108,0.62498,-1.32433,0.24856,0.22586,24.77707,0.03949,23.23833,2.0,0.81682
718,12445239246,0.18263,3.41782,0.17541,0.1105,21.47456,0.39693,25.0387,1.0,0.40867
468,3606155300000,0.61867,-0.41624,1.24023,0.65666,77.38813,10.64793,76.53749,2.0,0.75977
469,27437407884,0.18093,-0.8795,0.38269,2.39302,23.38345,0.41863,21.54131,2.0,0.25
470,55891353598,0.28387,1.91714,0.27833,0.18148,21.66543,0.43488,24.44451,2.0,0.57083
477,47386323621,0.22352,4.03635,0.106,0.12797,9.91438,0.21853,15.95677,1.0,0.54635
478,2776118063,0.08294,0.13365,0.19303,0.18521,23.14469,0.36605,26.75201,nan,0.17261
479,19126926740,0.14868,1.48797,0.29158,0.18636,12.82472,0.07142,16.22486,nan,0.19058
480,28379399243,0.28268,0.27493,0.20404,0.12252,28.59454,0.27508,29.03871,nan,0.45798
481,66077073844,0.22049,5.63177,0.1506,0.06447,24.26915,0.76046,34.44159,1.0,0.24562
482,8042879129,0.18347,-4.94816,0.09622,0.11092,28.17444,2.44903,33.59936,nan,0.52096
483,7593541397,0.1869,5.13678,0.11326,0.15626,11.31111,0.82096,19.11309,nan,0.72739
486,3713354613,0.06686,1.96834,0.14645,0.15567,12.93394,1.07597,15.22151,nan,0.20764
484,523435855200,0.31038,4.40663,1.66795,0.09154,46.12388,0.44359,53.00767,nan,0.71311
487,3345819080,0.29372,1.85495,0.18648,0.02742,36.36954,0.47837,44.40152,1.0,0.44068
488,11610471094,0.28302,2.36473,0.19153,0.09186,7.16779,0.24212,11.11878,nan,0.56774
489,16649878863,0.16272,3.21151,0.18227,0.10351,12.81201,0.61763,16.70515,1.0,0.29409
485,1186092914,0.09785,2.29235,0.04783,0.121,10.05971,0.39035,13.07378,nan,0.62945
490,57872295151,0.15529,1.14648,0.25206,0.07524,20.82906,0.29367,23.00875,1.0,0.207
512,21401415728,0.13666,1.61502,0.18133,0.14736,35.66501,0.24659,39.54708,nan,0.21081
491,291841399,0.14723,-8.33631,0.06287,0.07476,39.0362,0.21759,29.03799,nan,0.28095
492,88786205866,0.19482,2.52151,0.22415,0.11933,28.82551,0.47068,32.05726,1.0,0.35945
493,10026454985,0.07311,1.76354,0.03259,0.11941,18.25225,0.76894,20.00571,nan,0.21563
494,50623255634,0.4114,-0.28937,0.44149,0.26752,31.76147,0.32913,31.34697,3.0,0.7178
513,10858355471,0.19549,-1.60237,0.20058,0.2496,32.5317,1.86424,31.12685,3.0,0.6856
514,176709634,0.02106,-8.65579,0.28294,0.69974,7.63393,0.69363,7.39446,2.0,0.53374
515,7362821955,0.11627,-1.17208,0.25953,0.1619,22.51101,0.49998,22.42171,2.0,0.74405
516,10630985814,0.0437,6.28704,0.1826,0.0535,16.49295,0.33721,29.47654,nan,0.16467
495,17307963801,0.18945,1.8181,0.19152,0.15044,23.85486,0.3921,25.88352,nan,0.38767
517,9100091875,0.06743,-3.70835,0.03128,0.02603,68.40936,1.15795,67.3878,nan,0.62836
496,215018119998,0.14405,2.79156,0.47728,0.19459,14.42059,0.3567,16.8881,nan,0.54678
497,1734911825,0.24671,-4.48233,0.14252,0.2265,11.34241,0.09595,6.77982,nan,0.82247
498,142241449879,0.15676,6.12852,0.04592,0.04346,17.2612,0.39598,24.33644,1.0,0.67552
499,961960690,0.06854,5.35728,0.06733,0.14029,23.59357,0.37272,33.93995,nan,0.31417
500,1516689062,0.26437,-2.54371,0.13233,0.10834,9.23141,0.52763,7.98891,1.0,0.36537
501,12380195015,0.08159,0.88114,0.23354,0.26355,8.28979,0.65048,9.35539,1.0,0.11536
502,20065280680,0.03296,-21.33667,0.07457,0.05307,21.32746,2.21188,18.81814,1.0,0.78939
503,3686621057,0.25573,-1.38748,0.12266,0.32601,8.6745,0.87297,10.10887,nan,0.30208
518,1155984408,0.16696,5.35123,0.13246,0.18738,23.80323,0.38165,37.75007,1.0,0.45967
519,13803120198,0.11938,1.30914,0.31306,0.31731,24.57319,0.59475,26.54062,1.0,0.29642
520,3745000591,0.16118,-2.44741,0.29058,0.38569,20.28998,1.12532,18.31816,2.0,0.25862
504,28090560000,0.13034,2.53128,0.1864,0.07446,22.20245,0.19577,26.72806,nan,0.42468
521,3540631715,0.22747,2.81665,0.21274,0.19163,1.03615,0.09249,3.44775,1.0,0.43724
505,651086412,0.07024,-0.30585,0.07862,0.12794,15.05118,0.23282,14.93967,nan,0.31856
522,2143221669,0.09505,-0.08957,0.05928,0.07546,11.87428,0.10775,10.45543,nan,0.65956
523,4073973737,0.29295,3.07395,0.11892,0.12376,16.14553,0.19203,19.96926,nan,0.55207
524,2700124581,0.04378,0.15461,0.11251,0.0367,67.70943,0.55909,70.18738,nan,0.17183
525,332164500,0.43361,0.01557,0.28949,0.09859,-23.27557,1.36128,-22.81677,2.0,0.78501
526,4370096514,0.0501,1.79109,0.12119,0.23197,14.70488,0.90632,18.098,nan,0.10996
527,692950438,0.14241,6.39108,0.55718,0.19013,14.80408,1.06495,31.04778,1.0,0.37216
506,147354671,0.1471,0.67804,0.1687,0.24318,24.24186,1.05691,24.11152,1.0,0.28247
507,402146925644,0.23738,1.20485,0.27459,0.23037,25.40271,0.22132,26.89059,2.0,0.51412
508,2822721595,0.19555,4.0847,0.19413,0.1678,12.95237,0.67441,15.39545,2.0,0.82163
528,1164045160,0.05749,-3.60054,0.1317,0.10348,8.03578,3.68372,5.90308,nan,0.21675
529,907117913,0.05916,-3.36946,0.03528,0.07882,18.34746,0.06951,15.78404,nan,0.45034
509,22736830972,0.23184,3.39015,0.09799,0.13041,30.92312,0.75521,33.31175,1.0,0.79813
530,58565088327,0.49199,4.01104,0.18554,0.13418,21.77971,0.82054,28.59101,nan,0.73049
510,26355111080,0.21261,0.20372,0.24913,0.20645,21.11774,0.65156,20.71317,2.0,0.30751
511,134500254,0.13302,-0.57564,0.32693,0.22323,3.76946,0.42927,3.53833,2.0,0.69288
531,16351825511,0.04899,-10.46222,0.09393,0.24449,24.43041,0.92712,22.64254,nan,0.71665
532,2906706522,0.11826,2.39397,0.08481,0.14754,15.50473,0.42181,18.21377,nan,0.37633
533,182992810000,0.25849,0.13246,0.38601,0.26554,16.45846,1.12796,16.50416,3.0,0.56215
534,5175719435,0.30231,-2.15531,0.3788,0.41671,24.07654,0.8612,22.33151,3.0,0.8152
537,1412364372,0.08462,0.28128,0.12515,0.11983,10.96156,0.17564,16.06074,nan,0.24842
538,48826963394,0.05148,3.32814,0.11435,0.18665,26.81875,0.93659,29.41031,nan,0.14146
535,17987902570,0.13125,4.52316,0.12151,0.1035,17.5467,0.27198,23.7352,nan,0.32729
536,1611023640,0.56522,-0.89358,0.41661,0.18616,3.31048,12.60065,0.90235,3.0,0.73486
539,12763072642,0.12889,-0.63106,0.27998,0.23623,13.90403,0.0116,14.57965,nan,0.67524
555,656616188,0.07012,1.37125,0.10329,0.11642,9.6543,1.72745,11.44561,nan,0.23134
540,5572829601,0.30408,-2.74835,0.16955,0.1612,27.84418,1.53511,25.60206,3.0,0.80163
541,8286573278,0.27803,1.8815,0.12449,0.08257,25.76174,0.12459,30.90518,nan,0.48842
542,4480466415,0.20064,6.12044,0.08512,0.15147,25.17328,0.24662,33.11513,1.0,0.28451
543,10129832694,0.26932,2.36156,0.06968,0.11326,18.69797,1.18736,22.25331,nan,0.43605
556,2954271272,0.30814,5.65987,0.68292,0.09773,29.0573,0.00463,63.39795,1.0,0.63765
557,485466150,0.09414,-5.37226,0.0553,0.17589,40.5109,1.30798,37.45057,nan,0.80389
558,81823744783,0.29541,-3.98558,0.15872,0.10407,24.16011,1.13252,22.53336,2.0,0.86119
559,16724785184,0.09564,0.70922,0.14163,0.16448,16.64752,0.27343,17.10542,nan,0.30202
544,66046909833,0.20391,3.98673,0.17549,0.11276,34.76628,0.53999,41.33928,1.0,0.41224
545,3838896860,0.08851,2.55789,0.04949,0.12444,9.23789,0.49103,12.90799,nan,0.27857
546,34955003038,0.30836,0.16939,0.21422,0.29345,26.01622,0.79796,26.3009,3.0,0.57778
560,14440365787,0.27188,6.89086,0.3588,0.05357,18.49227,0.57133,23.34805,1.0,0.37164
547,772076330,0.09288,-4.6859,0.12589,0.13301,13.94792,0.5418,9.33808,nan,0.13132
561,5793724034,0.15602,2.88844,0.17869,0.09798,13.74883,0.22807,17.68712,1.0,0.27317
548,31401118455,0.14409,3.03479,0.27205,0.07531,49.5549,0.17645,54.9903,nan,0.38641
549,155859251,0.08258,3.9301,0.05827,0.22954,2.33217,0.70521,4.5878,nan,0.39091
550,58757285582,0.28557,4.18988,0.07972,0.13325,26.94,0.30277,30.71551,1.0,0.69679
551,46201246307,0.12063,0.46941,0.40389,0.1512,28.41908,0.32857,29.15078,nan,0.27833
552,1255438530,0.08702,-1.89091,0.11092,0.116,8.84526,0.15145,7.27867,nan,0.19126
553,17372188536,0.12533,2.34393,0.23194,0.1439,21.57639,0.3368,24.40204,nan,0.4145
554,158337710587,0.10104,4.4416,0.07506,0.06142,21.67067,0.76266,26.84106,nan,0.1921
562,6689762554,0.21305,6.34748,0.48275,0.08899,34.24184,0.80843,51.60113,1.0,0.30989
563,155866793000,0.36864,1.91251,0.09252,0.13478,30.57012,1.11664,33.01468,1.0,0.68701
564,309199080000,0.19059,-0.18047,0.09772,0.16107,27.33662,1.333,26.86303,2.0,0.7635
565,274582478765,0.17287,0.78651,0.13085,0.09416,42.8126,0.3245,43.9866,1.0,0.7146
566,60863850244,0.19122,1.22926,0.19703,0.21369,11.92209,0.07236,13.68606,1.0,0.20267
594,5917652309,0.0669,4.6752,0.18092,0.08989,16.56564,0.14053,21.93067,nan,0.11566
595,5074467964,0.15171,5.06326,0.51349,0.20587,8.62711,0.1039,15.77613,1.0,0.30074
596,1449306355,0.04583,0.39987,0.07182,0.11656,17.05983,0.00776,17.11707,nan,0.13734
597,336717654,0.33684,-2.48355,0.28669,0.27711,-6.86877,0.99852,-6.94148,3.0,0.89705
567,3238482013,0.10303,3.84703,0.08212,0.13051,22.63653,0.23599,27.03139,nan,0.31861
598,137184727,0.28907,-1.88912,0.17201,0.11719,65.08852,0.51328,55.00894,nan,0.60899
568,12429412651,0.21768,5.14018,0.31066,0.06401,21.29789,0.31813,29.00218,1.0,0.25845
599,210552600000,0.12041,-3.02063,0.14381,0.10963,62.57867,2.15748,61.85208,nan,0.79243
600,94067204189,0.16393,3.13641,0.61536,0.11553,45.84979,0.26601,51.6083,1.0,0.48455
569,914938311,0.08149,2.74597,0.1224,0.1045,9.16546,0.24038,11.93173,nan,0.36018
570,4166669920,0.08036,1.16175,0.2238,0.16329,7.4508,0.09279,8.49657,nan,0.39489
571,5797881549,0.10095,5.89113,0.14399,0.1355,9.36586,0.32072,14.93139,nan,0.1714
601,252337631,0.12227,-3.96721,0.06108,0.11952,9.55829,0.09262,14.14483,nan,0.35596
602,3808418102,0.16602,1.19878,0.08064,0.12945,18.18133,1.69921,19.52945,nan,0.38425
603,7542733702,0.19388,0.29312,0.17318,0.11406,79.75162,0.89446,81.55057,1.0,0.4596
572,554255622,0.08757,-3.3037,0.05456,0.0484,61.80261,1.32547,59.88453,nan,0.61633
604,6247888946,0.04356,4.48441,0.08639,0.09652,27.1745,0.85172,30.99955,nan,0.34482
573,9150412678,0.09969,-0.96538,0.1277,0.08489,23.17387,0.73391,25.86811,1.0,0.53115
574,5668571036,0.07947,-2.93298,0.10071,0.14268,31.22888,0.74034,28.51698,nan,0.24362
575,4431623151,0.11339,4.91084,0.10517,0.07863,9.18729,0.20057,13.02754,nan,0.19763
576,13362969430,0.18844,-0.72196,0.09406,0.2161,8.05998,0.23882,7.83103,nan,0.41187
577,5021824147,0.3874,1.0248,0.20414,0.08337,10.11031,0.64895,11.99215,nan,0.77124
605,1848478771,0.19146,-0.15101,0.29279,0.22092,21.62573,0.23949,3.57916,2.0,0.38209
578,18626475785,0.22506,-0.10737,0.18937,0.15987,16.49022,0.27342,16.34194,3.0,0.50143
579,4833389626,0.09228,5.18753,0.11586,0.04131,14.95684,0.23778,24.61182,nan,0.21198
580,82012499928,0.46745,0.78502,0.33683,0.15249,31.81867,0.57618,33.64833,nan,0.48398
606,14342751211,0.06299,-0.64589,0.2613,0.13984,40.88143,0.351,44.35862,1.0,0.37754
581,6669457869,0.14224,-2.36455,0.09615,0.13028,50.09531,1.30778,49.25897,nan,0.66629
582,18056246050,0.22898,4.93105,0.1026,0.12687,17.46302,0.28107,23.94091,nan,0.49081
583,690971253,0.06641,2.16137,0.05529,0.04639,15.52334,0.29748,20.31906,nan,0.28617
607,2461766173,0.15611,0.20643,0.11011,0.07709,33.66993,0.09024,34.86682,nan,0.39562
608,417670400,0.0407,2.47863,0.15267,0.13436,5.13213,0.17032,7.17903,nan,0.25764
584,21350838099,0.12424,-2.14736,0.11047,0.09786,51.2362,0.7182,54.13596,nan,0.17271
585,20925953324,0.1799,2.41838,0.06577,0.06841,30.7919,0.80353,34.06337,nan,0.43014
609,5926707872,0.09974,0.03073,0.2224,0.31012,15.30311,1.24829,14.57114,nan,0.162
586,3070284251,0.10762,-0.4464,0.1982,0.26729,13.73251,0.25611,13.94058,nan,0.41269
610,2330656984,0.14228,-1.28864,0.07367,0.11821,15.3677,0.26561,15.5547,nan,0.47377
587,167037477,0.03098,-1.27619,0.06981,0.11711,8.75858,0.15913,9.14553,nan,0.12129
611,4431617616,0.13909,-0.19122,0.19779,0.18585,20.51298,1.14329,21.11329,nan,0.38208
588,148170946650,0.19892,2.47083,0.17817,0.11761,46.19398,0.53164,49.64119,nan,0.63571
589,642752743,0.09578,-2.21738,0.14535,0.05401,37.33005,0.0784,29.08761,nan,0.24573
612,5755115318,0.12841,4.31904,0.03314,0.08797,45.66443,0.51875,46.23175,nan,0.32311
613,1051995011,0.07239,2.31274,0.12446,0.06328,11.59262,0.21222,15.41747,nan,0.16726
590,261949933,0.04181,3.25774,0.06753,0.12672,6.40273,0.67315,8.42097,nan,0.39165
591,1961940770,0.11164,-5.53982,0.05929,0.16493,11.25017,0.72008,9.21073,nan,0.89043
614,31452013,0.11545,-0.57717,1.23758,0.33609,-2.31697,0.17635,-1.02551,1.0,0.25717
592,82032811571,0.23777,-0.89191,0.19307,0.10823,81.84807,0.78875,81.06579,nan,0.7989
593,36547221840,0.04023,3.62492,0.86834,0.22895,17.08955,0.33856,22.7071,1.0,0.18459
615,19469386,0.16277,-3.69712,0.14962,0.23934,8.58465,0.0446,5.99067,nan,0.69748
616,378434094,0.08418,-2.88303,0.07429,0.18026,9.4473,0.47329,8.28858,nan,0.73084
640,12961448415,0.17086,0.00571,0.27083,0.1352,10.76329,0.11017,12.18075,nan,0.73913
617,71865247896,0.05697,2.48655,0.31097,0.13972,13.70187,0.38161,16.55474,nan,0.28425
641,839021037,0.39932,0.10849,0.21395,0.32224,6.66352,0.16594,6.68849,2.0,0.82007
618,139685873,0.22613,-2.5931,0.18206,0.13138,27.3566,1.03514,21.18843,nan,0.4745
619,43961875591,0.18826,0.96681,0.25573,0.1403,16.15288,0.23273,16.86568,1.0,0.34434
642,3535456269,0.24896,-0.00058,0.24665,0.27516,42.03379,1.19717,42.01076,2.0,0.42173
620,21661690847,0.18301,2.18564,0.09832,0.07613,23.58624,0.79943,25.7284,nan,0.43185
643,8966891723,0.17841,2.99201,0.05298,0.06455,20.17951,0.17901,23.54678,nan,0.55991
621,9304320775,0.12159,4.78639,0.67952,0.20319,17.84083,0.58343,23.35567,1.0,0.44334
622,14583124950,0.13644,3.06567,0.38712,0.44964,6.31911,0.12215,11.56237,1.0,0.82614
644,1609094246,0.10337,0.89863,0.16669,0.14967,11.48561,0.12504,12.42483,nan,0.42925
623,16742158294,0.19144,-1.29294,0.1768,0.17173,35.51059,0.26675,35.87232,3.0,0.57758
624,3433520000,0.12152,0.54942,0.27156,0.07671,17.61874,0.05723,18.93745,nan,0.22763
625,10904552528,0.10115,1.70916,0.17457,0.10986,30.71251,0.62792,33.1928,nan,0.17104
626,32635467881,0.73933,-1.24838,0.38592,0.45957,77.10757,4.66935,74.90445,2.0,0.88751
645,12917178040,0.09079,-0.40863,0.29487,0.18991,37.9813,0.95699,39.86616,nan,0.33766
627,3825162400,0.07678,-1.41303,0.0792,0.15341,22.29564,0.59982,21.02808,1.0,0.43952
646,838565827,0.28114,0.11325,0.30578,0.70518,17.11741,0.0975,17.45292,nan,0.39494
647,359597800,0.0711,-2.69484,0.10664,0.12174,6.28553,0.42627,8.94119,nan,0.30234
628,194738534917,0.17479,3.87092,0.12495,0.12875,25.05071,0.68973,28.71475,nan,0.40767
648,1036491819,0.1443,1.79676,0.08959,0.15977,14.44349,0.11379,16.3947,nan,0.42754
629,2651729437,0.21157,1.34037,0.16287,0.15562,13.44478,1.70426,15.24171,2.0,0.56981
630,5153616699,0.13436,3.00883,0.11612,0.04377,20.13117,0.23282,27.94232,nan,0.31519
631,134848477348,0.10965,1.21516,0.61205,0.22388,30.44174,0.37687,31.87754,1.0,0.3027
632,15321491280,0.18871,1.03317,0.20742,0.07936,18.90754,0.54497,20.61924,1.0,0.27927
633,2331968945,0.12401,-1.7269,0.10775,0.12053,18.40878,0.23648,17.18484,nan,0.33874
649,10328846256,0.16473,1.44121,0.29251,0.28384,15.5557,1.01262,16.66278,nan,0.3062
634,8293323529,0.11554,1.71578,0.24403,0.13538,22.44353,0.37938,24.46859,nan,0.34066
650,29151021423,0.10044,1.10887,0.48617,0.17618,54.96162,0.74798,64.10721,nan,0.36291
651,92941606135,0.17434,0.98861,0.32411,0.28187,32.8936,0.56879,33.79508,nan,0.35285
635,959208613,0.08252,-0.93216,0.06672,0.07887,55.11699,0.62407,56.5731,nan,0.32826
652,18913096000,0.17051,6.51823,0.07058,0.0948,38.87791,0.57406,48.67925,1.0,0.58408
653,3902705502,0.13114,0.55314,0.14205,0.14888,10.35243,0.50774,11.2792,nan,0.2315
636,17117025900,0.13015,5.73786,0.06918,0.06598,31.08075,0.18701,35.90834,nan,0.6141
637,4414248732,0.06979,2.21037,2.03876,0.19217,19.49255,0.27657,22.85164,1.0,0.1965
654,1871280680,0.06946,-1.81746,0.0339,0.07091,30.48196,0.24299,27.17494,1.0,0.90959
638,29028525,0.02348,-4.80124,0.10771,0.12007,13.13266,0.33284,8.72268,nan,0.17599
639,25665455453,0.13265,-2.05483,0.07227,0.13481,51.56771,0.9729,52.20171,nan,0.4389
655,1368058672,0.1191,3.92651,0.08842,0.06427,18.55468,0.92784,23.04083,nan,0.21414
666,145567685637,0.0639,4.12868,0.26616,0.1247,24.13352,1.93417,25.28863,nan,0.39283
667,20801238695,0.26784,0.80288,6.22469,0.89706,29.91952,0.70239,30.55241,nan,0.39067
656,7780651198,0.0923,-0.86638,0.18388,0.24689,14.2389,0.33034,13.12998,nan,0.19457
657,2229325708,0.16033,2.64216,0.16471,0.11448,48.99924,1.93892,53.76378,1.0,0.28314
658,5231961889,0.17038,5.36445,0.1435,0.03242,11.42782,0.01195,26.74856,nan,0.53201
668,16121246138,0.13907,-0.26292,0.51509,0.31405,12.68412,0.53131,12.06288,nan,0.38694
659,121542858,0.07351,0.09176,0.06678,0.11261,8.81281,0.29829,8.98257,nan,0.26107
669,3580997530,0.07563,-0.95369,0.06899,0.09257,26.66362,0.33104,25.74461,nan,0.34917
660,113668825126,0.08843,2.51677,0.33558,0.07697,26.08804,0.21438,30.66137,nan,0.1756
670,4048662689,0.37187,-2.26071,0.20845,0.23996,47.64727,1.05301,44.77533,3.0,0.57214
661,16103724448,0.46419,-2.2874,0.18121,0.1892,18.34987,0.86526,14.64436,3.0,0.88941
662,531004060718,0.08175,1.26932,0.13706,0.13311,40.67109,0.67056,44.481,nan,0.22872
671,13552336930,0.09992,2.95376,0.15345,0.12997,14.17654,0.40411,19.49561,1.0,0.51937
663,412063654,0.11586,0.42071,0.10523,0.09567,21.41468,0.54239,25.29747,nan,0.21617
672,1073007631,0.06115,4.56289,0.09443,0.08901,18.64338,1.24511,26.67388,nan,0.4646
673,1995650146,0.08751,-3.65604,0.20866,0.06237,16.36929,1.45952,14.3288,nan,0.76723
664,3470831846,0.07687,1.32601,0.13831,0.07458,14.43309,0.40488,16.55566,nan,0.33961
665,15492752205,0.02974,4.4027,0.12245,0.13346,22.6429,0.48951,28.40596,nan,0.17303
674,553988490,0.34913,-0.10287,0.18126,0.31772,14.00457,5.9696,13.8433,3.0,0.6431
675,6558083501,0.18811,5.02114,0.3179,0.07075,17.63316,0.08762,25.54435,nan,0.42578
679,6804636827,0.12315,1.40144,0.18909,0.26426,16.56279,0.47779,18.53833,1.0,0.2988
680,1475666510,0.12309,-0.51426,0.10768,0.03031,35.32141,0.69619,35.5097,nan,0.43531
676,33988287381,0.22746,-8.25238,0.11867,0.18772,33.96969,1.53346,29.26453,2.0,0.7335
677,176509629501,0.2064,5.25713,0.1003,0.06309,12.76143,0.01325,25.0558,nan,0.59948
678,2405881334,0.08272,-0.3619,0.43619,0.1015,13.18957,0.34063,13.01435,1.0,0.13454
681,52687432274,0.22035,3.86161,0.22408,0.11354,26.65476,0.96869,34.79872,nan,0.54977
682,17591051208,1.41956,4.499,0.12354,0.09334,2.41481,0.37828,6.59899,1.0,0.53721
683,5570918000,0.17856,3.49298,0.38806,0.14552,16.57916,0.04983,21.66434,nan,0.47901
684,36714350615,0.18411,2.49863,0.10719,0.05923,45.76844,0.41243,49.90294,nan,0.26148
696,696112551668,0.04246,1.85941,0.18421,0.07313,58.25143,0.29881,62.99659,nan,0.24628
697,17055068290,0.14964,3.81515,1.41136,0.09205,35.16557,0.46881,43.08987,nan,0.47571
685,3583340011,0.24671,-1.08385,0.1813,0.021,70.18111,0.13987,61.96775,nan,0.28411
698,48386835188,0.19234,4.83898,0.11382,0.06733,39.10298,0.65563,45.67978,nan,0.41776
699,87919121756,0.19825,3.78278,0.33128,0.12724,41.74996,0.41391,49.32194,1.0,0.39328
686,21529085143,0.10996,0.39205,0.24815,0.14022,30.07431,0.57454,33.12548,1.0,0.27697
687,6923337834,0.17271,-0.23603,0.16565,0.25616,23.32158,0.37725,22.94824,2.0,0.47138
688,3781888512,0.16315,0.49752,0.30211,0.36353,43.0545,0.46422,43.65413,3.0,0.53378
700,5980712311,0.17275,0.93674,0.39381,0.18452,9.16931,0.0723,10.53405,1.0,0.3511
689,1878587259,0.02494,-3.4726,0.06733,0.11938,15.54295,0.3538,13.58902,nan,0.24549
701,3673288432,0.1761,5.8084,0.7458,0.09888,13.17098,0.29428,26.02146,nan,0.64523
690,10021818890,0.0568,3.48675,0.12639,0.14623,12.89313,1.55546,18.86256,nan,0.21656
691,22023636331,0.20234,-0.31902,0.18153,0.10207,69.18984,0.63758,67.73948,1.0,0.34873
702,14384995141,0.43276,4.45326,0.4525,0.1809,11.5009,0.32632,16.92634,2.0,0.95085
692,33710993059,0.15324,2.27858,0.10291,0.16206,21.54849,0.33037,23.35248,1.0,0.32265
693,148437884,0.08486,-6.16382,0.02239,0.07031,7.79509,0.19239,6.345,nan,0.41226
694,7096547551,0.25701,0.0416,0.1594,0.06336,16.52355,0.50631,16.54351,2.0,0.61286
704,598470530,0.07244,0.99015,0.10231,0.17234,12.77997,0.34689,14.4497,nan,0.35027
695,17338811296,0.18294,0.03599,0.48134,0.34488,13.85129,0.30456,13.67664,2.0,0.46164
703,6492449779,0.25143,6.15167,0.15585,0.09268,21.34814,1.27183,33.22107,nan,0.5508
705,10192778591,0.13075,1.4482,0.17244,0.094,28.65803,0.12724,30.09175,nan,0.26435
706,68873500000,0.04344,-11.7589,0.18469,0.17463,31.81565,1.34863,30.1861,2.0,0.75767
707,1175290983,0.14763,0.27332,0.23439,0.1016,50.08665,2.65244,50.81078,nan,0.41202
708,29695131048,0.11978,0.99604,0.07851,0.07915,35.76731,0.62346,37.23712,nan,0.3693
709,2358906010,0.08807,-3.23747,0.15961,0.07223,9.33661,0.37288,7.71168,nan,0.9138
710,3224215355,0.14476,-0.7653,0.26121,0.25127,22.97368,1.08812,22.02317,2.0,0.58347
711,18008418886,0.10633,-1.86062,0.13288,0.02862,28.64663,0.32428,28.74097,nan,0.21962
713,79206529331,0.36451,1.45683,0.46427,0.29909,34.6384,0.50758,36.3463,2.0,0.70061
714,23930611466,0.16205,-10.06846,0.10268,0.19841,13.8636,6.97197,9.56549,2.0,0.75895
712,249032162,0.0457,2.33759,0.13485,0.19255,16.32701,3.22832,18.45731,1.0,0.79491
