COMPACTNESS,CIRCULARITY,DISTANCE_CIRCULARITY,RADIUS_RATIO,PR.AXIS_ASPECT_RATIO,MAX.LENGTH_ASPECT_RATIO,SCATTER_RATIO,ELONGATEDNESS,PR.AXIS_RECTANGULARITY,MAX.LENGTH_RECTANGULARITY,SCALED_VARIANCE_MAJOR,SCALED_VARIANCE_MINOR,SCALED_RADIUS_OF_GYRATION,SKEWNESS_ABOUT_MAJOR,SKEWNESS_ABOUT_MINOR,KURTOSIS_ABOUT_MAJOR,KURTOSIS_ABOUT_MINOR,HOLLOWS_RATIO,Class
85,44,70,205.0,103,52,149.0,45,19,144,241.0,325.0,188.0,127,9,11,180,183,bus
107,57,106,172.0,50,6,255.0,26,28,169,280.0,957.0,264.0,85,5,9,181,183,bus
97,43,73,173.0,65,6,153.0,42,19,143,176.0,361.0,172.0,66,13,1,200,204,bus
88,46,74,171.0,68,6,152.0,43,19,148,180.0,349.0,192.0,71,5,11,189,195,bus
94,49,79,203.0,71,5,174.0,37,21,154,196.0,465.0,206.0,71,6,2,197,199,bus
99,41,77,197.0,69,6,177.0,36,21,139,202.0,485.0,151.0,72,4,10,198,199,bus
84,47,75,153.0,64,6,154.0,43,19,145,175.0,354.0,184.0,75,0,3,185,192,bus
94,43,64,173.0,69,7,150.0,43,19,142,169.0,344.0,177.0,68,9,1,199,206,bus
87,39,70,148.0,61,7,143.0,46,18,136,164.0,307.0,141.0,69,1,2,192,199,bus
102,45,85,193.0,64,6,192.0,33,22,146,217.0,570.0,163.0,76,6,7,195,193,bus
82,44,72,118.0,52,7,152.0,44,19,147,174.0,340.0,177.0,82,2,2,180,185,bus
81,45,68,169.0,73,6,151.0,44,19,146,173.0,336.0,186.0,75,7,0,183,189,bus
85,42,66,122.0,54,6,148.0,46,19,141,172.0,317.0,174.0,88,6,14,180,182,bus
101,42,62,175.0,67,6,149.0,43,19,139,169.0,341.0,165.0,65,7,11,202,209,bus
101,56,104,185.0,53,6,257.0,26,28,168,275.0,956.0,230.0,83,5,26,180,184,bus
83,42,66,156.0,67,7,150.0,45,19,144,174.0,333.0,159.0,78,4,2,182,188,bus
93,45,86,201.0,69,7,184.0,35,22,145,203.0,523.0,183.0,72,0,4,194,197,bus
81,43,68,125.0,57,8,149.0,46,19,146,169.0,323.0,172.0,83,6,18,179,184,bus
98,49,84,219.0,74,7,190.0,34,22,154,208.0,558.0,209.0,74,4,7,195,195,bus
104,52,94,208.0,66,5,208.0,31,24,161,227.0,666.0,218.0,76,11,4,193,191,bus
89,44,68,113.0,50,7,150.0,45,19,147,171.0,328.0,189.0,88,6,5,179,182,bus
87,46,71,159.0,66,6,151.0,44,19,146,175.0,343.0,189.0,73,2,0,186,190,bus
99,51,92,203.0,65,5,209.0,31,24,159,232.0,671.0,214.0,78,5,11,191,189,bus
89,40,76,188.0,76,7,150.0,44,19,136,174.0,342.0,148.0,72,3,8,193,197,bus
110,58,106,180.0,51,6,261.0,26,28,171,278.0,998.0,257.0,83,9,13,181,182,bus
91,42,84,209.0,75,6,171.0,38,20,138,189.0,446.0,161.0,69,3,12,196,201,bus
84,45,66,154.0,65,6,145.0,46,19,144,168.0,312.0,177.0,73,2,3,184,188,bus
86,43,68,152.0,62,7,150.0,44,19,142,179.0,337.0,164.0,75,4,9,188,192,bus
87,44,65,124.0,56,6,149.0,46,19,144,170.0,321.0,171.0,87,4,12,179,182,bus
82,45,66,252.0,126,52,148.0,45,19,144,237.0,326.0,185.0,119,1,1,181,185,bus
102,45,83,198.0,65,5,194.0,33,22,146,225.0,576.0,167.0,79,0,27,193,191,bus
80,44,68,135.0,59,8,150.0,45,19,145,170.0,329.0,173.0,80,7,12,180,185,bus
99,48,79,199.0,68,6,185.0,35,22,153,202.0,524.0,171.0,74,5,8,195,195,bus
85,43,64,128.0,56,8,150.0,46,19,144,168.0,324.0,173.0,82,9,14,180,184,bus
93,49,79,180.0,65,7,173.0,37,21,158,189.0,463.0,194.0,70,5,10,197,202,bus
89,42,70,148.0,62,7,147.0,45,19,143,176.0,323.0,153.0,76,2,6,186,189,bus
85,41,66,155.0,65,22,149.0,45,19,139,173.0,330.0,155.0,75,6,16,184,191,bus
100,48,95,209.0,68,7,199.0,32,23,150,216.0,605.0,200.0,73,7,11,192,194,bus
81,42,63,125.0,55,8,149.0,46,19,145,166.0,320.0,172.0,86,7,7,179,182,bus
80,43,68,120.0,54,8,150.0,45,19,145,171.0,329.0,176.0,85,4,8,179,183,bus
91,40,76,171.0,67,7,149.0,44,19,135,169.0,332.0,144.0,68,4,17,192,200,bus
94,44,84,216.0,74,6,184.0,35,22,145,208.0,525.0,154.0,73,4,22,196,197,bus
110,56,103,223.0,64,5,250.0,26,27,169,280.0,928.0,239.0,85,4,6,184,183,bus
82,45,68,139.0,64,6,147.0,46,19,143,169.0,320.0,184.0,80,0,1,181,184,bus
106,54,103,161.0,47,4,247.0,27,27,166,266.0,892.0,242.0,85,4,11,181,183,bus
96,49,98,187.0,59,6,213.0,31,24,152,228.0,680.0,210.0,77,8,28,188,189,bus
88,40,78,186.0,73,6,158.0,41,20,134,185.0,379.0,148.0,73,1,11,193,197,bus
89,44,72,160.0,66,7,144.0,46,19,147,166.0,312.0,169.0,69,11,1,191,198,bus
93,37,73,174.0,68,7,151.0,43,19,131,175.0,347.0,135.0,68,1,22,196,205,bus
91,42,66,169.0,66,7,145.0,44,19,140,169.0,325.0,159.0,67,4,0,201,207,bus
100,41,75,205.0,71,5,176.0,36,21,138,204.0,479.0,151.0,72,7,19,197,197,bus
91,42,81,193.0,69,5,169.0,38,20,137,184.0,434.0,156.0,68,3,23,198,204,bus
107,55,98,199.0,59,7,240.0,27,26,168,258.0,866.0,245.0,80,3,1,186,184,bus
86,43,66,130.0,56,7,152.0,44,19,142,177.0,340.0,173.0,81,6,14,181,185,bus
82,44,72,150.0,64,7,154.0,44,19,144,181.0,350.0,177.0,80,0,16,183,187,bus
81,46,71,130.0,56,7,153.0,44,19,149,172.0,342.0,191.0,81,3,14,180,186,bus
82,44,72,136.0,61,7,147.0,46,19,143,173.0,317.0,183.0,81,6,17,181,185,bus
85,42,64,121.0,55,7,149.0,46,19,146,167.0,323.0,172.0,85,1,6,179,182,bus
86,46,70,149.0,65,8,149.0,45,19,146,170.0,331.0,185.0,77,6,6,183,188,bus
90,41,71,169.0,68,7,150.0,44,19,138,175.0,336.0,157.0,71,3,18,192,197,bus
104,49,89,168.0,54,4,212.0,31,24,153,238.0,682.0,198.0,78,1,23,190,189,bus
83,44,68,144.0,61,8,147.0,45,19,143,170.0,325.0,180.0,74,1,1,185,191,bus
100,50,81,197.0,67,6,186.0,34,22,158,206.0,531.0,198.0,74,6,1,197,198,bus
81,44,72,139.0,60,6,153.0,44,19,146,180.0,347.0,178.0,81,1,15,182,186,bus
81,44,68,120.0,53,6,151.0,45,19,147,170.0,333.0,178.0,86,4,5,179,183,bus
96,37,74,199.0,74,5,165.0,39,20,128,188.0,419.0,136.0,72,1,3,196,200,bus
85,45,65,128.0,56,8,151.0,45,19,145,170.0,332.0,186.0,81,1,10,179,184,bus
79,47,74,141.0,61,7,153.0,43,19,149,175.0,349.0,199.0,77,6,10,183,189,bus
85,42,59,132.0,58,7,149.0,46,19,144,166.0,320.0,172.0,83,8,4,179,182,bus
95,36,73,191.0,73,6,156.0,41,19,126,184.0,374.0,124.0,71,2,19,199,204,bus
94,43,68,170.0,67,6,142.0,46,18,142,164.0,310.0,177.0,65,10,8,198,203,bus
80,45,71,128.0,56,7,151.0,45,19,147,171.0,337.0,176.0,79,3,16,181,187,bus
86,42,65,116.0,53,6,152.0,45,19,141,175.0,335.0,172.0,85,5,4,179,183,bus
82,45,68,150.0,69,5,148.0,45,19,144,169.0,322.0,184.0,80,5,0,181,184,bus
107,57,106,179.0,51,8,257.0,26,28,172,275.0,954.0,232.0,83,2,20,181,184,bus
87,44,70,179.0,75,6,146.0,45,19,141,167.0,326.0,178.0,69,6,1,194,201,bus
83,46,73,137.0,59,6,148.0,45,19,146,167.0,327.0,183.0,75,8,0,185,191,bus
94,37,73,186.0,71,7,154.0,42,19,127,171.0,362.0,132.0,67,2,8,197,206,bus
82,43,73,154.0,65,7,151.0,44,19,143,178.0,341.0,160.0,76,5,11,185,189,bus
86,46,73,125.0,57,6,151.0,45,19,147,170.0,334.0,188.0,82,9,11,180,184,bus
83,41,70,155.0,65,7,144.0,46,19,141,168.0,309.0,147.0,71,4,12,188,195,bus
87,42,76,159.0,65,5,155.0,42,19,138,184.0,362.0,157.0,76,6,12,189,193,bus
109,55,102,169.0,51,6,241.0,27,26,165,265.0,870.0,247.0,84,10,11,184,183,bus
90,38,75,164.0,64,7,151.0,43,19,131,168.0,345.0,139.0,66,0,0,195,204,bus
98,52,86,207.0,69,5,192.0,33,22,161,212.0,570.0,221.0,75,4,6,194,195,bus
98,40,77,171.0,61,6,172.0,37,21,139,197.0,457.0,141.0,72,4,17,199,201,bus
94,37,72,193.0,72,6,158.0,41,19,133,184.0,385.0,127.0,70,0,14,200,204,bus
85,45,70,130.0,58,8,151.0,45,19,146,171.0,334.0,187.0,79,2,5,181,186,bus
86,45,73,152.0,63,6,149.0,44,19,145,170.0,335.0,176.0,71,6,1,189,196,bus
82,41,70,155.0,64,7,148.0,45,19,138,172.0,328.0,152.0,72,5,17,187,195,bus
90,42,63,126.0,55,7,152.0,45,19,142,173.0,336.0,173.0,81,0,15,180,184,bus
102,51,92,194.0,60,6,220.0,30,25,162,247.0,731.0,209.0,80,7,7,188,186,bus
113,57,109,194.0,56,6,260.0,26,28,175,288.0,982.0,261.0,85,11,21,182,183,bus
87,43,65,127.0,56,8,149.0,46,19,143,169.0,322.0,171.0,85,6,3,180,182,bus
82,44,63,123.0,54,7,151.0,45,19,147,166.0,329.0,185.0,81,3,4,179,182,bus
86,42,65,125.0,54,7,150.0,45,19,140,171.0,327.0,172.0,85,2,8,180,182,bus
107,57,102,184.0,55,7,234.0,28,26,171,243.0,822.0,229.0,77,7,11,187,187,bus
99,51,88,188.0,62,5,203.0,32,23,158,222.0,625.0,219.0,77,8,26,191,190,bus
87,41,73,158.0,64,7,151.0,44,19,138,175.0,341.0,152.0,73,3,8,190,194,bus
89,40,72,155.0,63,7,146.0,45,19,135,175.0,321.0,145.0,72,4,10,192,196,bus
101,54,106,188.0,57,7,236.0,28,26,164,256.0,833.0,253.0,81,6,14,185,185,bus
81,47,69,146.0,64,6,151.0,44,19,147,171.0,340.0,195.0,75,5,0,183,188,bus
91,45,76,171.0,69,7,150.0,44,19,144,170.0,340.0,179.0,69,12,1,195,201,bus
84,45,68,148.0,64,6,146.0,46,19,142,168.0,317.0,180.0,75,5,1,183,187,bus
96,41,77,177.0,64,5,177.0,36,21,134,205.0,485.0,148.0,74,0,4,196,198,bus
97,45,72,187.0,71,5,161.0,40,20,144,178.0,399.0,186.0,70,7,7,196,203,bus
96,47,77,204.0,72,6,167.0,38,20,150,188.0,429.0,182.0,69,6,16,199,203,bus
109,52,95,189.0,58,4,227.0,29,25,158,262.0,776.0,217.0,82,0,19,187,186,bus
106,54,100,227.0,67,4,250.0,27,27,162,280.0,923.0,262.0,88,5,11,182,182,bus
81,46,71,141.0,61,7,153.0,44,19,148,177.0,347.0,190.0,80,1,14,182,187,bus
86,42,65,113.0,50,8,152.0,45,19,141,169.0,332.0,171.0,85,4,16,179,183,bus
86,47,75,165.0,68,6,154.0,43,19,146,176.0,356.0,190.0,74,7,3,188,194,bus
108,57,106,177.0,51,5,256.0,26,28,170,285.0,966.0,261.0,87,11,2,182,181,bus
89,41,75,162.0,66,5,153.0,43,19,136,175.0,352.0,154.0,72,2,0,188,195,bus
98,38,70,186.0,68,6,164.0,39,20,136,189.0,413.0,129.0,71,3,17,200,203,bus
88,40,73,173.0,68,7,150.0,44,19,137,174.0,341.0,151.0,69,2,20,196,200,bus
86,45,71,155.0,66,7,146.0,45,19,144,167.0,322.0,176.0,72,5,6,189,196,bus
80,43,71,133.0,60,7,150.0,45,19,146,170.0,330.0,176.0,81,6,15,180,184,bus
89,44,70,158.0,64,6,141.0,47,18,143,164.0,299.0,173.0,66,9,11,193,199,bus
96,36,74,183.0,70,6,149.0,43,19,127,178.0,341.0,127.0,69,0,17,201,205,bus
87,43,70,169.0,72,7,152.0,44,19,145,177.0,341.0,171.0,76,6,12,184,187,bus
85,45,70,120.0,54,7,149.0,45,19,145,169.0,326.0,186.0,81,8,4,181,184,bus
99,47,91,226.0,74,5,202.0,32,23,148,234.0,629.0,186.0,79,4,11,192,191,bus
85,42,70,130.0,56,7,150.0,45,19,145,177.0,328.0,172.0,82,10,14,181,185,bus
102,53,101,238.0,72,4,238.0,28,26,163,267.0,844.0,242.0,85,7,22,184,184,bus
101,53,91,194.0,65,6,204.0,32,23,161,231.0,636.0,214.0,78,5,14,192,192,bus
91,46,75,185.0,75,7,154.0,42,19,147,178.0,362.0,192.0,72,8,8,192,199,bus
95,43,71,159.0,64,6,145.0,45,19,141,169.0,322.0,171.0,67,8,4,195,200,bus
81,43,68,139.0,62,7,149.0,46,19,145,172.0,323.0,171.0,83,1,14,180,184,bus
100,49,80,206.0,70,6,183.0,35,21,156,206.0,517.0,198.0,73,3,13,198,199,bus
82,43,71,154.0,68,7,150.0,45,19,143,171.0,330.0,173.0,78,7,11,181,186,bus
78,43,70,147.0,65,8,147.0,46,19,145,169.0,319.0,168.0,77,1,12,181,186,bus
105,50,93,173.0,54,4,222.0,30,25,159,254.0,735.0,206.0,83,4,12,186,184,bus
94,45,89,213.0,71,5,186.0,35,22,145,204.0,533.0,182.0,71,4,13,195,198,bus
86,42,64,122.0,54,6,148.0,46,19,143,170.0,319.0,171.0,87,1,3,179,182,bus
83,46,71,156.0,70,6,151.0,44,19,147,174.0,338.0,198.0,80,3,11,181,186,bus
85,43,66,130.0,57,6,151.0,45,19,143,173.0,333.0,168.0,86,4,9,180,183,bus
106,54,105,164.0,48,5,247.0,27,27,165,269.0,891.0,243.0,84,12,1,181,182,bus
94,45,72,179.0,69,6,156.0,41,19,144,181.0,373.0,191.0,69,5,5,193,198,bus
86,43,70,126.0,56,6,148.0,46,19,145,166.0,317.0,171.0,86,6,9,179,182,bus
95,47,73,195.0,70,7,167.0,38,20,152,184.0,430.0,185.0,69,9,19,200,206,bus
86,43,61,119.0,53,8,150.0,46,19,144,169.0,326.0,172.0,85,8,8,179,182,bus
107,55,103,167.0,49,7,252.0,27,28,172,269.0,904.0,239.0,83,5,30,179,186,bus
109,55,96,191.0,57,6,241.0,28,26,170,267.0,857.0,242.0,85,8,9,184,184,bus
92,45,74,187.0,74,7,157.0,41,19,143,179.0,375.0,183.0,70,8,6,195,201,bus
88,43,70,177.0,74,19,152.0,44,19,143,180.0,342.0,168.0,76,1,9,186,189,bus
88,44,70,151.0,61,8,143.0,46,18,143,163.0,311.0,173.0,68,7,8,196,203,bus
94,39,75,184.0,72,8,155.0,42,19,133,175.0,365.0,145.0,70,4,5,192,200,bus
86,45,66,126.0,57,8,148.0,46,19,145,170.0,321.0,186.0,86,0,7,179,182,bus
108,56,102,246.0,75,6,239.0,28,26,167,264.0,855.0,228.0,82,9,13,186,185,bus
85,43,66,121.0,54,7,150.0,46,19,147,169.0,324.0,175.0,87,0,5,179,182,bus
98,35,70,182.0,68,5,155.0,41,19,124,184.0,371.0,117.0,71,3,22,202,205,bus
86,43,69,123.0,54,6,150.0,46,19,144,174.0,325.0,177.0,87,3,7,180,182,bus
85,42,66,120.0,53,7,149.0,45,19,145,173.0,325.0,163.0,85,5,4,180,182,bus
100,51,89,199.0,65,6,201.0,32,23,159,219.0,622.0,205.0,74,6,7,193,193,bus
84,44,65,128.0,55,8,150.0,46,19,148,169.0,325.0,176.0,82,1,11,179,183,bus
79,43,72,141.0,62,8,153.0,44,19,144,175.0,344.0,174.0,78,0,8,182,188,bus
96,43,82,161.0,55,5,186.0,34,22,141,215.0,534.0,162.0,75,0,6,195,196,bus
98,46,77,199.0,71,7,166.0,39,20,150,184.0,422.0,180.0,69,13,9,200,203,bus
87,42,60,116.0,51,6,150.0,46,19,141,169.0,324.0,171.0,85,2,14,178,182,bus
92,37,75,191.0,71,6,161.0,40,20,128,180.0,393.0,135.0,69,1,14,195,202,bus
83,44,70,166.0,69,5,143.0,46,18,143,166.0,306.0,170.0,69,7,6,188,193,bus
88,44,71,165.0,70,7,144.0,46,19,141,167.0,312.0,172.0,71,4,4,188,193,bus
98,51,84,207.0,72,7,184.0,35,21,161,199.0,520.0,198.0,72,9,11,196,199,bus
86,44,70,140.0,64,6,148.0,45,19,145,170.0,322.0,185.0,82,10,1,181,183,bus
86,44,65,129.0,56,6,152.0,45,19,150,168.0,331.0,177.0,83,4,13,178,183,bus
97,49,76,203.0,73,7,178.0,36,21,157,194.0,487.0,186.0,72,0,7,197,200,bus
84,43,76,180.0,75,7,155.0,43,19,143,180.0,359.0,173.0,77,5,12,185,190,bus
95,43,83,198.0,69,6,177.0,36,21,139,189.0,484.0,163.0,68,6,4,196,198,bus
90,38,79,185.0,69,6,160.0,40,20,130,178.0,393.0,133.0,66,2,14,198,205,bus
84,42,76,156.0,64,7,151.0,44,19,143,179.0,339.0,157.0,75,0,20,187,193,bus
85,44,66,125.0,58,6,148.0,45,19,145,170.0,323.0,185.0,84,8,1,180,183,bus
97,47,88,183.0,60,7,197.0,33,23,148,214.0,596.0,201.0,74,8,0,192,191,bus
82,43,73,158.0,68,7,151.0,44,19,145,181.0,337.0,173.0,80,2,17,183,188,bus
105,51,80,207.0,71,6,195.0,33,22,159,214.0,579.0,188.0,75,6,20,194,194,bus
86,45,70,122.0,56,7,148.0,45,19,144,170.0,324.0,186.0,84,9,5,180,183,bus
89,41,76,183.0,73,7,157.0,42,19,136,181.0,373.0,153.0,74,8,12,191,195,bus
96,46,70,194.0,70,6,167.0,39,20,148,183.0,427.0,171.0,69,17,10,200,203,bus
110,56,109,199.0,57,5,251.0,27,27,169,272.0,928.0,268.0,82,11,10,183,183,bus
99,38,74,184.0,66,6,164.0,39,20,131,193.0,414.0,137.0,71,2,22,200,202,bus
85,42,66,120.0,53,7,149.0,46,19,143,169.0,321.0,160.0,85,10,7,180,182,bus
106,57,107,235.0,67,6,262.0,26,28,171,285.0,987.0,260.0,86,9,31,180,184,bus
86,45,71,170.0,70,6,146.0,45,19,146,172.0,321.0,189.0,71,10,8,187,191,bus
92,37,75,184.0,70,6,154.0,42,19,131,184.0,363.0,127.0,71,0,4,198,202,bus
83,42,71,152.0,64,7,149.0,45,19,142,172.0,331.0,158.0,74,2,2,184,190,bus
102,54,98,201.0,61,6,225.0,29,25,165,246.0,766.0,231.0,79,9,14,188,187,bus
94,44,70,186.0,72,8,153.0,42,19,144,171.0,361.0,178.0,67,7,2,199,206,bus
96,46,74,202.0,74,5,163.0,39,20,149,185.0,408.0,191.0,70,7,8,196,200,bus
96,44,68,190.0,70,7,155.0,41,19,145,179.0,372.0,166.0,67,5,7,202,206,bus
103,52,103,170.0,52,7,236.0,28,26,160,254.0,816.0,250.0,82,3,23,183,184,bus
114,57,102,181.0,52,6,257.0,26,28,169,287.0,968.0,261.0,85,2,21,182,184,bus
105,51,93,160.0,51,7,217.0,30,24,165,240.0,703.0,208.0,81,9,25,188,188,bus
100,50,98,204.0,63,6,218.0,30,24,156,232.0,719.0,213.0,77,8,7,189,189,bus
87,39,74,165.0,66,6,145.0,45,19,134,173.0,318.0,139.0,70,3,21,195,200,bus
85,43,69,141.0,62,7,152.0,44,19,145,178.0,341.0,179.0,84,1,4,181,184,bus
80,43,68,123.0,53,7,150.0,46,19,147,169.0,327.0,176.0,81,7,14,179,184,bus
100,36,73,199.0,73,6,162.0,40,20,127,189.0,401.0,125.0,72,6,19,200,204,bus
81,45,68,137.0,60,7,152.0,45,19,151,167.0,333.0,179.0,81,3,13,179,183,bus
84,43,70,123.0,54,8,151.0,45,19,146,173.0,332.0,176.0,81,1,12,181,184,bus
88,39,70,166.0,66,7,148.0,44,19,134,167.0,332.0,143.0,69,5,13,193,201,bus
80,44,68,120.0,53,8,151.0,45,19,146,170.0,333.0,190.0,80,4,16,180,185,bus
87,42,70,139.0,59,7,149.0,45,19,142,177.0,327.0,156.0,78,6,9,185,188,bus
97,38,75,188.0,68,6,171.0,37,20,129,199.0,450.0,137.0,74,2,6,197,199,bus
106,53,98,154.0,47,4,237.0,28,26,164,263.0,838.0,222.0,82,4,17,185,184,bus
85,43,66,123.0,56,6,148.0,46,19,145,166.0,319.0,171.0,85,6,11,179,182,bus
85,43,66,120.0,54,5,148.0,46,19,145,168.0,320.0,174.0,87,8,2,179,181,bus
98,46,88,191.0,63,6,192.0,34,22,147,215.0,563.0,174.0,73,2,26,194,197,bus
87,41,76,165.0,67,7,148.0,45,19,140,171.0,327.0,152.0,72,7,13,188,195,bus
92,39,76,180.0,71,6,152.0,43,19,131,179.0,350.0,143.0,72,6,14,195,200,bus
93,47,84,205.0,71,7,176.0,36,21,152,190.0,476.0,201.0,70,7,19,198,201,bus
81,43,68,148.0,64,7,150.0,45,19,144,175.0,330.0,171.0,80,1,2,182,185,bus
83,46,68,139.0,59,6,150.0,44,19,146,172.0,336.0,183.0,74,5,3,185,191,bus
98,38,72,192.0,69,5,166.0,38,20,131,189.0,427.0,138.0,70,1,3,200,202,bus
85,43,66,123.0,55,7,150.0,45,19,146,172.0,326.0,173.0,83,4,15,180,183,bus
81,45,68,154.0,69,22,151.0,45,19,147,186.0,335.0,186.0,88,1,10,180,185,bus
97,37,70,173.0,66,7,151.0,43,19,129,167.0,346.0,119.0,65,0,16,201,208,bus
100,47,70,185.0,70,7,162.0,40,20,153,179.0,406.0,172.0,68,9,6,200,205,bus
111,58,105,183.0,51,6,265.0,26,29,174,285.0,1018.0,255.0,85,4,8,181,183,bus
103,54,107,218.0,64,12,222.0,30,25,174,221.0,728.0,199.0,67,0,18,189,200,opel
91,35,66,159.0,59,7,147.0,45,19,131,169.0,322.0,123.0,64,1,1,197,203,opel
105,55,96,181.0,56,9,219.0,30,25,175,231.0,713.0,216.0,74,4,5,187,194,opel
99,55,101,219.0,68,10,224.0,30,25,178,228.0,737.0,213.0,74,11,20,187,196,opel
98,58,101,208.0,65,12,226.0,30,25,182,225.0,748.0,216.0,71,6,1,185,196,opel
95,49,92,193.0,62,10,178.0,37,21,154,200.0,478.0,171.0,64,2,0,198,206,opel
111,54,103,171.0,50,11,221.0,30,25,172,227.0,727.0,201.0,69,15,6,190,198,opel
91,38,76,172.0,61,8,167.0,40,20,134,196.0,415.0,145.0,71,0,28,189,198,opel
77,38,63,135.0,59,5,130.0,52,18,130,145.0,247.0,139.0,79,13,21,183,187,opel
106,53,98,203.0,63,11,220.0,30,25,167,228.0,710.0,214.0,71,10,24,188,197,opel
101,49,103,212.0,67,10,201.0,33,23,156,215.0,601.0,174.0,69,4,11,189,196,opel
90,41,78,145.0,55,7,138.0,48,18,138,161.0,284.0,158.0,67,0,1,192,197,opel
85,38,72,130.0,53,9,134.0,51,18,132,145.0,261.0,123.0,65,1,24,188,198,opel
87,45,77,153.0,59,7,154.0,44,19,145,181.0,350.0,172.0,75,15,14,184,189,opel
73,37,53,111.0,54,6,126.0,55,18,128,135.0,227.0,147.0,82,1,15,176,184,opel
104,52,101,206.0,62,10,198.0,33,23,161,207.0,587.0,204.0,64,2,5,195,204,opel
86,44,77,155.0,60,7,152.0,44,19,141,174.0,345.0,161.0,72,9,0,187,192,opel
80,37,57,116.0,55,6,125.0,54,18,125,142.0,229.0,132.0,81,8,5,178,184,opel
99,57,100,177.0,54,13,224.0,30,25,188,223.0,726.0,213.0,72,4,7,185,198,opel
100,51,109,224.0,67,9,217.0,30,24,162,238.0,704.0,206.0,72,6,18,189,199,opel
93,42,88,188.0,62,10,183.0,36,21,141,208.0,504.0,168.0,70,3,12,189,197,opel
89,36,77,172.0,62,8,157.0,42,19,125,174.0,367.0,126.0,63,5,22,198,205,opel
84,38,74,138.0,57,8,139.0,49,18,127,160.0,282.0,127.0,72,9,20,183,191,opel
106,55,96,196.0,60,12,221.0,30,25,173,225.0,717.0,214.0,72,9,13,186,196,opel
104,55,105,223.0,70,10,223.0,30,25,177,237.0,737.0,218.0,75,14,11,188,196,opel
104,55,105,216.0,68,11,205.0,32,23,169,221.0,623.0,216.0,71,9,18,189,196,opel
88,35,50,121.0,58,5,114.0,59,17,122,132.0,192.0,138.0,74,21,4,182,187,opel
99,50,88,204.0,64,10,185.0,35,22,159,209.0,517.0,193.0,66,12,11,194,201,opel
101,53,103,203.0,63,9,195.0,34,22,162,210.0,571.0,210.0,68,5,5,191,198,opel
106,53,98,192.0,58,11,217.0,31,24,166,228.0,693.0,191.0,71,11,24,188,198,opel
105,52,107,207.0,60,11,218.0,31,24,167,221.0,701.0,197.0,66,0,20,191,203,opel
105,54,96,185.0,57,10,219.0,30,25,170,231.0,706.0,217.0,75,5,12,187,195,opel
106,52,107,211.0,62,8,200.0,33,23,161,218.0,602.0,200.0,67,9,17,194,201,opel
96,52,104,222.0,67,9,198.0,33,23,163,217.0,589.0,226.0,67,12,20,192,201,opel
86,40,75,146.0,62,6,140.0,48,18,135,158.0,290.0,162.0,72,3,21,183,190,opel
98,55,108,168.0,53,11,224.0,30,25,178,231.0,737.0,217.0,73,8,30,187,198,opel
100,52,109,225.0,68,10,222.0,30,25,165,241.0,731.0,207.0,73,7,28,188,199,opel
101,53,108,184.0,54,12,216.0,31,24,172,220.0,685.0,187.0,68,4,24,190,201,opel
107,45,92,197.0,62,10,188.0,35,22,148,202.0,526.0,159.0,64,12,20,195,203,opel
80,38,64,130.0,59,8,134.0,51,18,126,152.0,259.0,135.0,76,1,23,179,188,opel
82,40,73,141.0,57,8,153.0,44,19,133,173.0,342.0,153.0,75,11,9,181,187,opel
102,52,101,213.0,64,10,203.0,33,23,157,214.0,616.0,186.0,65,0,19,193,203,opel
100,51,104,163.0,52,10,206.0,32,23,164,217.0,631.0,193.0,69,5,21,188,196,opel
86,36,66,128.0,57,8,131.0,52,18,127,148.0,252.0,139.0,76,5,27,183,187,opel
103,57,105,221.0,69,11,218.0,30,24,173,226.0,706.0,250.0,73,10,2,187,195,opel
106,49,96,201.0,61,10,181.0,36,21,158,197.0,494.0,180.0,62,19,15,202,209,opel
105,56,98,209.0,64,11,217.0,31,24,173,225.0,696.0,216.0,72,2,19,188,199,opel
98,48,101,195.0,61,11,207.0,31,23,152,227.0,650.0,193.0,71,5,7,189,196,opel
86,38,89,176.0,59,9,169.0,39,20,132,190.0,428.0,148.0,67,7,33,193,202,opel
108,51,103,197.0,60,11,211.0,31,24,160,222.0,661.0,187.0,67,7,3,190,200,opel
77,38,75,144.0,59,6,147.0,46,19,132,167.0,315.0,136.0,80,16,20,181,187,opel
105,46,100,195.0,61,9,193.0,34,22,150,207.0,557.0,161.0,65,5,9,194,202,opel
94,46,79,181.0,62,8,167.0,40,20,148,190.0,418.0,193.0,67,12,15,191,198,opel
95,45,80,186.0,62,7,164.0,40,20,145,188.0,406.0,178.0,65,11,18,199,204,opel
104,51,105,168.0,54,10,208.0,32,24,162,220.0,641.0,221.0,72,9,20,187,197,saab
94,38,88,179.0,60,7,170.0,39,21,131,188.0,435.0,144.0,66,2,28,195,204,saab
105,45,100,195.0,61,10,198.0,33,23,149,214.0,586.0,186.0,67,8,5,192,200,saab
90,43,72,172.0,59,8,154.0,42,19,144,174.0,360.0,158.0,61,15,9,203,209,saab
101,52,101,197.0,62,9,188.0,35,22,162,208.0,527.0,203.0,67,14,15,193,202,saab
101,56,101,231.0,72,10,217.0,31,24,171,232.0,698.0,216.0,72,2,6,187,197,saab
96,41,69,153.0,56,7,141.0,47,18,141,162.0,297.0,169.0,61,11,8,202,209,saab
84,36,75,136.0,55,6,140.0,48,18,125,166.0,290.0,138.0,71,4,36,189,195,saab
87,41,66,140.0,58,6,148.0,46,19,136,164.0,318.0,178.0,79,19,2,181,185,saab
108,49,103,200.0,62,10,206.0,32,23,155,227.0,635.0,215.0,72,6,16,189,198,saab
108,56,103,234.0,73,10,221.0,30,25,174,232.0,718.0,214.0,73,8,3,187,197,saab
106,48,107,202.0,61,10,207.0,32,24,153,227.0,635.0,200.0,70,5,28,190,203,saab
111,53,108,211.0,61,11,207.0,32,23,167,217.0,636.0,216.0,64,21,2,196,205,saab
116,53,110,231.0,67,12,217.0,31,24,165,231.0,692.0,222.0,67,16,28,192,206,saab
84,35,53,122.0,57,4,116.0,59,17,123,135.0,196.0,128.0,76,10,27,183,190,saab
109,53,103,210.0,63,11,219.0,30,25,172,229.0,707.0,212.0,71,6,3,188,199,saab
98,42,90,192.0,61,9,178.0,37,21,144,189.0,480.0,138.0,61,3,8,199,208,saab
95,45,105,208.0,64,10,187.0,36,22,150,202.0,520.0,158.0,64,7,32,198,211,saab
106,53,98,176.0,54,10,216.0,31,24,171,235.0,691.0,218.0,74,1,9,187,197,saab
95,47,81,176.0,59,7,168.0,39,20,152,196.0,425.0,185.0,67,4,4,191,198,saab
88,37,63,130.0,58,5,125.0,54,18,130,141.0,230.0,145.0,74,14,20,184,188,saab
104,49,105,209.0,61,11,207.0,32,24,157,217.0,637.0,168.0,64,0,19,193,207,saab
103,53,106,172.0,55,10,212.0,32,24,168,220.0,660.0,223.0,73,16,24,187,197,saab
112,50,110,186.0,56,11,214.0,31,24,159,232.0,676.0,203.0,71,18,27,191,202,saab
109,54,103,220.0,66,11,214.0,31,24,167,229.0,677.0,212.0,70,1,23,188,201,saab
91,36,83,162.0,61,8,142.0,47,19,128,163.0,298.0,137.0,63,0,31,193,200,saab
93,39,63,146.0,58,7,128.0,52,18,134,149.0,246.0,158.0,63,9,7,198,204,saab
85,34,53,127.0,58,6,116.0,58,17,121,137.0,197.0,127.0,70,3,20,185,189,saab
100,46,81,187.0,61,9,166.0,40,20,154,189.0,415.0,175.0,63,13,9,198,207,saab
89,40,89,174.0,58,8,177.0,37,21,133,202.0,471.0,155.0,70,7,18,189,196,saab
102,55,101,213.0,67,12,222.0,30,25,177,226.0,719.0,213.0,71,2,21,187,199,saab
83,37,54,118.0,55,4,129.0,52,18,127,146.0,245.0,140.0,81,4,13,180,184,saab
99,53,105,219.0,66,11,204.0,32,23,165,221.0,623.0,224.0,68,0,6,191,201,saab
107,53,108,213.0,64,12,206.0,32,23,163,216.0,627.0,202.0,65,21,22,194,205,saab
90,50,90,188.0,61,10,181.0,36,21,158,211.0,492.0,220.0,69,6,19,191,199,saab
109,54,103,205.0,63,11,222.0,30,25,175,229.0,720.0,213.0,71,6,14,187,200,saab
87,38,71,123.0,53,8,137.0,49,18,127,158.0,277.0,145.0,75,0,9,181,186,saab
82,36,51,114.0,53,4,135.0,50,18,126,150.0,268.0,144.0,86,15,4,181,182,saab
103,46,106,209.0,66,10,203.0,33,23,149,217.0,612.0,210.0,70,9,10,191,199,saab
106,52,101,213.0,64,11,201.0,33,23,158,214.0,607.0,204.0,65,2,4,192,204,saab
107,51,103,182.0,56,11,213.0,31,24,162,226.0,673.0,217.0,72,2,4,188,198,saab
85,33,50,104.0,53,4,115.0,59,17,118,136.0,193.0,127.0,83,1,30,179,185,saab
83,37,54,131.0,61,4,135.0,50,18,127,152.0,271.0,141.0,85,3,6,180,183,saab
105,54,100,220.0,69,10,221.0,30,25,170,232.0,718.0,202.0,73,0,13,187,199,saab
87,39,74,152.0,58,6,151.0,44,19,136,174.0,337.0,140.0,70,1,33,187,196,saab
101,51,112,201.0,59,11,214.0,32,24,162,223.0,667.0,194.0,65,0,36,190,206,saab
92,38,71,174.0,66,7,154.0,43,19,133,181.0,355.0,130.0,70,4,24,189,195,saab
89,38,80,169.0,59,7,161.0,41,20,131,186.0,389.0,137.0,68,5,15,192,197,saab
119,54,106,220.0,65,12,213.0,31,24,167,223.0,675.0,232.0,66,20,1,192,202,saab
78,38,63,115.0,51,6,142.0,47,19,130,162.0,299.0,146.0,77,2,4,181,185,saab
97,44,96,195.0,63,9,185.0,36,22,144,202.0,512.0,165.0,66,4,8,191,199,saab
88,38,58,137.0,60,5,148.0,46,19,131,163.0,319.0,157.0,86,12,0,180,183,saab
107,54,96,201.0,62,12,218.0,31,24,170,221.0,694.0,217.0,71,2,21,187,198,saab
104,50,106,209.0,66,10,207.0,32,23,158,223.0,635.0,220.0,73,14,9,188,196,saab
89,41,84,141.0,58,9,149.0,45,19,145,172.0,330.0,162.0,72,4,18,188,200,van
89,35,70,138.0,58,7,126.0,53,17,128,147.0,237.0,112.0,64,4,19,199,207,van
93,45,83,142.0,56,10,157.0,43,20,155,180.0,364.0,188.0,75,1,21,184,197,van
94,49,87,137.0,54,11,158.0,43,20,162,178.0,366.0,186.0,75,5,5,183,194,van
90,42,63,144.0,59,7,131.0,50,18,142,154.0,259.0,162.0,65,15,3,197,204,van
91,42,80,162.0,66,8,148.0,44,19,145,171.0,331.0,147.0,70,3,5,189,199,van
89,40,58,137.0,58,7,122.0,54,17,140,146.0,225.0,150.0,63,7,4,199,206,van
93,43,88,170.0,66,9,150.0,45,19,147,164.0,334.0,143.0,65,2,17,196,206,van
89,47,84,133.0,55,11,157.0,44,20,160,169.0,354.0,176.0,74,5,9,182,192,van
85,35,47,110.0,55,3,117.0,57,17,122,136.0,203.0,139.0,89,5,9,180,184,van
92,43,70,124.0,52,6,139.0,49,18,144,164.0,282.0,172.0,79,4,16,183,185,van
94,45,81,166.0,67,9,145.0,46,19,147,164.0,313.0,179.0,66,11,14,194,202,van
93,40,73,139.0,58,6,136.0,49,18,138,166.0,275.0,137.0,73,0,0,187,188,van
90,47,73,136.0,58,11,161.0,42,20,153,172.0,376.0,185.0,77,11,8,183,191,van
98,39,68,121.0,49,7,134.0,51,18,142,164.0,261.0,134.0,75,4,1,186,186,van
90,48,77,132.0,56,10,157.0,44,20,164,169.0,354.0,187.0,78,1,3,182,191,van
85,47,75,121.0,53,9,157.0,44,20,165,168.0,358.0,176.0,77,1,7,182,191,van
93,41,82,159.0,63,9,144.0,46,19,143,160.0,309.0,127.0,63,6,10,199,207,van
88,44,85,139.0,56,11,157.0,43,20,155,176.0,363.0,175.0,76,5,16,184,195,van
90,47,85,145.0,58,9,152.0,44,19,155,175.0,345.0,184.0,73,4,2,186,197,van
86,39,62,129.0,59,6,116.0,57,17,135,137.0,203.0,145.0,64,7,9,199,204,van
89,40,77,159.0,65,9,144.0,46,19,141,168.0,314.0,143.0,70,0,5,190,200,van
91,37,76,138.0,55,8,132.0,51,18,135,157.0,256.0,124.0,69,0,12,191,192,van
87,40,81,162.0,68,10,146.0,46,19,139,167.0,317.0,157.0,70,0,13,189,199,van
94,37,72,146.0,60,9,133.0,50,18,135,161.0,262.0,128.0,69,2,7,192,195,van
86,36,70,143.0,61,9,133.0,50,18,130,153.0,266.0,127.0,66,2,10,194,202,van
86,40,66,139.0,59,7,122.0,54,17,139,145.0,225.0,143.0,63,7,11,202,208,van
93,43,78,162.0,64,8,137.0,48,18,145,156.0,281.0,159.0,63,17,12,203,210,van
89,46,74,135.0,59,9,157.0,44,20,158,170.0,356.0,177.0,79,12,3,184,191,van
83,40,53,114.0,53,6,132.0,53,18,140,142.0,247.0,157.0,86,8,7,176,183,van
89,40,79,154.0,64,9,144.0,46,19,139,168.0,311.0,149.0,71,8,7,188,197,van
89,46,78,150.0,63,11,160.0,43,20,160,170.0,367.0,176.0,73,5,9,185,194,van
98,38,70,125.0,52,8,130.0,53,18,139,157.0,243.0,132.0,74,0,13,186,185,van
89,42,66,125.0,53,7,131.0,51,18,144,162.0,254.0,162.0,73,10,17,188,191,van
92,35,58,136.0,58,6,122.0,55,17,132,142.0,222.0,116.0,64,6,17,197,203,van
96,45,87,169.0,67,10,154.0,44,19,149,167.0,351.0,174.0,67,9,8,192,201,van
97,35,66,151.0,64,8,128.0,52,18,129,148.0,246.0,112.0,66,6,2,195,200,van
88,44,84,135.0,55,12,155.0,44,20,158,176.0,351.0,164.0,75,7,11,183,195,van
95,44,84,158.0,62,10,145.0,46,19,148,163.0,312.0,166.0,64,10,6,199,206,van
84,37,70,145.0,62,9,136.0,48,18,134,159.0,280.0,140.0,68,11,9,194,202,van
95,46,76,162.0,66,11,162.0,42,20,155,175.0,381.0,172.0,74,8,4,184,193,van
86,37,60,115.0,54,5,119.0,56,17,132,141.0,209.0,129.0,72,2,8,186,190,van
89,36,68,141.0,59,8,139.0,47,18,130,166.0,291.0,127.0,73,7,1,189,196,van
95,38,66,126.0,52,8,133.0,52,18,140,158.0,253.0,140.0,78,11,8,184,183,van
97,45,88,173.0,67,10,157.0,43,20,157,173.0,365.0,157.0,67,8,12,192,200,van
91,46,78,148.0,61,9,147.0,45,19,152,168.0,323.0,199.0,70,13,11,189,200,van
88,42,66,133.0,57,6,123.0,54,17,144,147.0,227.0,160.0,66,8,4,193,198,van
89,42,85,144.0,58,10,152.0,44,19,144,173.0,345.0,161.0,72,8,13,187,197,van
85,45,71,150.0,63,8,143.0,46,19,147,171.0,307.0,179.0,72,2,3,187,196,van
94,49,87,159.0,64,10,157.0,43,20,158,179.0,363.0,203.0,75,4,0,183,194,van
94,45,85,163.0,68,10,157.0,44,20,156,170.0,357.0,176.0,73,17,11,187,195,van
88,36,53,113.0,57,3,118.0,57,17,128,137.0,204.0,136.0,88,7,14,180,183,van
93,39,78,164.0,66,8,139.0,48,18,140,157.0,290.0,126.0,64,4,7,201,208,van
89,46,77,125.0,52,10,156.0,44,20,160,171.0,351.0,177.0,78,7,17,183,191,van
