x.1,x.2,x.3,x.4,x.5,x.6,x.7,x.8,x.9,x.10,x.11,x.12,x.13,x.14,x.15,x.16,x.17,x.18,x.19,x.20,x.21,y
0.1555,0.8414,-0.9238,0.8093,-0.9513,0.5331,0.3501,0.6635,-0.0463,3.7158,3.2151,3.1067,2.4761,5.2898,6.0475,4.2094,2.5708,2.6275,1.2967,2.7669,-0.5273,1
-0.4743,1.5722,-0.0193,-0.59,-0.0871,1.8376,1.9953,2.5672,3.3855,4.1056,5.6628,3.5443,4.0932,3.5865,1.036,1.7824,-0.1118,-1.4696,0.5315,1.1571,-0.3272,1
-0.2685,1.2335,0.2845,0.9,1.0047,1.6812,2.2801,1.1448,1.3021,3.0923,4.3541,2.9459,3.29,3.4468,3.7205,4.9039,2.2224,1.2641,0.8361,-0.0512,1.3458,1
-0.6389,-0.68,-0.069,0.0951,-0.1198,2.4547,1.7457,1.5416,3.8828,4.0812,5.9808,5.8626,2.4952,3.306,3.837,3.7536,1.0403,-0.8097,0.6249,-1.0093,1.6222,1
-0.4268,2.4483,0.1716,-2.9643,0.5125,-0.4776,0.0796,-0.9154,0.5788,1.133,5.1419,4.9693,5.0488,4.4374,4.392,2.5718,3.4984,-0.7246,0.9449,-0.2745,1.1037,1
0.1548,-0.6626,0.6272,0.6343,3.052,0.2185,0.3314,-2.1562,-0.0626,0.4975,3.7407,2.4117,3.2633,5.3994,6.8102,5.9584,5.8775,2.4221,2.9893,3.2464,0.2881,1
-0.3023,-0.9102,0.6698,0.4745,0.6179,0.89,0.407,-0.417,2.5999,4.1679,2.9882,4.238,5.1574,4.2853,5.4684,3.1979,2.0656,0.5278,1.5791,-1.346,0.5164,1
-0.8939,0.9588,1.5264,-0.4428,0.6642,-0.926,1.4525,2.3418,2.447,4.337,6.1208,2.6488,3.6351,4.9103,2.8275,2.4264,0.494,1.8375,0.8638,-0.849,-0.6082,1
0.5018,0.4453,0.2432,-0.6861,-0.8065,1.3497,1.7936,3.2539,2.1296,4.2087,5.5445,2.7227,4.7404,3.8349,2.8225,2.1156,2.59,0.5031,0.5674,1.3761,-0.5874,1
1.263,-0.5731,-0.0953,-0.0819,1.4251,-0.5604,0.8048,-0.4375,0.0995,2.7108,2.8363,2.5679,3.8661,2.5714,4.9425,3.3524,2.8993,2.5354,1.8368,1.3254,0.0219,1
2.7039,0.3281,1.4876,0.1735,-0.0208,2.2139,-0.9784,1.0334,0.1252,3.0838,2.8251,5.9261,1.6315,6.4851,5.967,3.3964,4.8149,1.9581,0.9387,-0.3314,1.7556,1
1.1879,-2.2673,1.1244,0.5863,-0.1648,0.1395,-0.3511,1.6464,0.588,2.1599,1.1565,4.6639,3.6276,3.8522,6.3814,4.5788,4.0165,0.9743,1.2265,2.4884,-0.2619,1
-1.4153,-0.6752,-1.0355,-1.2193,0.8016,1.902,2.563,1.6819,4.3146,5.7276,5.046,6.5243,2.6871,4.0231,2.8777,0.268,-0.3287,-0.8587,0.9047,0.136,-0.2131,1
0.2975,-0.1721,0.4143,-0.645,-0.6774,2.4912,1.995,2.2331,4.9894,5.6707,6.4126,5.3509,4.8109,3.2494,3.1159,-0.4774,0.4336,-0.807,-1.4372,-0.1997,-0.322,1
0.095,-1.3694,-0.6335,0.7942,0.1364,0.0746,0.775,-0.0238,1.8299,1.9332,5.6227,3.771,1.2466,4.6634,3.1193,2.2797,3.2612,3.0471,0.4799,-0.8395,1.3771,1
1.3633,0.8704,-0.8485,0.0727,-0.9544,1.0464,1.1016,2.5848,3.2534,4.0065,5.0005,4.9857,4.1556,3.6371,2.1139,2.4275,0.5435,0.3546,-0.7348,-0.3322,-0.2211,1
-2.0424,-1.4885,-0.0715,-0.9672,1.1254,-0.4389,1.2362,3.906,3.3709,4.5178,4.991,4.1489,4.8428,2.3897,3.1175,3.3981,-0.1179,1.2439,-0.5103,-1.1727,0.4768,1
-0.7924,1.0994,0.1632,0.4535,1.4192,-1.3448,0.3061,0.3903,1.3383,0.895,0.3869,3.4256,3.7074,5.8789,5.0254,3.3273,1.5382,2.4559,1.2118,-0.3617,-2.6267,1
1.5162,0.0508,2.8166,1.0646,0.4943,0.8148,0.4528,2.2276,0.95,1.7807,4.7286,4.4887,3.7512,3.6707,3.1052,3.6612,1.7378,1.1001,2.6418,0.5069,0.0713,1
-0.4525,1.4547,-1.0893,-0.0372,-1.6123,0.6097,1.1491,3.1157,2.801,3.2633,4.9456,4.3584,4.4317,3.2016,2.2659,1.0946,1.1639,-1.3954,-1.8804,0.0631,-0.578,1
2.0276,0.0881,0.1,-1.4243,-0.6247,1.2274,2.1139,2.6828,3.3257,5.2425,4.0694,5.8184,5.3256,2.6949,3.7916,1.1408,0.3924,1.2441,1.8212,0.4212,0.6074,1
1.1789,0.9435,-0.8978,0.4988,-0.8997,1.6467,-0.745,1.4023,2.1297,3.1741,3.035,5.6994,4.0635,2.8795,5.6956,4.4496,1.5088,1.3831,0.3964,-0.0026,2.0246,1
-0.1988,1.0948,1.6113,0.6085,-0.3019,0.9992,2.6709,2.4218,1.4301,1.7083,4.6608,5.2485,3.4798,2.8272,3.9872,3.7147,3.866,2.4383,-0.6268,0.9662,-1.8089,1
0.8104,2.0795,-0.1386,0.441,0.1437,-0.2992,1.6959,-0.1373,0.7212,1.4959,4.5695,2.8981,5.1926,5.4797,3.2043,3.4949,2.2444,3.7574,1.4476,0.9497,-2.0144,1
0.4469,-0.3704,0.9001,-0.3941,0.5035,-0.6949,0.7005,-2.0232,2.085,4.2825,4.6207,2.9708,4.4809,3.5783,4.7265,3.4801,3.1518,1.231,1.8229,0.3065,0.5524,1
0.1795,0.6063,0.9649,1.4859,0.8263,-0.5783,1.6689,1.4802,0.4292,2.3952,3.4374,3.7415,3.6337,6.4965,3.9598,1.942,1.3487,-0.2764,1.1178,1.6961,0.8183,1
0.3266,2.066,1.2683,-0.4706,-2.1376,0.3216,0.8963,2.0251,0.0455,2.9644,5.4433,3.1565,4.946,3.8103,4.5771,2.7094,1.7312,1.7608,0.7542,1.6885,-0.07,1
1.6301,-0.327,-1.6637,0.4496,-0.4723,2.2189,-0.9676,2.1557,2.3573,2.5873,5.3631,4.3181,5.3963,3.3252,3.7614,4.3451,3.4225,1.3384,0.5724,-0.7716,0.606,1
0.6593,0.1078,-0.0115,0.6503,1.7163,0.7043,2.8075,-0.1841,2.6482,2.4423,3.1271,2.0395,5.0555,5.1527,7.5614,2.6994,3.3772,1.8415,1.8591,1.6566,-0.4853,1
1.8829,0.3129,1.2508,-0.9483,-1.5325,1.1655,0.7608,1.9409,3.0786,3.6138,3.3404,4.5471,2.9349,3.1962,2.8428,1.4848,2.7175,0.1213,1.8906,-0.5579,-1.1568,1
1.3359,-1.1486,1.4085,-0.5357,0.7131,0.5713,0.9523,0.7649,2.1992,2.9531,4.1903,2.343,4.7383,3.6874,3.9871,4.2617,1.7346,2.4884,3.0494,1.2143,0.494,1
0.0226,0.2346,-1.1625,-0.9871,0.4764,-1.2014,0.4461,0.5133,3.5437,2.5548,4.2705,3.5249,3.3241,3.0758,5.077,2.2156,4.4391,2.997,1.7694,-0.1547,-0.428,1
0.5178,-0.8796,-0.5386,-1.8349,0.0024,-0.0955,0.976,1.4821,1.1095,2.4874,2.4727,3.2735,3.1003,2.6464,3.5345,5.1929,3.3316,2.8736,0.0177,0.4153,-2.8292,1
0.9776,1.2204,0.6537,-0.8397,0.4961,-0.2086,1.211,0.8299,1.5053,3.1177,1.5846,2.7047,4.0809,4.571,6.5799,5.9378,3.622,3.9985,2.4697,2.1784,0.3284,1
0.4935,0.2675,1.8535,-0.9753,0.5772,1.6234,1.0371,4.8168,3.4949,4.4411,5.7824,3.34,4.0436,3.4623,0.9699,1.5656,1.1951,1.3032,0.5506,-0.6319,-0.9517,1
0.3526,-0.2562,0.5073,1.4635,-0.551,2.8407,0.987,2.0269,1.0063,2.8801,4.2313,4.6185,5.6249,3.7389,2.6282,2.49,2.032,0.3568,0.883,0.234,-0.5166,1
-0.0275,0.1158,-0.4895,0.4775,1.1077,1.031,0.2484,0.2856,0.8523,2.6161,3.5499,4.9231,5.4681,4.6959,4.8043,4.1432,3.2803,2.1917,-0.0743,0.2362,-1.216,1
-0.5318,1.9485,-0.983,1.5285,1.2367,2.2833,1.6041,-0.0864,3.3807,3.3606,5.118,4.8911,4.2534,1.705,3.9591,1.2745,1.8458,2.2818,0.9166,-1.567,-0.0989,1
-1.2708,0.06,0.567,0.9046,-0.6151,-0.7511,0.9179,2.2452,1.8378,2.3013,3.7318,2.3852,4.4029,4.2985,6.2421,1.3303,2.1609,1.939,1.4478,-0.3199,-0.9377,1
1.9073,-1.9302,0.6512,-0.6103,1.051,0.8999,1.6153,3.2088,3.817,2.1032,5.9308,4.5706,3.7128,3.3345,4.2161,3.1062,0.2824,3.9501,-0.1611,2.1062,-1.3733,1
0.0695,-1.731,-0.5586,0.9473,-1.0113,1.0672,1.8305,2.0039,3.303,6.017,6.3159,7.0697,4.2622,1.463,1.6752,0.8522,-1.0217,-1.6246,2.0417,-1.8313,-1.0652,1
2.2805,-0.4305,-0.9346,-0.469,0.0553,1.5935,1.9558,3.617,3.3442,4.1108,7.2734,5.2296,6.2921,3.6759,2.9026,0.3751,0.7409,0.4161,-0.3143,0.7707,-0.2356,1
0.9942,0.1397,-0.4065,-0.8331,0.0074,-0.7587,1.735,3.5444,3.4566,4.4266,6.3551,5.413,3.7643,3.462,1.9196,0.9713,0.5483,0.4619,-1.9491,1.2202,-1.1712,1
0.266,0.148,0.2094,0.516,-1.7263,-0.4452,-0.6993,0.123,0.9495,1.8405,2.2751,4.0478,2.243,2.2442,3.3974,5.8438,3.5411,1.0753,1.1915,0.2819,-1.4036,1
-1.2401,-0.1674,3.1398,1.4938,-0.2319,-0.2714,1.8599,1.9196,2.9805,3.5544,3.7035,5.6079,3.9311,2.2898,0.9433,1.1121,0.8916,1.1545,1.5913,0.2493,-1.9453,1
-1.3671,1.3069,0.2142,0.0387,1.4024,-0.3068,1.1707,0.999,0.5015,3.5292,6.0359,4.4824,4.0149,2.4687,2.2531,3.0675,-0.5234,-0.2812,1.1713,-0.0171,-2.2563,1
0.7674,0.0207,0.9092,-0.9282,-0.5308,-1.5272,3.0368,1.373,1.5019,4.9284,5.2684,4.6631,5.0308,3.663,2.9392,0.0236,-0.0841,-0.4913,0.2253,-0.2058,0.3189,1
-0.0156,0.1468,1.3942,-0.1314,-0.0123,0.4531,0.6625,2.4548,0.332,2.1418,0.8214,3.7971,4.0945,4.4317,3.0142,2.6645,-0.1852,0.8743,0.0086,0.3551,-0.0077,1
1.4995,0.1364,-0.184,-0.7618,0.1944,0.8816,2.8394,1.2515,2.5675,4.6535,5.1621,5.0688,3.708,3.5826,2.8332,2.8185,0.3225,1.6884,0.7107,-0.0476,0.0586,1
0.7753,-0.855,1.0846,-2.5925,1.5307,2.1303,4.3349,0.1758,1.3218,1.6917,1.3957,2.2607,4.153,5.004,3.2243,4.1871,3.7117,2.1116,-0.4946,0.4778,0.6613,1
-1.4923,-0.3802,-0.3926,-1.4207,-0.1463,1.9497,2.0886,1.095,0.9872,3.159,2.6504,5.4336,4.2068,4.9621,4.4463,2.9309,1.6508,0.1931,0.5597,0.075,-0.9333,1
-1.3725,0.5378,-2.7973,0.6088,1.8543,0.0787,0.2068,0.182,-0.3002,2.2869,3.9881,3.5239,3.9136,4.1641,3.7831,2.1981,3.8408,2.4207,1.9622,1.4212,0.3156,1
-1.015,1.7524,0.9568,-0.9412,-0.0836,0.4176,0.4831,2.3082,2.946,5.6489,6.8161,3.1888,4.2498,1.3707,3.2455,2.6548,1.6354,0.4057,0.9024,0.0727,0.3218,1
1.1949,0.3132,0.2713,-1.1477,0.2608,-0.1006,1.6606,0.8853,1.8857,2.2386,5.7348,3.5654,4.8528,3.6378,1.4712,1.5266,2.1427,0.6274,0.5554,1.9431,-0.0218,1
-0.6981,0.3684,1.1529,-0.7675,1.1006,3.0519,1.624,1.8859,0.2694,0.7784,3.6602,4.0661,3.6517,5.9546,3.7985,3.292,2.7947,2.7637,2.2297,0.6742,-1.3458,1
1.166,0.6461,0.1249,-0.8336,-0.7605,0.6601,2.1254,3.3449,2.26,1.6767,1.4603,2.9081,3.4824,4.3851,5.5711,5.0142,2.9758,3.0622,0.0742,0.4997,-0.0632,1
1.9841,0.2098,0.2435,-0.7207,-0.744,1.336,0.3208,1.9937,2.6071,3.5373,5.4956,5.4089,2.6929,2.1445,1.7781,1.3437,-0.1353,-1.4416,-0.3248,-0.4473,0.5925,1
-0.7269,0.472,0.0497,-0.654,0.9422,1.953,0.3275,1.2231,1.9612,3.6489,4.0915,3.3564,4.8724,2.8333,4.4634,1.5741,1.4063,3.0006,-1.0606,-0.3074,0.0997,1
-0.245,0.9757,-2.3357,-0.7722,-0.0187,0.7731,1.9671,1.1121,1.1765,2.1469,2.6215,2.6142,4.4829,4.9182,6.5647,2.9943,4.9138,0.6294,3.0592,2.307,-0.1483,1
-0.2751,-0.0601,0.2624,0.15,-0.6952,0.0522,0.4572,2.4367,2.5944,4.3266,6.5818,3.4311,4.6414,2.6815,3.5102,3.1896,0.3895,0.3713,-0.4409,2.5186,0.2566,1
1.5513,0.6772,1.7081,1.1414,-1.9158,-0.45,-0.7184,0.2933,1.599,2.7945,2.875,3.7149,3.4485,3.3208,4.7879,3.933,1.7907,1.0392,1.673,1.1879,1.6825,1
-0.137,0.7978,-0.5446,0.2502,-0.5039,0.3778,1.6505,-1.4931,1.7775,1.5239,3.3888,4.3461,3.3739,4.9628,5.0335,3.4009,3.9955,3.2103,4.0854,2.0044,0.233,1
0.7685,-0.6103,1.8182,0.8145,1.2567,2.2651,0.9866,3.0613,5.5399,5.8387,6.4341,5.5928,3.902,2.8061,2.1746,1.5162,1.7405,-0.5368,2.0818,-1.4637,0.4325,1
-0.5854,-1.608,-0.076,-1.2879,0.4674,-0.5512,0.5836,1.3585,2.1806,2.6382,2.5362,5.1798,3.7998,4.7476,3.5224,3.4685,1.1953,2.5093,2.7822,-0.3759,1.5584,1
0.8876,-1.0592,-0.3936,1.3604,0.5854,-0.3667,1.9664,0.6825,2.0145,1.4463,2.2409,3.5026,2.4053,5.392,3.5196,2.1514,1.9314,1.7454,0.639,-0.2397,-0.1947,1
-0.6849,0.5228,0.456,-0.6133,1.8838,1.5316,3.2408,1.1787,0.3378,1.4517,3.1584,2.7002,5.0625,4.4928,5.1468,4.0406,2.6678,2.1194,1.5412,1.3177,-1.4277,1
-2.1747,0.8998,-0.4741,-0.1176,-2.0253,0.9739,2.9563,2.3992,2.863,5.2894,6.1641,5.1319,4.9411,2.5444,4.0166,0.3202,2.5516,0.3628,0.6368,2.3216,-0.3403,1
0.3371,-0.0741,-1.8093,0.2491,-0.7669,-0.265,0.7022,0.7673,1.7636,0.8018,0.6362,3.3066,2.9906,4.7805,3.481,4.9882,3.084,2.5005,1.6017,0.0777,0.6669,1
0.8294,1.3803,1.4016,-1.0073,-0.274,1.1365,1.4675,2.8875,2.99,4.3144,6.6493,4.329,2.9267,3.081,2.3771,1.1961,0.0524,0.4407,-1.2741,-0.6714,0.8657,2
-0.453,-0.5657,1.3889,1.491,2.6775,2.4897,1.2816,3.86,5.0484,4.8606,7.0009,5.1453,2.1036,2.084,1.6879,2.7849,0.3157,0.9439,0.7926,0.886,0.6653,2
0.6018,0.6129,-0.2587,2.6561,0.6064,-0.1673,2.627,2.9551,3.5141,5.472,2.5351,4.2643,4.1158,3.3932,0.4233,-0.182,0.41,-0.9476,-0.4227,0.1892,-0.0955,2
-0.4947,1.9544,0.0412,3.7486,4.0931,3.1776,5.876,5.3762,2.8802,3.2112,3.3668,2.3237,0.6462,0.477,-0.2232,0.0103,0.1921,-2.479,-0.2376,1.6189,-1.0543,2
0.9313,-1.9618,0.4125,1.1945,0.0496,1.6806,3.2755,3.9981,3.793,4.7343,4.7152,4.8998,4.1363,2.6451,0.5527,1.3092,-0.5774,-1.3929,-1.8434,0.2727,-0.3976,2
-0.1457,0.3354,1.7087,-0.6038,-0.7773,1.1149,2.6247,2.1337,5.4222,4.9778,4.3729,4.49,2.7294,3.8801,1.3311,1.8851,0.1177,1.2486,0.2074,-0.4396,-0.5488,2
1.6072,-0.8841,0.9021,0.4109,1.6733,3.6369,3.0366,4.8751,6.2019,3.9572,4.6226,4.6222,4.275,1.4871,2.3456,2.0094,1.5281,0.1831,0.7909,0.1961,1.978,2
0.2613,2.3419,1.5123,1.9147,0.4951,4.4481,3.4143,5.6359,5.0395,4.9527,2.0965,2.5112,1.0658,2.4075,1.5166,1.6478,-0.489,0.4335,0.6489,0.0978,-0.4985,2
0.7508,0.4719,1.9904,0.7634,2.2369,2.3239,5.7877,4.4133,1.7924,4.6612,4.6462,3.8529,2.5054,1.8151,-1.1098,0.023,0.4101,-0.0561,-0.2055,0.6631,-0.9348,2
1.739,-1.2852,-0.9632,-1.1881,0.8807,0.6274,1.034,1.8618,4.9553,6.1916,5.8277,4.9138,4.3435,2.6459,3.4278,2.1278,0.324,0.3583,-1.1613,-0.7885,-0.7101,2
-0.3888,0.2175,0.884,0.7249,-0.7991,2.0932,3.9451,3.3072,4.775,6.9822,6.2781,3.5544,2.4021,1.0231,2.925,0.9135,0.1731,-0.0067,-0.1959,-0.3012,0.1656,2
2.1825,1.1732,1.7826,1.1033,1.6355,4.9378,7.1011,4.1132,3.6859,4.4001,3.5314,2.0001,-0.0184,-0.4881,1.727,1.485,-0.1713,0.1693,-2.2957,0.1148,-0.2107,2
0.5056,0.623,2.3351,2.5361,1.6256,5.1322,7.1821,3.8503,4.2319,3.2998,3.3954,2.2631,0.512,0.6506,-0.8763,-1.5335,-0.4353,-0.5259,1.2518,-1.2944,0.6322,2
0.6664,1.0503,-0.0096,-0.016,2.3507,1.7177,4.903,4.0998,3.9103,4.9346,4.7865,3.7468,2.8861,2.4393,1.5202,0.1023,-1.5523,-2.0882,-0.0207,-0.2715,0.3532,2
-0.5902,0.4726,2.4193,3.0256,4.9393,6.8124,6.0119,3.6095,3.4898,-0.0815,1.6921,0.8204,0.609,0.4974,-1.0158,-0.7515,-2.2115,0.515,-0.2337,0.9374,2.1236,2
-1.9093,-0.8336,-0.7644,1.126,1.9034,2.6583,3.503,5.2345,3.6834,3.2524,6.5192,2.7935,4.0035,1.9141,0.1186,-0.7792,-0.0579,-0.842,1.9835,0.0226,-1.0453,2
-1.9339,0.2509,-0.4858,4.2866,2.3116,3.2814,4.1337,2.839,4.5945,2.408,2.9373,2.6428,3.3169,0.9465,0.4677,1.4979,-1.0073,0.7895,-0.0306,-1.3717,-0.2076,2
-0.505,1.8638,0.5103,1.7356,1.2941,3.2131,4.3528,4.5642,4.9317,2.5668,4.3445,3.6074,2.9402,2.2655,1.622,-0.7351,1.251,0.5573,1.1123,0.9223,1.9178,2
0.138,0.7558,-0.1639,3.2252,3.1121,4.3963,5.3341,6.0312,4.7493,2.8965,3.9268,-0.357,1.4562,0.8354,-0.4241,-0.3889,-0.464,-0.4657,-0.2898,1.525,1.3768,2
-0.9701,0.8724,0.2621,1.4127,2.1588,2.4643,5.4,2.91,4.1922,3.7391,4.9335,2.3818,0.4979,1.7194,-0.7611,1.5497,-1.1307,-0.9299,0.4541,0.939,-0.6477,2
0.5943,-0.409,1.3768,3.4741,1.3303,3.8362,4.2335,4.5221,3.4844,3.242,3.7737,2.7981,0.3091,1.8597,2.0008,1.5357,-1.1744,0.7281,0.3414,-0.4376,0.3749,2
0.3513,2.9333,1.3913,3.7738,0.5035,3.953,3.116,3.4028,4.8405,3.6722,3.6541,3.9707,2.8087,0.6556,0.2607,1.4684,1.2838,-0.8031,-0.0138,0.7469,-0.9236,2
2.6012,2.2936,0.9347,1.5676,2.8807,2.887,4.1294,2.8009,4.6486,3.7114,3.8748,2.1575,2.4781,0.2193,-0.3941,0.293,-0.557,0.0898,-0.657,-0.6218,-0.0776,2
0.5461,0.1036,2.0357,-0.4486,0.1157,2.9079,2.5072,4.6913,4.4,2.8433,3.7278,4.6171,4.3434,3.2104,2.5589,-1.0069,1.9239,1.1301,-1.3147,1.6935,0.9226,2
1.0151,-0.1333,-1.1005,1.1365,0.2876,1.8515,2.939,3.7419,5.0963,5.9028,5.0112,3.7228,2.8483,1.3644,0.1756,1.2511,0.8571,-0.1563,0.4803,-1.8894,-0.5728,2
-0.2168,0.1176,1.3227,0.528,0.5542,1.9919,1.9115,1.5888,5.2985,5.8881,5.491,5.3011,4.2871,4.705,2.3818,1.6229,-0.7992,0.2824,-0.3566,0.5889,0.5489,2
0.8097,1.382,2.4596,1.4838,3.5353,4.4423,6.9399,6.0498,5.4957,4.1533,1.5741,0.2801,-0.7522,0.6271,0.4349,0.0265,-0.5174,-0.2985,-1.4344,0.1854,1.023,2
-1.0078,1.3974,2.3563,2.7011,3.3012,5.4603,6.7963,2.4807,4.312,3.9616,2.9626,2.675,2.0078,0.5101,1.3507,0.047,0.3578,1.2745,-0.8537,-1.2421,-0.6925,2
-0.6554,1.2247,-0.4147,-0.6521,-0.4391,1.1738,2.7165,2.449,3.2545,4.7057,6.2991,4.8699,4.9279,4.1474,1.5082,1.4286,-0.005,2.0434,-0.7321,0.6736,0.6688,2
-1.063,-0.8262,0.9985,-0.2167,-0.0727,0.9251,0.0922,3.0143,4.1985,3.5989,4.11,5.0559,4.3608,3.324,0.6589,2.5567,1.0784,-1.8332,-0.8136,-0.6189,1.3394,2
0.4364,2.3542,0.2668,3.2615,3.3066,4.3176,5.6389,5.7695,3.5671,3.7383,2.3135,1.6937,0.0667,1.0749,0.1864,1.9622,0.0358,0.2295,0.2291,2.0798,-0.4158,2
0.0824,1.8563,-0.1423,-1.3475,0.1244,1.4734,1.7794,2.4253,3.9811,3.4749,6.0171,4.4939,3.7448,3.6453,0.6969,0.792,1.6281,0.9927,-1.1526,-0.7211,0.8517,2
-0.4034,1.7481,0.9917,-0.3815,1.8201,3.3974,1.7881,2.529,5.017,4.2013,5.0636,1.292,4.3111,1.7836,-0.3052,1.4687,-0.8,-0.8686,0.86,0.4922,1.6009,2
0.3957,-0.6514,1.6935,-0.8656,2.2289,2.6463,2.1882,2.6824,4.0163,4.6402,6.6248,3.8094,4.5432,2.2868,1.5457,-0.3034,-0.3407,1.2465,1.6666,-0.1301,-0.4745,2
1.8524,0.318,2.1363,0.6784,1.9175,5.2175,3.0052,3.6165,3.6039,4.5793,1.8573,1.6393,0.8974,1.0013,-0.3024,0.7706,-1.1435,0.7626,-1.288,0.1101,-0.4346,2
1.1317,-0.0854,1.6236,0.811,1.8703,1.5229,3.7518,5.0273,3.1227,4.1618,4.4985,3.3157,1.8665,2.4285,1.7496,1.9149,-0.6373,-0.8475,1.5208,-1.1297,-0.3501,2
0.366,-0.1998,0.9322,1.2128,2.5291,3.779,5.1564,5.309,4.3451,5.7048,3.2475,1.9855,1.0564,2.2294,-1.5871,0.2879,-0.839,0.4062,-0.0302,-1.4463,0.3729,2
0.4257,0.8227,2.2894,2.4893,2.3014,4.5964,6.1941,4.8049,4.3389,4.5933,3.5193,-1.2535,-0.5392,1.6577,1.4819,1.0512,-0.472,0.0292,-0.6336,1.6456,0.8125,2
1.554,-0.781,1.0415,0.7772,0.7056,2.9673,2.5503,3.6078,4.2437,4.1961,3.5957,2.6881,2.2674,-1.4472,1.1247,-1.5998,0.9267,-0.3895,-0.6435,-0.6791,0.9044,2
-0.9531,0.7091,0.8587,3.6134,4.1884,4.2409,5.6582,4.4257,4.93,3.2268,1.9323,2.4819,1.156,0.5183,1.189,0.0631,-0.3532,0.9765,1.5852,1.5693,0.2251,2
1.0515,-0.5382,-1.3438,0.9739,0.3659,1.8218,4.8663,3.7976,2.3723,3.597,5.5328,4.6134,2.5792,2.9855,2.8388,0.1155,-1.3772,-1.5039,2.0517,0.2095,-1.7289,2
1.2317,0.8329,2.5687,1.289,2.4592,2.3291,3.2104,3.345,4.0801,4.1461,4.0733,2.3996,2.3213,1.408,2.4258,0.7351,-1.9473,1.4417,0.1182,0.3814,0.8164,2
0.429,1.4012,2.0862,3.5452,2.0333,6.4129,7.5065,4.6871,2.94,4.2801,2.3052,3.0642,0.2428,0.4051,0.9582,0.3142,1.3367,0.7795,0.4345,1.2116,-0.6094,2
-1.3979,0.1195,0.5709,0.8323,3.6406,4.3148,3.8478,5.5321,3.123,2.6589,2.4212,2.1431,-0.7799,1.9837,-0.1342,0.8134,0.0168,0.0509,-1.4345,1.0516,-0.6006,2
-1.6671,0.6463,0.6336,1.728,0.8089,3.6846,1.7621,3.2608,3.9959,3.5439,5.5053,3.9422,-0.4599,3.522,-0.253,-1.6878,-0.7661,-0.0956,0.1094,0.0151,-0.3461,2
1.3649,0.3298,2.4705,1.0529,1.3009,3.4909,4.2836,2.7098,4.3965,3.4324,5.6757,3.4168,3.5118,1.9963,-0.0715,0.9095,0.4417,0.8679,0.3613,-0.2979,1.6814,2
-0.2875,0.3233,1.6526,2.7791,5.0728,5.6947,5.4416,4.4304,5.7656,3.706,0.7544,1.131,0.7674,2.9625,1.7933,-1.7763,-0.0593,-0.4742,0.3757,0.4747,-0.1912,2
0.087,0.4563,0.5054,2.2941,3.1265,5.5236,7.3957,4.2028,4.1219,1.8429,1.6979,2.0836,-0.958,-1.4894,0.7916,0.5863,-1.8677,-1.255,0.1352,0.5706,1.7221,2
0.5267,1.5742,0.17,2.4284,0.0168,3.3591,3.867,4.1284,3.9476,2.8236,5.5402,4.0564,1.9938,0.9319,-0.2344,1.4536,0.4156,0.0389,-0.0158,-2.3864,-0.775,2
1.4027,-0.6442,1.2196,1.8718,1.0057,2.7607,1.428,2.0357,3.9441,5.6284,7.4178,4.8049,2.6629,3.7175,0.6188,2.9291,0.2043,-1.1345,-0.4526,1.1357,2.0541,2
0.0634,0.9529,0.2094,1.4435,1.2154,2.3321,2.5752,4.402,3.9648,2.1668,5.0561,3.1758,3.6477,1.8198,0.2635,1.0585,0.4176,2.1492,0.2711,-0.0595,0.2813,2
-2.3529,0.2383,1.5927,0.7177,3.2749,3.5406,5.7407,1.8411,3.7585,5.1238,4.69,3.791,2.0876,0.2611,1.1336,-1.1685,-0.8238,-1.1318,0.4253,0.864,0.2807,2
1.8324,1.4239,1.5378,2.0453,3.4961,4.825,6.5415,4.0957,3.1489,3.4711,0.5802,0.9515,2.0799,-0.4135,0.7107,-0.7099,-0.1263,0.3081,0.2145,0.5794,1.0968,2
-0.6565,0.1069,2.5341,3.7389,2.5628,4.4018,4.5536,4.2603,3.452,3.823,5.2593,2.3998,1.5112,0.2402,2.8566,-2.0501,-0.9478,0.9839,2.2596,-0.6149,0.1432,2
0.497,1.0301,1.5965,1.5692,2.2719,4.9632,6.2584,2.6437,4.8108,3.9302,1.4575,3.769,1.2402,0.8223,0.0577,-1.1118,-1.9874,1.5098,0.6151,0.3704,1.7904,2
-0.976,-0.4381,0.3247,3.4035,3.0347,4.0557,5.092,3.5339,3.546,3.4686,4.6163,3.9275,3.5482,2.4343,0.9546,0.7663,-1.4483,-0.3243,-0.9224,0.1025,-0.9965,2
-0.463,-0.7573,2.7834,3.1721,4.2993,4.2248,4.3154,5.0074,4.5313,3.1319,2.7447,1.489,-1.6198,1.3517,0.7557,0.0685,0.5763,1.6715,-0.4792,0.054,-0.1239,2
0.6583,-0.6557,-0.3965,1.0475,0.9104,1.7377,3.9462,4.8891,3.5327,3.8188,4.2776,4.2322,1.6881,1.172,-1.1602,-0.7686,0.229,0.0153,-0.2823,-0.463,-0.3894,2
0.0147,0.7441,0.5384,4.1457,1.2984,3.4908,4.2863,4.5706,2.7337,2.6651,4.4895,3.4573,0.7629,0.4525,2.3305,0.111,0.3242,1.967,0.0324,1.3259,-0.1539,2
-0.1398,-1.0707,-0.0761,1.8177,2.2838,1.1118,4.5032,2.7584,4.9356,3.8795,3.5806,3.7143,1.1005,1.6514,0.3665,1.4984,0.5911,-0.9311,0.508,1.3563,-0.3187,2
0.8659,0.1681,1.3876,1.6771,3.7031,5.1059,5.133,4.0146,4.2746,2.6143,1.279,3.7286,-0.2633,-0.0761,-0.9734,1.5859,-0.226,2.7195,-1.2623,0.9359,0.2577,2
-0.6958,0.4454,0.4689,2.292,1.201,3.3098,4.0078,3.622,3.5513,4.6444,2.9387,3.6057,1.3887,0.9754,0.8151,0.0298,-0.5682,0.0016,-0.6745,0.5931,-0.3849,2
-0.9293,-0.0232,1.1743,2.8953,3.7198,2.8246,2.7856,5.9807,4.8323,5.6836,3.4997,2.6615,0.5387,0.9816,0.8146,0.316,-1.2527,1.7323,-1.1469,0.2953,-0.422,2
0.1572,2.2376,1.0665,1.7702,3.569,4.0278,5.9842,3.9378,2.5713,3.435,2.981,1.8423,1.0415,3.0754,-0.7448,-0.3227,0.7711,0.7355,0.2625,-0.0398,-1.7293,2
0.9807,0.6988,-0.0569,1.1766,1.591,3.816,2.3323,2.1963,4.4383,3.5003,5.0767,4.9184,1.9993,0.2679,5.713,0.7432,-0.0123,0.3751,-0.5082,0.5263,1.1584,2
1.3041,1.2694,1.8172,1.875,4.7256,4.176,6.9167,3.4195,3.9004,1.3166,2.119,2.0018,-0.9532,0.908,1.5781,0.0055,-1.1745,-1.0287,0.89,-0.2035,0.4127,2
0.2019,0.0204,1.9559,1.9439,3.722,4.5564,6.3477,3.687,4.8255,3.9376,0.0752,0.6764,1.9596,0.3169,1.9982,-0.5611,-0.0968,1.0028,-0.4169,-0.0878,0.7307,2
2.0438,1.5204,-0.516,-0.4833,-0.5754,1.9704,0.8669,4.1738,5.701,5.1187,4.4615,4.3032,3.5518,4.0317,1.5234,0.5299,0.9392,-0.8701,-1.2408,0.0967,-0.8831,2
-0.6035,0.8034,0.437,2.4678,3.899,2.8011,3.7237,4.2828,2.0084,3.0179,3.5172,1.4216,2.2274,-0.4397,1.3049,0.7185,-1.2525,-0.482,0.4538,0.4743,1.6818,3
-1.8149,0.3079,1.9798,-0.7318,0.7207,0.9082,1.6586,-0.2207,1.2743,1.3239,1.4597,3.4122,3.103,4.7177,5.094,4.6069,3.0259,2.7007,2.5877,2.0508,-0.2163,3
0.141,0.3021,0.5343,-0.3067,0.7608,1.065,2.7807,-0.5178,1.644,3.224,0.74,1.3415,2.3662,2.6722,3.0428,3.416,1.637,1.9489,-0.5873,-0.0184,-0.9439,3
-1.3203,0.4767,3.3737,1.8937,3.2204,6.5634,5.4939,4.4991,3.6826,2.0335,3.4676,2.7159,0.9027,0.5494,-0.6578,-1.3208,0.5011,-0.1079,-0.9675,-0.1871,-0.6316,3
1.0841,-1.2381,1.0666,2.0481,0.6489,1.2899,1.412,0.2002,1.2305,0.6955,2.3598,4.1464,2.2838,4.8953,3.871,4.1164,4.8453,3.0918,1.7548,0.3123,0.5099,3
0.4716,2.2049,1.7578,2.5349,2.2153,2.7231,3.4822,4.983,1.9642,1.6805,1.8898,-1.1631,3.3453,0.5038,0.4517,1.513,0.6188,-0.9764,-0.8952,0.6944,1.0313,3
0.4347,-1.454,0.425,0.0372,0.479,0.5739,0.8488,1.1952,0.5873,0.8918,3.0351,2.9291,4.2598,5.271,6.6045,5.1282,5.745,1.7305,1.1298,1.5916,0.6032,3
-0.1487,0.556,2.0016,-0.7422,1.4349,0.8251,1.6878,3.3357,0.9365,0.5594,1.2876,3.7119,1.8651,4.225,3.5277,2.5327,3.3944,2.3153,1.683,-0.0667,-2.5721,3
-1.0306,1.3799,1.0116,1.86,2.1673,2.256,1.721,2.2504,1.7618,-0.3067,2.657,2.7539,4.6086,2.1172,1.9847,2.9056,3.0836,0.9896,2.0556,0.7873,1.4094,3
-1.7888,0.0932,0.2653,1.9327,2.5858,3.8996,3.7775,3.3131,2.5274,1.2055,2.8545,1.8638,0.4337,1.843,-0.2895,1.8702,2.9296,0.9155,-0.3526,-0.5811,-1.6632,3
-0.8253,2.196,1.2089,0.8746,0.7015,2.6322,2.224,1.0056,0.7864,1.8085,3.4651,0.642,3.2422,3.1318,4.3053,3.757,3.6089,2.0515,-0.8992,1.5468,-0.4292,3
-1.2624,0.5465,3.777,2.6143,0.8151,1.9778,2.3359,0.5748,2.2884,1.6148,2.2767,2.7466,2.1526,4.1619,3.0939,4.8074,1.8798,1.3881,0.7586,2.194,0.1116,3
0.8743,1.3241,-0.2962,1.7441,1.4788,4.2839,2.0803,1.9012,1.6866,0.8085,2.4177,2.8666,2.2445,1.6359,2.9646,3.3674,1.5209,1.1122,0.2869,-0.8489,-1.1694,3
0.9871,0.5982,2.3649,2.7199,3.5626,4.3611,5.0364,4.512,3.4442,3.2874,1.9174,-0.5858,-0.6987,0.0477,0.1673,0.0196,0.7521,1.2867,2.1877,1.8016,-0.3034,3
0.2845,-0.1051,1.1266,1.994,2.8128,2.4121,3.2606,-0.7976,1.2974,1.3714,2.9657,4.2921,2.6833,3.5998,4.1888,3.1514,1.5309,4.15,1.1063,-0.2285,-1.7165,3
-0.7467,-0.1037,1.7936,-1.3831,1.6804,1.3065,1.7888,0.8176,1.5316,1.9869,2.8173,3.4473,3.6744,4.2502,4.67,4.9324,3.8166,2.1606,0.6891,0.691,2.816,3
0.6864,0.1413,0.9155,-0.9828,0.5639,2.4308,2.43,0.3453,1.8548,2.5562,1.6405,2.8601,3.8437,5.3285,4.1195,2.9665,3.4458,1.5615,2.017,1.6273,0.9379,3
0.0493,0.3486,2.9842,2.9616,3.1427,5.0215,7.3187,5.2871,4.0315,2.2435,1.519,1.5168,-0.5243,1.1404,0.4586,-0.1527,1.3807,0.282,0.4876,2.0552,-0.108,3
-0.6047,1.037,0.7053,1.5471,1.2399,2.7586,4.2013,3.2326,0.9044,-0.0854,1.0558,-0.3861,0.0895,1.9996,3.1135,1.6638,2.4189,1.4715,0.8863,-0.5721,-0.61,3
0.883,-0.6433,-0.5858,3.4231,4.8318,4.7734,3.1507,4.5391,0.1892,0.6788,1.479,1.9195,0.6819,2.284,4.362,3.8396,2.1519,1.8208,1.6106,1.117,1.317,3
0.8595,-0.6772,0.8463,0.4391,1.9521,1.3311,2.3649,0.7957,-0.2648,2.4546,0.7374,2.3122,1.7951,4.5596,5.9433,2.4012,2.311,2.3086,1.5376,-0.3521,-1.7911,3
-0.5455,0.987,1.6392,2.2796,2.0497,3.3542,5.4875,4.8324,1.4482,2.4927,1.856,2.203,-0.3874,1.4007,3.2478,1.2491,2.2758,-0.367,1.0315,2.0341,-1.2598,3
-1.6689,0.6663,-0.3988,0.6509,1.8753,1.6109,3.6152,1.1734,2.8374,2.6596,1.9749,1.4913,1.6979,3.7574,1.425,2.3626,0.8918,4.2567,0.0503,0.2647,0.4395,3
0.3151,1.2749,2.1868,2.5275,0.8359,3.9642,3.1455,2.3043,3.5094,1.3804,2.0276,2.1534,2.0729,3.0062,3.5333,3.4143,2.6927,1.9102,1.1482,1.0944,-1.7818,3
-0.0802,1.3713,2.7577,2.3765,2.5758,4.9266,5.3987,2.545,2.6877,1.814,1.5142,0.0946,1.6018,1.5198,-0.6923,0.0866,3.8926,1.2362,0.6365,-0.4042,0.7308,3
0.0049,0.2814,-0.0072,0.9153,1.9916,1.1959,0.7778,0.5528,2.7808,3.7254,2.2209,2.1053,2.1284,1.0652,3.4579,0.5146,3.8168,1.7549,1.311,-1.7194,-0.5069,3
0.9216,1.1389,1.5153,-0.2109,-0.5791,-0.4227,0.7212,1.5874,0.1078,1.2255,1.2537,2.3615,5.6539,4.6926,6.0383,5.3368,4.9945,3.1701,0.7554,0.4097,-0.9426,3
-0.8302,1.7486,1.6446,3.7101,3.085,6.0062,4.4918,3.9509,3.2239,1.6644,0.7513,2.1413,0.7731,0.3565,2.5773,-0.6905,1.0777,1.1118,0.4764,0.2883,-0.9169,3
0.5486,-0.9469,0.8677,1.813,1.3314,4.9503,3.6135,2.058,0.5644,0.9023,1.7047,1.7586,0.8989,2.4474,4.314,1.5105,3.1346,1.021,-0.3242,0.2263,-1.1028,3
-0.4392,-0.4432,1.1509,3.2554,3.2556,5.7327,6.229,2.563,1.696,2.9997,2.047,1.7576,0.8492,0.7676,1.6377,4.2715,-0.2851,2.0347,1.4187,0.4566,0.269,3
-0.5796,1.3291,2.0119,5.9764,2.1822,3.2124,3.2748,3.7473,4.0045,1.5701,0.8929,3.1635,-0.8586,1.0133,1.8181,-0.0331,0.8439,0.5876,0.1542,1.3147,-0.6109,3
-0.5453,0.132,0.8097,1.4942,3.0497,2.0627,4.7677,3.2638,1.9368,3.9092,1.5985,0.1171,-0.1636,1.3413,1.3087,1.5462,2.9199,0.3431,-0.2442,0.2011,-0.3977,3
-1.7284,0.2077,1.0602,1.5553,1.4454,3.864,2.4651,1.9698,1.9074,2.5839,0.8867,3.9771,2.8251,2.44,3.1882,2.0989,3.6134,1.1225,3.4592,1.2406,0.1398,3
0.1856,1.0599,0.9898,1.1505,1.0568,0.5029,1.1406,-1.3693,0.6897,-0.3134,2.9418,1.9092,4.3588,1.1017,4.1261,3.4759,2.6131,0.8715,2.7845,1.0016,-0.6338,3
0.6854,-0.3882,2.3987,2.1162,1.9833,1.5045,1.9762,3.4046,2.4627,1.2162,2.4582,1.7443,-0.15,1.8498,3.3769,2.584,0.6605,-1.9637,-0.3684,-0.2172,1.1292,3
0.4453,0.0648,1.7055,0.9317,-0.015,2.7637,0.4131,-0.1825,-0.1715,-0.1135,2.6238,2.6671,3.8794,4.8631,5.6948,3.846,3.556,3.1467,-0.0501,0.1114,0.6414,3
1.5555,0.0648,0.5822,0.2945,0.8783,0.7264,3.0214,1.6021,1.6863,2.2268,1.6834,2.8638,1.5699,3.4472,2.8596,3.4345,2.3168,0.3169,1.7714,0.1633,0.4154,3
-0.7327,0.3105,2.0025,1.7329,3.7036,5.8669,4.3978,5.2425,4.107,1.74,1.6522,1.9171,-1.1949,0.5023,-0.0471,-0.5708,-0.1166,-0.3782,-1.3125,-1.034,-0.6152,3
-0.9675,0.834,-0.8214,1.8271,4.5532,3.7247,4.5425,1.3444,2.5502,2.2321,1.8404,1.0005,2.0948,-0.0384,1.7779,3.4918,1.2587,1.054,-1.7158,1.6706,-0.9938,3
1.4097,1.0587,1.0399,3.0579,3.4948,5.2896,5.779,3.2886,4.2438,3.0496,2.9963,-0.0354,0.7842,0.8351,0.0081,0.6311,-0.3073,0.2301,0.0772,-0.4807,-2.1762,3
-1.187,0.716,1.4097,0.9122,4.3431,5.2076,4.5139,4.0702,2.3092,0.3664,1.7605,1.7564,3.1314,1.9199,1.2987,0.0266,0.6482,-0.1448,0.9367,-0.3486,-0.3498,3
-0.213,-1.5605,0.7989,1.082,5.3144,3.3742,5.7445,4.0491,2.2433,2.7718,1.5347,1.8869,2.3109,1.7026,3.3822,2.2815,0.0302,0.2733,1.5494,-0.2359,0.6371,3
0.8951,-0.395,0.5741,1.8405,1.3081,2.1798,1.0432,0.505,1.3525,0.8208,0.6949,3.0307,3.5136,3.4671,5.4337,5.9644,4.1087,1.0446,2.8927,1.0733,-0.6724,3
-0.0267,-1.1956,-0.3972,2.5746,1.9308,2.7558,2.4114,4.563,4.0431,1.5005,2.5356,2.2563,1.1936,1.9614,0.1348,-0.04,0.5794,2.8882,0.7613,1.034,-0.7062,3
-0.3667,-0.2757,-0.1845,-0.5791,1.6255,2.3684,0.816,0.5012,3.1265,1.401,2.3738,3.603,3.0904,2.6006,5.3542,4.6912,2.3488,2.5972,2.329,0.7152,0.4187,3
-0.3401,0.2584,0.2503,1.1182,1.3184,0.6038,1.0403,1.9863,0.0142,1.3174,3.1293,3.7228,3.2941,3.0527,5.3007,5.2318,3.7585,2.6327,1.929,0.5286,0.3999,3
0.0272,-0.8436,2.1983,0.9194,1.7035,3.3595,1.5847,2.6036,1.7513,1.4096,1.8825,3.6197,0.929,3.7103,2.2978,2.8291,3.5303,1.0546,0.297,0.5495,-1.0289,3
-1.1696,0.2969,0.7855,2.7511,1.3732,1.5898,3.4048,3.0683,3.3326,3.7489,1.1122,1.2011,1.1821,2.6596,2.8736,1.6174,0.2439,2.0899,1.5188,0.5381,-1.1674,3
0.1712,-0.0777,-0.3925,0.532,-0.0506,1.4296,2.3792,0.8944,-0.4922,1.3481,2.6575,2.5182,3.5108,3.2906,4.6341,3.7252,4.0517,3.1101,1.2684,-0.8621,-0.2403,3
-1.3142,-1.2519,1.4717,1.0569,2.1483,3.5388,3.5302,1.8295,2.3152,1.6804,1.5523,0.6143,-0.0817,2.9384,0.0983,3.643,1.1324,0.6777,0.8464,-1.3398,-0.293,3
1.2711,2.9907,0.6515,-0.1195,1.9296,0.718,2.993,2.1459,1.6301,1.3305,2.0496,0.9078,4.1225,2.0508,4.2342,3.4471,3.7194,2.1891,-0.6616,0.2508,1.1119,3
-0.59,1.2231,0.2437,0.0348,0.1275,1.8277,-0.583,-0.274,1.074,0.7089,1.3987,2.0911,6.2503,4.8354,5.8215,4.7826,1.024,2.8774,1.5663,0.0717,-1.2508,3
-1.4328,1.3629,-1.1838,-0.8861,-0.137,-0.0999,-0.0201,-0.2963,0.5715,1.9304,2.8553,4.2466,5.9498,5.7155,8.6378,2.0456,3.7848,2.1699,1.8642,1.3328,-0.3912,3
0.6664,0.8662,1.7699,1.4029,1.9275,0.3817,3.4274,0.6471,1.0789,1.1861,1.6089,2.4721,2.1365,3.2627,4.1376,2.9097,2.3526,1.7756,1.4194,-0.0378,-1.852,3
-1.2962,0.4007,2.7255,2.1475,4.3644,3.9777,5.0004,4.9155,2.8046,4.6764,1.0695,-0.7388,0.4927,-0.1151,-0.5195,1.7411,1.2176,-0.1108,-0.5344,-0.614,-1.399,3
0.1961,0.2642,1.0413,1.3082,1.9196,0.9021,1.1002,-0.8085,1.6223,2.5385,1.9831,2.5372,3.9139,3.0165,6.0516,3.9158,3.5531,1.2349,2.6171,1.1486,-1.0575,3
-0.8257,-0.8131,0.8338,1.2744,2.0956,2.8258,3.5656,0.7175,1.4517,2.4073,2.9026,2.1346,0.4949,3.2093,4.3738,1.8535,2.8906,1.3736,1.7453,0.8627,2.3462,3
-1.5067,0.3736,2.8846,1.9012,2.4699,5.5979,7.6965,3.3137,5.3896,2.3024,2.442,0.1252,1.6152,-1.524,1.787,1.8919,-0.5315,-1.2539,0.3556,0.3331,-1.0953,3
-0.4162,-0.0979,0.6286,-0.5171,2.123,1.1364,3.4509,-0.3861,1.001,0.1194,0.8472,2.2021,4.1583,5.0235,3.543,4.3545,4.482,2.9117,2.6049,0.2965,-0.1876,3
0.6826,0.2563,2.1369,1.0526,1.4028,2.6024,4.294,2.4655,1.6977,2.2876,2.5435,1.7411,1.151,3.6308,2.4648,3.9478,1.1206,1.7575,1.7546,1.3166,0.32,3
-0.7201,1.8265,0.205,1.7463,1.5366,1.8341,1.3817,1.3064,1.37,0.6458,1.3134,2.485,1.0143,2.8109,2.9168,1.6516,2.5774,0.2443,-1.1484,0.1734,2.6556,3
0.5247,1.5057,2.3344,3.2143,0.9913,3.1979,3.1151,3.4298,2.6575,1.6838,1.7977,0.284,0.5625,2.673,0.2796,1.2,1.2516,1.6318,-1.4966,-1.5222,0.3489,3
0.0829,1.2566,1.1254,1.0112,2.9416,2.0637,7.065,4.2905,0.6422,2.9762,2.2131,2.9911,4.2621,2.3338,3.4671,1.1181,3.0496,0.0825,0.5404,-1.478,0.5737,3
-0.8033,-0.1231,1.3932,1.7765,1.184,3.2265,1.3893,0.2061,1.358,2.3448,0.9499,3.8264,1.5092,3.0632,3.3723,4.2042,3.8099,1.441,2.6898,-0.6985,0.4024,3
-0.2466,-0.6986,1.0051,1.515,1.9147,2.9979,3.7524,3.2845,-0.0592,2.9733,4.0234,2.3167,2.1849,2.6809,3.0501,4.0681,1.3512,0.6625,0.1793,-0.7297,-1.6882,3
0.6729,0.3254,-1.3568,0.8779,-1.2038,-1.4564,0.5475,2.3853,0.5162,0.5872,1.5861,2.3748,3.4165,3.4386,4.8491,4.4505,1.713,4.0391,1.1509,1.5165,1.089,3
0.9548,0.4119,-1.1858,0.4495,1.5577,1.3448,1.3389,1.4869,0.1493,-0.154,2.1217,2.3517,5.4255,4.7429,5.2448,3.681,3.1665,2.0073,1.1173,1.6031,-3.2278,3
-0.1494,0.541,-0.8206,0.5609,-0.1648,1.4174,1.0256,0.6362,-0.1007,-0.1503,0.9735,2.2028,2.7647,4.5753,4.7183,3.6591,0.2986,2.4954,1.0879,0.4841,-2.6,3
1.1505,0.8494,1.8887,2.2267,2.6026,2.3977,4.6453,3.4221,4.4639,2.2965,0.6781,0.982,1.2774,1.0353,1.0336,1.4842,1.978,2.758,0.6719,-0.3451,-1.375,3
-0.2368,-0.1991,1.8974,4.2665,3.1143,3.9955,5.0219,3.8137,4.0276,3.1995,2.4541,0.0918,-1.2432,0.0067,1.6085,-0.1132,0.2666,2.2651,0.5216,1.02,0.2473,3
2.2222,0.645,0.6787,1.3075,-0.9389,0.5464,0.555,1.0114,1.6817,2.4452,3.4807,3.4908,4.394,5.0494,5.1475,5.8103,5.4688,2.7565,3.881,-0.3704,1.5702,3
-0.3029,-0.8561,0.7727,1.3217,1.2867,2.8017,3.2376,2.3571,1.7185,1.8498,0.6826,1.2894,3.5157,3.0994,4.2634,3.9368,1.5338,1.2024,2.0314,1.4259,0.9051,3
-0.1701,1.9057,0.8063,4.0722,4.5969,4.5632,5.9095,4.6541,3.1541,2.7511,1.0122,2.8282,1.0685,-1.4585,0.4555,-0.5009,0.1542,0.8071,0.074,-0.8855,-0.2405,3
-0.1506,2.0431,1.3396,3.2823,2.8853,4.8833,6.0483,4.7204,3.8108,3.1902,2.5555,0.893,1.2836,-0.7066,-0.8544,2.4344,-0.5308,-0.5622,0.0094,-0.0239,0.4739,3
-2.5002,-0.5565,-0.0678,2.3645,3.6713,3.1745,5.1974,2.7821,4.4489,2.0152,1.6835,-0.0052,-0.8598,1.7501,0.4058,0.9546,0.5868,0.6527,-0.3514,0.862,-1.0872,3
-0.0569,-0.6338,-1.6602,1.0113,0.9677,0.3284,-0.6709,-0.6487,0.904,1.9215,1.9373,1.7622,2.6593,3.9942,7.0838,3.7302,5.2633,2.0105,1.0113,-0.5704,1.1377,3
0.3544,-0.667,1.168,1.6026,1.0907,2.343,2.4083,3.8819,2.9127,1.7722,4.9563,1.1593,3.3059,2.9158,2.119,2.4928,3.3855,0.9496,-0.4298,1.1183,0.699,3
1.7866,1.074,1.0795,2.1504,1.2997,2.5923,0.3117,-0.4955,1.1504,0.7367,2.106,1.9719,2.9972,4.0608,3.5801,5.1264,1.5735,1.7986,1.4721,0.6982,0.0749,3
1.4527,-0.7135,0.8321,0.3354,0.3185,2.5567,2.9052,4.5061,1.7445,1.6527,2.1454,2.1331,3.3354,3.5611,2.602,2.8425,2.4147,1.6626,2.5401,-1.0882,0.0147,3
-0.9643,1.4323,2.3858,2.5039,3.9138,4.9258,4.9524,3.9104,3.3499,-0.0024,2.7513,-0.6704,0.6715,0.0961,1.2623,1.0252,-1.0762,0.7868,-0.46,-1.1087,-0.1775,3
-1.6525,-0.947,2.3203,3.7497,4.2948,4.0979,5.4886,7.0459,2.1408,2.8795,-0.7136,-0.2609,0.6212,2.1947,0.0471,1.6916,1.5953,0.0737,0.7513,0.0363,-0.1506,3
-1.4133,1.2119,2.221,0.8176,2.237,4.4574,4.2036,3.6563,4.3203,4.2983,2.4181,2.7547,-1.4368,0.8523,0.785,1.0699,0.0339,0.0485,0.2513,0.0354,-0.8456,3
-0.003,0.7912,-2.3088,1.0204,3.2292,4.3346,3.318,3.0591,3.2272,3.4248,4.445,2.8957,2.0367,-1.776,1.4789,1.1132,1.5983,-0.8917,1.6401,-0.3881,-1.3168,3
-0.9062,1.1885,1.7907,0.3956,1.986,0.7623,0.8312,0.9724,1.4546,1.6615,2.2391,2.4801,2.4048,2.2712,3.5193,2.2624,2.0782,2.0379,0.204,0.5803,-0.61,3
-0.5712,-0.5745,0.5966,0.8449,0.6675,1.0908,-0.1915,0.6629,0.5702,0.6089,1.5794,3.25,1.5161,3.324,5.4945,3.5939,3.5652,3.7559,-0.9083,1.4467,-0.6741,3
-1.3393,1.4521,0.9029,2.3674,4.2974,2.8189,4.5964,4.4361,3.1122,1.6035,2.8965,1.6342,0.7895,0.2629,1.0466,1.1844,0.74,-0.1125,0.2848,-1.1217,0.9986,3
1.0001,1.6286,-0.6638,1.0564,-0.0114,1.7521,0.7499,0.2457,-0.3871,1.9773,1.7317,3.8304,3.2121,1.9511,3.7616,2.6464,2.6635,1.9801,1.9861,0.987,-0.6478,3
-0.8137,1.3077,2.3599,2.0237,3.7516,3.9506,4.9817,4.2189,3.5245,1.9316,1.2089,0.911,0.9481,-0.6757,-1.5639,-0.7011,-0.2102,-0.3311,2.1424,0.7642,0.7618,3
-0.7854,0.7507,0.1579,0.5882,-0.1316,-0.3822,0.2118,-0.8558,0.5303,1.2776,1.6069,3.5193,2.4755,2.9592,6.1524,7.3101,4.3282,1.6883,0.976,0.3866,1.895,3
0.2193,0.2758,-0.3877,1.2765,2.7031,1.9775,3.6424,2.6063,2.9739,3.6457,1.8112,2.648,2.6743,2.8452,3.3977,4.0236,1.2921,3.2707,0.1925,-0.9122,1.0776,3
-1.5915,-0.4282,1.215,2.0803,1.8364,3.6656,5.3699,4.8512,2.3624,0.2684,2.3625,0.9934,2.3748,-1.1607,1.8774,0.3969,0.2287,2.4543,-0.1849,-0.1295,2.6073,3
-0.0057,0.7385,0.4723,1.7164,2.3866,4.5931,5.085,3.7893,3.6988,0.9464,3.0251,1.1156,0.3816,-1.0072,2.4389,1.6531,1.2522,0.5223,0.3615,-0.0044,-0.7367,3
0.2426,1.3702,-0.3239,1.3616,0.1022,0.4058,0.9677,-0.0387,2.1155,1.3465,2.9028,2.1721,3.4039,4.3735,3.8471,3.6069,2.6785,3.1256,2.0779,1.2172,0.5557,3
0.0298,0.1635,0.0866,0.7457,2.0388,0.0902,0.4854,-0.3621,0.9869,0.9969,3.0834,5.524,5.2837,4.4796,4.2744,5.2955,3.2209,3.7966,3.2215,-0.4147,0.1593,3
0.6191,1.6885,0.8075,3.8874,4.094,4.3789,5.4467,4.1076,3.3306,3.1268,1.3867,0.4109,0.2505,-0.8428,-1.2691,0.6282,0.6541,0.5495,-0.1254,0.3152,-0.1205,3
2.6397,0.8963,0.818,2.4186,2.3558,3.407,5.8856,3.2864,2.4443,2.8243,2.433,-0.3028,1.3233,1.8105,-0.3069,1.9343,0.9445,2.5434,1.309,-0.3004,-0.2835,3
-0.7478,0.8213,1.4401,2.6316,4.3237,2.6288,4.6791,2.905,2.8978,2.2709,1.9608,1.3035,0.1174,2.5569,0.9895,-0.998,-0.5297,0.3435,-0.2962,-1.0875,-1.4107,3
0.5397,1.6555,0.4902,1.2798,0.3784,-0.307,0.3744,1.2442,-1.0282,0.3911,2.9838,4.2071,4.7624,4.3913,4.6728,4.4562,2.6215,1.2204,1.1876,0.9802,0.5239,3
-0.9784,-0.089,0.3417,0.4559,1.8478,2.2034,1.4894,2.6867,1.3294,1.4708,3.2084,3.1527,1.8278,1.3762,3.6125,4.5758,3.6245,1.8541,0.1789,-0.2156,-0.1243,3
1.3561,0.5921,1.6695,3.0312,4.0004,5.0392,6.0276,4.0542,1.5364,1.8116,2.7027,2.1314,-2.4314,0.1957,-0.1197,0.2291,-0.2031,0.778,-0.3638,1.0799,-1.4216,3
-2.8406,-0.0767,2.4348,2.1909,4.7203,2.5909,5.8168,4.5195,3.4137,3.1367,3.5433,1.5269,0.6016,0.228,0.7659,2.1704,1.2399,1.3518,1.662,-0.5169,-0.4146,3
0.067,-0.5889,-1.3042,-1.8967,0.1596,1.1655,0.5594,0.7535,1.4158,1.1907,2.0525,4.0736,1.7511,3.3974,3.716,4.0446,3.3139,0.7466,1.1226,2.0352,-0.7745,3
2.7661,-0.7527,-0.3864,3.3463,0.6294,2.1947,0.7067,0.8573,1.1124,1.2141,3.7242,2.5092,2.0668,4.8278,1.6547,3.9672,2.3827,2.4899,2.4671,1.9568,2.2658,3
-0.5006,0.7284,0.1666,2.934,1.6429,4.0595,4.9705,3.525,4.1379,1.7048,0.9427,2.8948,-0.37,1.8184,3.4625,3.4453,1.2594,0.0795,0.9742,0.4509,-0.2971,3
-1.3511,0.2555,2.2107,4.236,4.0815,3.4288,5.105,4.2926,3.3808,1.4206,3.2049,1.1898,-0.063,0.9672,2.2252,0.2403,0.3406,-0.3683,-1.5446,0.1636,0.2767,3
-0.0496,1.523,0.3104,-0.4054,2.662,0.2634,-0.8506,0.9308,-0.5492,-0.1415,2.3737,3.42,5.4667,5.7717,6.5203,6.5524,3.4135,1.8092,2.9598,1.4396,0.0061,3
1.1361,-0.4108,0.9777,1.8536,3.3954,6.4053,6.0174,2.8968,4.1204,3.4962,2.6708,1.451,0.6494,0.1308,-0.046,-0.9515,1.116,-0.0935,0.4753,1.5833,-2.485,3
0.6854,-2.2956,1.7972,1.2412,0.028,1.0067,1.6477,-1.0989,1.2755,2.5024,1.2571,3.1423,5.4177,4.5263,6.5648,6.1274,5.1108,2.6468,1.9965,1.2096,0.1948,3
1.5405,-0.8929,0.9152,1.3642,0.6386,0.4738,-0.4745,-0.7592,-0.5892,1.9769,2.6139,3.3404,3.4329,2.618,3.8128,3.611,3.3688,1.8906,2.3327,0.505,-0.1617,3
0.4735,1.069,1.6075,3.1302,2.7438,4.0803,3.0419,4.0282,2.2693,1.5706,-0.0372,2.0448,2.9892,1.7619,0.9321,1.9011,1.2632,2.0212,1.9675,0.9796,-0.2672,3
-0.8562,-0.7326,1.2448,1.5507,3.6589,3.2092,5.2884,2.0622,3.5094,3.1576,2.2006,2.6917,0.7287,0.4604,0.2261,0.8531,2.7949,0.5601,0.0434,0.4424,0.2053,3
-0.3489,0.6573,1.198,2.2391,2.5448,2.0444,3.659,3.0654,3.3583,3.9865,3.5662,0.4987,1.0583,0.6988,1.6539,1.0984,3.0566,2.2434,0.99,-0.7229,0.8354,3
1.2951,1.1508,0.2375,2.9564,3.581,3.1012,4.4753,3.5199,3.3375,3.851,1.3895,1.6568,0.8209,1.8781,1.4463,-0.0413,0.4443,0.1365,0.8277,-0.598,-1.7213,3
0.5714,1.0179,1.7447,1.1254,2.1924,1.3197,4.0278,2.2479,1.6088,2.677,2.4649,1.0226,1.5898,2.346,3.7723,5.251,1.2292,2.1339,1.4708,0.686,-0.612,3
-0.5729,-0.2034,-0.1087,1.4432,0.7374,0.1519,0.0826,2.0506,-0.1468,2.2157,1.9635,2.4738,3.8577,3.9862,5.2488,3.7994,3.1304,0.8507,1.5396,1.2143,-1.2864,3
0.9761,-0.5461,1.5808,3.3678,2.5033,4.6778,4.5834,3.432,2.8087,2.8809,0.582,1.6731,-0.8859,2.0141,0.9415,1.886,0.7115,1.3322,1.5394,0.4368,-1.8506,3
-0.5736,-1.5401,0.4702,1.5188,2.8247,3.4077,4.4007,1.9887,1.0073,3.7269,1.7927,2.1845,0.2918,3.0529,2.4518,2.0691,1.2548,1.9301,2.1572,-0.6286,0.9065,3
-0.1229,-0.732,1.7078,2.003,4.2126,3.4048,4.8994,5.0702,3.8669,3.3005,2.4114,3.3058,0.873,-0.9404,0.2085,1.2237,0.3487,-0.4869,-0.2948,-1.7589,0.5639,3
-0.9197,1.2481,1.377,3.5119,5.0916,4.4734,5.2237,5.6778,2.4405,3.2182,2.7131,2.0496,0.6505,0.1964,-0.3207,1.4955,0.4781,0.3498,0.0807,-0.3174,0.6467,3
-0.2894,1.1348,1.9516,2.3917,4.2647,6.5292,5.2337,4.2066,3.4578,2.833,0.6068,2.2134,0.5974,1.1822,3.3577,1.3328,0.2868,0.9511,-0.0743,-1.1951,-0.5092,3
0.7149,2.06,-0.1522,2.9477,3.2142,5.2185,7.2485,4.6869,5.3459,3.0965,2.0476,1.316,0.3774,-0.2725,-1.4902,2.0158,-0.2704,0.0681,2.1712,0.6269,-0.1675,3
-1.9172,-0.4657,0.8695,0.6548,2.6672,5.1933,4.7844,2.3511,1.8509,2.2885,1.027,4.2358,0.0377,1.716,1.667,0.2427,1.8685,1.386,0.8081,-0.1882,-0.9393,3
-0.1366,-0.9444,1.91,0.5775,0.8243,3.5921,3.883,2.5369,3.1031,1.9655,1.7734,2.507,1.5849,3.6371,2.9038,0.7008,1.6434,0.6993,1.2888,1.0577,-0.696,3
-0.7018,0.8642,1.204,0.9126,4.2282,4.422,4.4023,5.0641,2.3924,3.6488,1.2153,1.5956,-2.226,-0.1819,0.4952,-0.2479,0.9021,0.6006,0.3402,1.5446,1.1457,3
0.071,0.7898,2.5982,0.0021,1.8169,3.3476,0.9117,0.6529,0.2057,-0.946,2.9705,0.145,3.1239,4.7092,4.8622,4.033,1.6062,1.9696,3.0325,0.4662,-0.0078,3
0.8363,0.4556,2.7409,4.2142,1.7046,3.8347,7.0453,3.1799,2.7667,3.3494,2.4618,1.7951,0.1422,0.1134,-0.8105,1.1561,1.8681,0.0332,-0.9571,1.5542,0.3114,3
-0.8263,1.762,0.7575,2.3539,2.8546,2.5901,3.9725,3.3868,2.1307,2.8645,1.1548,1.1714,0.7088,0.0789,1.5709,2.5294,0.2417,-0.0064,0.5145,-0.6538,-0.8576,3
2.0794,2.0968,2.4011,2.3038,3.0737,2.9483,3.7244,2.5612,3.6632,3.7702,2.966,2.099,0.6167,1.3384,1.2601,2.8062,1.1719,1.0532,0.2772,0.3409,-1.3616,3
0.8206,2.0992,1.5258,0.421,1.9945,3.4197,5.4072,3.9812,2.6554,3.863,0.8916,3.4394,-0.4141,0.7095,1.52,0.3948,1.3691,1.096,1.4563,0.6208,0.5659,3
0.1186,0.5662,1.9219,2.3922,2.5181,3.0755,3.7858,2.4942,2.692,1.2852,1.2519,2.2697,1.8646,0.147,1.073,1.7377,2.7798,0.7446,0.0623,0.9912,0.752,3
-0.7811,0.9644,1.5166,1.7325,1.1021,3.6124,3.5312,3.0625,2.5218,3.8419,3.0351,2.0859,-1.2837,2.1654,3.2948,0.2017,2.9263,0.9205,1.1948,-0.2202,-0.4943,3
-0.7389,0.4689,1.4868,-1.5687,0.5608,0.2147,1.0138,2.4507,-0.7001,1.1922,0.2618,1.2628,4.652,5.4222,3.8796,2.7984,2.0174,1.4876,0.9762,1.2917,-0.7222,3
0.4005,0.5513,2.6931,1.3774,2.8321,4.2687,4.8818,3.4224,3.781,2.0274,1.0658,1.1386,0.7552,2.0651,0.7307,1.0964,3.645,0.8072,0.5839,-0.2478,0.583,3
0.8557,-0.1436,-0.0363,-0.8281,2.8404,2.0054,4.0867,1.9369,1.1499,1.988,1.8427,2.382,2.6567,3.1519,3.7663,2.8337,2.0828,2.5929,2.5059,0.7192,0.5535,3
0.527,0.599,1.3157,1.5706,1.0441,1.964,2.2234,3.7938,2.569,4.3418,3.5579,0.9162,2.2186,-0.6434,4.3346,3.9828,0.9057,2.3193,1.605,-0.8808,-0.1778,3
1.0546,0.0203,0.8265,0.0342,1.5371,0.8295,-0.1121,0.9336,-0.1239,1.6184,3.2904,2.5112,2.7853,4.3378,4.7864,4.8209,2.3677,2.0177,1.0037,1.2575,1.9605,3
-0.0943,-0.6677,1.5427,1.1299,0.6895,2.0644,-0.0295,1.2329,1.0387,1.4502,3.3129,1.9605,3.3221,4.0684,5.382,2.8584,0.2901,3.0633,1.9663,1.1954,-0.6581,3
-1.3107,0.3057,1.5607,-0.618,-2.3019,2.7016,-0.1027,-0.8042,0.0275,1.3839,0.9649,0.7829,3.6431,5.3518,4.9955,6.2392,3.7913,1.2077,2.9369,2.4194,0.2985,3
1.4736,-0.7148,1.2101,1.5826,3.4021,0.7225,2.5334,1.2472,1.4871,2.2399,0.6127,2.8706,1.894,0.9289,3.3356,2.1392,1.1892,3.3245,1.7008,-0.7117,1.6538,3
1.0276,0.3307,0.3939,0.3898,-0.0168,1.0543,0.4185,2.0994,1.2283,2.8708,3.5846,4.1187,2.7614,3.7892,5.7471,5.5331,5.1594,3.7013,0.7703,0.7225,-0.0926,3
-0.502,-0.1585,1.0662,1.0056,0.9155,0.8463,1.7664,2.1563,2.8583,0.4192,1.0994,1.7285,4.2062,1.7461,1.7394,3.2128,4.8613,0.6342,2.3812,1.6448,-0.1475,3
-1.1114,1.128,1.0723,1.6316,1.0562,4.8566,4.1451,3.4308,4.5986,1.3059,0.7987,0.8724,1.8405,2.1873,1.9731,3.3459,2.4305,1.2672,1.5144,-0.636,1.4372,3
0.5997,1.3335,2.1268,1.2265,1.4572,3.3203,3.3514,2.1533,3.3546,1.4585,2.1154,2.8517,3.1769,1.8921,4.2949,0.4848,5.0884,1.5785,0.1853,0.6868,0.0456,3
0.3908,-0.0938,-0.4911,1.6499,2.7466,2.6259,4.2965,2.9318,1.4701,-0.4873,1.8901,1.4894,0.4114,3.7401,3.2112,2.9097,2.5861,0.7135,-0.0724,1.664,-0.2623,3
0.3037,-0.0992,2.1741,1.9057,1.2003,3.4874,4.7016,3.6431,2.8711,1.407,2.1242,1.5447,0.8482,2.3162,2.1425,2.939,0.9129,0.7437,0.4708,-2.2706,-0.6612,3
2.9509,-1.417,1.3,1.6874,-1.7789,1.4682,0.3446,1.6599,-0.7917,0.7553,1.6273,2.1165,4.984,3.5926,5.1578,5.3253,3.5583,3.3998,2.5303,0.9254,-0.7486,3
-1.3331,1.7007,1.91,1.7741,2.8098,1.987,1.6927,1.4279,1.5676,2.659,2.5496,2.349,1.5488,2.4433,3.548,2.7955,3.0285,1.7757,1.7999,0.9362,0.2753,3
0.6537,0.2862,0.0946,2.1468,1.4796,1.0618,0.3053,1.1933,2.5164,1.4679,1.9552,3.0197,3.1927,2.8184,3.4297,3.7035,2.7034,1.9797,2.9072,0.4595,-1.4125,3
-0.5267,2.6661,1.6621,3.2502,3.9887,3.7514,5.3889,2.7725,2.7237,3.9403,3.0977,3.11,0.6177,0.8999,0.7942,0.0446,-0.0396,0.9406,-0.7393,-2.2735,-0.673,3
0.7165,0.0498,0.2266,1.9904,2.1907,2.464,4.2885,2.516,0.5914,1.1402,3.758,1.9048,0.9116,-0.1228,-0.0143,2.6041,1.5136,2.3337,-0.6151,-0.3172,1.2173,3
0.3732,0.107,-0.285,1.5034,-0.3608,0.9427,0.3909,0.7692,0.921,1.7987,4.6224,4.0039,2.2281,4.3985,6.2396,4.2656,3.0128,2.7548,1.7757,-0.0536,0.1414,3
1.1161,0.3664,1.7068,1.5772,1.8293,-0.5672,3.3458,3.0427,1.4295,1.5672,2.0287,1.6398,2.3377,4.3299,2.7282,3.0755,2.3964,3.004,1.6297,-0.032,-1.1909,3
0.1493,1.3302,1.6469,2.8392,4.0447,4.5735,4.6984,4.2895,3.89,2.9122,1.468,1.6459,-0.6446,1.5262,0.3979,-0.0702,1.457,1.8943,-1.8793,-0.3174,-1.1468,3
-0.7996,0.9017,1.4369,2.2849,3.0028,4.6525,4.0594,3.9913,5.6513,3.0157,2.3697,1.5944,0.9423,0.2579,0.2059,0.1775,-0.4947,0.0187,-1.3351,-0.2502,-0.7428,3
0.9972,2.6791,1.8453,2.5122,1.1108,3.1822,5.9242,2.6257,2.3254,2.1225,1.4806,2.1377,2.7983,1.9628,2.2291,1.3722,0.0408,0.6491,1.064,2.1915,0.1466,3
1.1242,-0.7864,1.236,1.5524,2.0753,0.9349,1.9617,-0.3272,-0.002,0.7582,2.6322,3.1744,2.7269,4.0527,3.3954,2.7563,4.0691,1.375,1.4463,0.5221,0.8651,3
0.7919,2.0574,2.337,1.1209,3.2009,3.0702,4.7272,4.559,1.9639,3.1673,1.9288,1.9681,2.3679,3.2818,5.2415,1.469,1.6419,1.6156,1.2307,1.8656,-0.1153,3
0.6491,0.6533,1.6195,2.0119,2.9311,3.45,3.0318,2.8238,2.3358,2.3838,2.4364,2.8864,1.0209,1.1772,0.1894,3.5115,1.9702,1.8732,0.6812,-0.6767,-0.6409,3
-0.0217,1.7051,-0.1027,-0.0397,-0.0706,2.0694,3.5065,1.8874,1.9744,1.3435,1.6296,1.6319,3.9079,1.4069,4.9511,2.2143,3.4227,1.5076,1.8402,-1.2082,1.7044,3
0.8154,0.876,0.7912,1.5794,3.4879,3.0509,4.2512,3.7781,3.9573,1.1189,1.8874,1.3588,-0.1443,0.1149,1.3243,1.5994,1.752,1.9663,0.604,0.3133,0.4154,3
-1.2122,0.9796,1.4593,0.7008,1.4777,2.3501,1.452,1.4357,-0.7782,3.3994,2.2999,2.3932,2.8831,2.6882,2.7745,2.4626,0.8746,1.5994,2.7136,0.7619,0.6182,3
1.9657,1.3128,-1.3767,2.3224,2.4462,2.0771,3.9819,5.8721,2.1791,1.4997,1.751,2.5897,2.9432,1.7496,1.3215,2.6978,2.1682,0.7122,0.6514,0.4423,-1.0531,3
-0.1808,0.4589,2.4037,2.5191,2.8721,4.9325,5.5201,5.235,5.3299,2.5431,3.2325,0.5877,0.8593,0.5557,2.1801,0.045,-0.3258,0.765,-2.348,1.6043,-0.0415,3
0.0547,0.5204,0.9506,3.9464,3.3041,3.1913,5.9888,2.6321,3.3344,3.8653,0.2394,0.0741,0.1698,0.1554,1.6829,0.7417,-1.1453,-0.5031,0.5292,0.5682,0.1092,3
2.144,0.5341,-0.3202,-0.3092,3.4341,3.0799,4.9209,1.7034,1.8522,1.4733,1.1854,1.7903,3.7933,2.1997,3.0208,2.2994,3.2223,1.9149,0.1335,-0.0308,-0.5364,3
-0.1662,0.2081,1.3345,0.3222,2.8131,1.602,1.7941,1.5618,0.2613,1.2355,1.1497,4.2426,3.7026,3.4296,5.5146,2.8748,3.1251,2.2772,0.2512,1.6553,-0.2603,3
-0.4656,0.5145,3.1094,2.9821,1.6157,3.1414,5.4743,6.3837,4.2079,1.4614,2.7844,1.1473,2.005,-0.2713,2.0591,-0.62,-1.1854,0.4578,-1.4849,0.7052,0.4256,3
0.8687,-1.226,3.2764,1.652,1.5793,2.8637,2.3996,1.0658,-0.0541,2.1565,2.8039,1.2772,2.1686,5.3486,5.3411,4.8995,2.3869,2.9203,1.0448,1.2873,2.1013,3
0.2603,2.1571,2.7437,1.0099,4.3679,3.1422,3.5731,4.7024,1.1518,2.7377,2.5974,2.9786,0.3656,2.2072,1.8632,2.8451,-0.0468,-0.2062,-0.2976,1.4699,1.0966,3
0.385,-0.3264,1.9232,1.6535,1.9938,1.4423,5.0146,4.0917,4.6773,2.0466,1.452,3.2434,0.7689,2.0002,2.6027,-0.2878,-0.5439,0.7391,2.6239,0.1492,-0.2415,3
-0.0605,1.566,-0.4598,1.9771,1.3109,0.7796,2.7779,1.2563,1.7303,2.2325,1.6016,4.4095,2.6713,1.3882,1.4264,3.4118,2.5809,0.6469,2.2265,-0.5506,1.0952,3
2.6157,0.4561,0.8628,1.7654,2.3958,2.404,4.7536,2.3114,2.2141,3.079,2.2832,0.6581,1.6848,2.8265,1.7406,3.5991,1.4077,1.3402,1.6292,0.0606,-0.6793,3
1.1215,1.6191,1.7151,-0.0676,1.9938,4.2064,4.4897,2.6489,3.9062,3.6832,2.175,0.3045,1.0442,0.1932,0.7659,-0.1301,0.066,0.0758,0.9992,0.9978,2.888,3
-0.6772,0.5967,2.804,1.7696,3.2031,3.9531,3.8272,4.5026,3.7809,0.8346,2.0107,1.7657,0.3812,0.4063,-0.7635,2.3813,-0.7485,0.2571,0.2401,-0.1314,0.5466,3
-1.721,-1.3707,1.0713,0.7834,2.324,2.2662,4.6375,4.2303,2.4568,3.6389,2.3839,1.9182,2.6448,2.704,3.4295,2.8426,1.9923,1.8853,2.4183,0.0741,0.4324,3
1.2504,-0.0058,-0.7315,1.0557,0.654,0.1487,0.9974,0.7419,2.0113,1.802,2.9537,2.3204,2.1826,3.9637,4.8332,2.5861,2.0081,1.8448,1.6523,-1.625,-0.978,3
0.9075,0.0386,-1.6208,-0.4669,1.2945,0.418,-0.0555,-1.9214,1.2548,1.0566,2.3718,3.6725,5.1766,4.5456,6.3155,4.9272,5.7146,2.165,2.3646,0.173,1.8335,3
0.3856,0.2338,0.6186,1.4757,1.5986,3.7829,2.3336,2.4834,1.9257,1.7295,2.1072,1.5734,0.8052,2.5202,3.7176,2.5632,0.3136,2.8043,2.895,0.3668,-1.5041,3
-0.3842,0.3001,1.5844,-0.1824,-0.5217,-1.1816,1.8046,-0.1938,1.053,0.6816,0.347,4.5729,6.2371,3.1717,6.1153,6.0672,3.1544,3.2028,2.2864,-0.0059,0.925,3
2.0296,-0.9813,0.3278,-1.0399,-0.2594,2.8255,0.1437,0.1095,0.2987,-0.7578,3.1079,2.2894,2.8186,3.9627,5.172,2.4287,4.4828,2.1914,1.8552,3.1164,-0.5695,3
-0.6349,-0.6586,0.6963,-1.1477,2.9794,1.3693,1.6108,0.063,-0.6401,-0.9233,2.1883,1.3575,3.4196,5.2816,5.8137,2.9594,4.5064,1.9968,0.8839,1.7544,0.5765,3
0.7832,0.9794,3.076,1.4029,2.2677,0.8953,2.212,1.3373,1.6803,1.7027,3.1625,2.0698,2.7775,3.2853,2.5646,3.645,2.5,0.956,1.2722,2.2749,1.8005,3
1.8826,0.1421,0.1969,1.1615,3.0564,1.5162,1.6751,3.7232,0.8705,0.1534,3.1506,4.3039,3.714,1.5027,3.3228,2.0038,0.9483,0.9734,0.5914,0.6146,-0.5678,3
0.959,2.022,3.1748,1.5059,4.1232,2.3827,6.7113,3.4143,0.8913,3.4787,1.1469,0.7852,-0.3446,1.3944,1.36,2.7391,1.5475,1.0062,0.7496,1.0116,0.2592,3
0.2633,1.1432,2.1994,3.3097,3.428,3.791,6.5015,4.4408,4.0381,1.931,0.997,1.5638,-0.266,0.7797,-0.5232,1.0877,0.9288,-0.3183,0.5072,-0.5511,-1.2944,3
0.4096,1.8819,1.6993,2.4498,5.3317,3.8437,5.1124,4.5181,4.0139,1.7069,2.6427,0.5844,1.027,3.0156,1.7691,0.5054,1.3213,1.7574,-1.2987,0.3751,1.2525,3
0.5588,0.0547,1.4502,-0.2592,-0.179,0.6697,2.312,1.0118,0.2255,3.821,2.2505,2.7186,3.3548,5.2821,6.1068,4.0186,4.0961,2.3785,-0.1117,1.8612,-0.102,3
0.5101,0.5712,-0.5852,1.2394,0.3833,0.1564,1.845,1.2868,3.2604,1.4502,1.1241,2.1332,1.442,2.651,4.068,3.9835,2.0723,1.5809,2.9429,-0.2442,1.4836,3
0.1358,0.4195,0.1425,1.7896,0.413,1.0464,1.2965,1.0857,3.4912,2.2288,0.7845,2.2247,3.4509,4.6234,3.6079,2.9582,2.2719,4.1604,1.9813,0.5683,-0.3319,3
1.1129,0.2403,1.8793,1.7745,1.1216,1.0373,1.5063,0.9388,1.1038,1.3132,1.1849,1.8556,3.3183,2.7366,4.3371,4.5879,1.3848,2.3753,2.3748,1.9423,-0.3128,3
0.9792,0.8749,2.3205,3.9198,4.7542,5.0688,4.5682,4.7715,3.4408,3.8321,2.9165,-1.1965,-0.1625,0.4002,1.4973,2.8906,0.1224,1.1692,0.051,-1.0169,-0.8237,3
-0.9348,-0.7335,-0.659,-0.5226,1.3769,0.7661,-1.1932,-0.8171,0.4886,1.7036,0.8552,1.3223,5.2731,4.6606,6.2982,3.361,4.7106,2.2157,3.1126,-0.3047,0.0724,3
0.4712,0.3541,2.3147,3.1165,5.0881,1.8801,5.0857,3.6294,2.3299,3.723,2.9631,0.9499,2.878,1.4995,0.5458,1.0005,0.8573,-1.0705,1.4734,-0.7296,1.949,3
-1.0226,0.8224,-1.1458,-0.5767,-0.871,0.6619,0.7624,2.2591,1.2596,1.2316,2.6595,1.5848,3.6788,3.4681,5.6638,5.5349,4.0735,2.3081,3.019,0.6546,0.2194,3
0.9934,-0.2022,-1.0907,1.0535,0.1013,1.5094,3.5252,0.4136,-0.8026,1.0593,3.191,1.1963,3.4842,3.2876,5.6725,6.0425,3.7078,4.4944,0.7017,1.9553,0.4413,3
-0.7171,1.8216,-0.4932,1.2713,0.9537,-0.876,3.1853,2.5079,0.7402,0.9995,1.9743,0.536,3.5378,4.1916,5.6782,3.6157,3.1413,3.132,1.7078,0.7372,-0.931,3
1.8791,0.7313,1.3702,2.5348,0.9012,3.574,4.2043,3.8737,2.5858,0.1283,0.7452,0.9047,1.6978,1.9215,2.9875,1.8336,1.1377,1.368,1.1905,-0.4762,0.643,3
-1.0181,1.943,2.4033,2.0124,4.1971,1.5518,3.4243,3.3569,1.6644,2.573,0.6447,0.3638,2.392,1.6077,2.0518,3.0257,1.797,0.5015,0.3415,0.1599,1.7984,3
-0.7071,2.6637,-2.553,2.3892,3.5323,2.1015,3.8826,2.6481,1.2291,2.0314,1.8925,4.0195,1.7643,2.9236,3.0287,0.9878,0.5588,-0.3018,-0.1881,-0.7993,-0.1954,3
1.8095,0.4273,0.7729,-0.741,0.9201,-1.2732,1.7099,0.2313,1.0161,2.2993,3.1482,2.9989,2.6186,2.3939,3.9919,1.0382,2.3317,1.9385,0.1893,1.2558,1.5493,3
0.1405,1.7924,0.8449,-0.0931,0.2672,0.1317,2.2066,0.3169,1.3371,0.7653,1.4966,1.1672,3.5722,2.3258,5.3384,5.2095,4.6043,3.1131,2.2059,2.8614,-2.1087,3
-0.329,-1.1564,0.9157,-0.5053,1.3621,1.098,0.4279,0.8596,0.6547,0.3988,2.6178,2.6049,2.8281,4.0708,4.4061,3.6469,3.3864,3.1963,2.3957,1.8667,-0.6854,3
0.7463,0.0582,-0.2184,3.3381,2.7525,3.6433,5.9017,3.4017,3.7708,3.4504,1.8726,1.4059,1.4687,1.2537,1.0362,0.7015,1.5765,-0.0787,-0.9458,0.12,-0.1431,3
-0.3578,-0.7475,0.3855,0.6661,-0.1128,0.9232,0.8291,1.1257,0.8026,0.6922,3.3006,3.3425,5.328,4.6528,6.0703,2.7627,4.1851,1.0542,3.5908,2.324,0.6858,3
0.5518,1.4396,1.4916,1.6905,3.6229,1.6312,2.9198,2.8337,2.2852,2.9986,0.6698,2.2698,2.3717,2.9932,3.4815,1.7415,2.7647,2.59,1.0038,-0.1504,0.9805,3
0.1294,0.0568,-0.6108,-1.3903,0.3574,1.4824,2.1479,1.5672,-0.5893,1.7375,1.3871,4.0485,3.7529,3.5562,7.4051,2.6677,3.4035,4.8186,2.0226,1.8458,0.2524,3
-0.9236,0.0201,1.8237,1.6033,3.3825,3.8645,3.1509,1.5932,3.1759,2.5852,3.0208,1.5331,2.4983,3.8828,2.0717,1.4071,2.9538,1.1883,1.8572,1.0205,0.0203,3
-1.3914,0.1096,1.2749,1.5569,3.0818,4.532,5.335,3.5416,3.3626,3.2649,1.9399,0.5374,1.5821,1.8492,2.9429,1.7803,1.4033,2.0017,0.2002,-1.0439,0.6325,3
0.9779,-0.1558,0.5696,1.1489,2.337,3.1104,3.562,1.139,-0.2963,1.4813,2.3619,2.2354,2.9906,3.4485,4.4212,1.3498,4.4571,2.8055,0.9206,-0.3457,-0.6379,3
0.1058,0.5752,0.7869,3.2849,0.9527,1.0692,3.5214,2.7773,3.242,1.2016,2.2399,4.5326,0.3126,1.838,0.9783,2.9076,3.2279,0.0815,0.1785,0.0735,-1.1792,3
-0.6512,-0.004,2.0342,1.163,0.8454,0.6118,0.9245,1.2996,1.2362,2.2809,0.6926,2.2281,3.4288,2.717,6.0296,3.4067,4.4458,2.6932,0.0629,0.5311,-0.461,3
0.247,1.0932,2.6289,2.5265,4.5826,3.8006,5.0722,4.767,1.1283,4.0547,1.2937,-0.046,-0.1036,1.7951,1.7212,0.1783,0.7424,-0.3141,2.0239,-0.6037,0.5213,3
0.2765,1.89,1.4384,2.424,3.6317,3.586,3.0387,3.0986,4.4366,1.6413,2.5205,1.7119,1.2675,0.438,1.8107,0.7475,1.087,1.6056,0.588,-1.0382,0.6792,3
-0.5047,1.4293,2.8064,4.5294,5.5281,2.0094,4.6769,4.8997,4.3864,2.4511,1.9821,-0.9624,1.1262,-0.0553,-0.7835,-0.7936,0.547,-0.885,0.965,0.9618,0.4227,3
-1.2336,0.8153,-0.1462,1.1156,2.9085,3.4443,2.9102,3.5602,3.6717,3.3098,1.5771,1.3762,1.0185,3.3889,1.2525,3.8537,2.3406,2.3936,1.8471,0.5948,1.4193,3
-0.47,-1.0052,1.0276,-0.2951,1.518,2.016,-0.7627,-0.6358,0.8124,0.3064,1.7083,2.4339,2.5,4.082,4.6438,5.0627,4.5746,2.6393,1.0512,3.2002,-0.471,3
-0.1248,1.8805,0.3141,1.4587,3.0218,6.0562,4.5523,5.2945,4.7668,1.5876,0.8166,0.8413,-0.5551,0.9478,1.3694,-0.6393,0.9129,-2.4617,-1.6751,-1.2636,-0.5551,3
-0.9861,2.0757,-1.3501,-1.1936,1.1619,1.346,0.7743,1.3941,2.3818,1.6423,0.2266,2.9043,2.6696,3.7794,4.5243,3.3528,2.7264,3.0963,1.6573,-0.475,0.1885,3
0.6904,-0.3037,0.9308,-0.2612,2.9298,4.3355,4.1064,3.8539,3.6457,2.0987,2.3685,0.3506,1.1325,2.5296,2.834,4.6335,1.9411,0.8708,0.2278,-0.4357,-1.7818,3
-0.2409,-0.1414,-0.3886,0.2919,0.4976,-0.3667,-1.0528,-0.3472,0.4769,0.9106,2.076,4.8098,2.9875,7.0904,5.1698,4.1272,3.8217,3.9069,1.8822,2.5473,0.7817,3
-0.1966,-0.4307,0.8512,2.2372,2.4304,4.3035,5.3035,3.843,4.6968,2.6059,1.0138,1.6274,0.1021,2.1794,1.8481,-0.8707,-1.1039,0.9741,0.459,0.4444,0.6332,3
0.006,-0.6074,0.2355,2.2696,-0.0334,2.3111,2.7592,1.7304,0.9504,0.391,0.5975,1.2005,3.8873,2.8773,4.2632,2.4031,2.9217,0.3883,1.9217,1.4061,1.2231,3
-0.9087,-0.8266,1.2067,2.3172,-0.4148,-0.1991,1.2421,2.8557,1.1785,2.6162,1.3037,3.878,5.23,4.4706,5.402,4.1152,3.9645,3.3698,4.0371,1.9447,-2.5156,3
-1.5078,1.3163,0.1449,1.0162,1.0904,2.8166,4.8668,3.8925,2.0374,2.2947,2.6723,1.5149,0.6523,3.7638,2.7138,2.8143,2.7373,3.2381,3.2302,1.965,0.5686,3
0.8967,-0.1712,2.1112,1.189,-0.0491,1.1932,1.8879,-0.6222,0.4675,1.5149,2.1329,3.6607,1.5432,3.8095,6.0377,4.2465,3.5312,1.0362,1.1193,0.9351,-0.6463,3
1.4012,0.8679,1.0295,1.2435,0.7325,1.2515,3.1103,2.0414,2.8248,0.6653,1.412,4.9479,4.0626,3.8686,5.1379,4.6639,4.4632,0.8786,0.4341,-0.0839,-1.1567,3
-0.1307,0.9493,0.3272,0.2357,-0.5669,-0.7117,-0.0227,-1.6956,-2.0637,1.556,1.9284,3.1695,6.1649,5.6851,6.3922,5.4931,4.2236,3.9182,1.3635,1.4048,0.2113,3
1.2727,0.2399,0.1738,2.1517,2.8722,2.7022,1.1196,4.0944,3.679,0.6439,1.4571,2.1146,0.2551,2.3541,1.961,-0.167,1.9191,0.4443,-0.1779,-0.134,0.0138,3
-0.4205,0.6673,0.7261,2.2411,1.8388,1.7543,2.361,2.4894,1.7681,1.5112,2.0164,0.556,2.7459,3.1444,3.2548,2.2251,3.9678,2.3216,2.6027,0.4246,-0.026,3
0.0247,0.8782,0.5996,0.9946,0.5113,2.0322,1.5127,0.7349,0.9517,1.8032,2.8477,1.0699,0.341,3.7193,3.5124,2.5441,3.1022,0.8245,0.4986,-0.7701,1.0803,3
-0.6808,2.9598,1.6834,1.5337,4.2469,6.8324,6.675,5.4396,2.0936,1.0848,3.4342,0.3551,-2.49,-0.2763,2.4685,1.2848,1.2889,0.5294,0.4509,1.0985,2.1823,3
1.0786,2.2144,1.4807,1.2769,5.0216,4.9515,1.8627,2.638,3.3102,0.9277,1.8563,1.2258,-1.671,0.3956,0.8611,1.6158,-1.7107,0.7651,-1.6385,0.1361,0.58,3
-0.0927,-0.1865,-0.4731,0.1401,-1.4476,-0.1445,0.1141,-2.2464,-1.4247,0.6565,1.5262,4.6908,6.5513,5.5691,5.8842,5.0778,5.3823,1.6217,1.5364,1.7426,0.3445,3
1.3169,1.0907,0.0602,1.9786,0.4469,1.3868,3.321,2.3808,1.8441,0.9006,3.0557,0.2397,2.3016,0.8332,2.953,1.2566,1.0626,0.3147,0.4425,-0.0417,-0.5831,3
1.8322,1.5239,0.193,2.1902,1.1357,1.9181,2.4479,2.5527,1.0561,2.2309,0.496,0.7032,2.5416,4.0757,3.4958,0.2905,1.4473,0.792,-0.4767,0.4737,0.4646,3
1.0968,3.5197,-0.9334,1.0575,1.5852,2.2026,3.1122,1.6805,1.9214,3.067,0.7145,3.5859,0.1592,2.2062,2.918,4.2127,2.0699,0.6806,1.1607,2.2799,0.1664,3
-0.592,2.4468,1.533,0.6867,3.711,2.1784,3.8274,3.0866,2.7895,1.8974,1.5712,0.4305,0.7623,1.1715,2.4482,0.5919,3.7521,2.6717,1.1146,-0.3269,-1.4202,3
0.2406,0.0195,2.0086,2.021,3.3518,2.9788,3.5367,3.1763,2.7772,2.2413,1.8624,1.1455,3.5517,1.5501,3.2364,1.2199,3.376,0.5204,2.2119,-1.0083,-0.0529,3
0.2158,0.5067,1.6231,2.2497,2.8914,3.9364,4.9421,5.7743,3.2278,5.1024,1.8309,1.1637,2.1918,1.2013,1.5664,1.771,1.3472,0.9414,-0.1284,0.5105,-0.5529,3
-0.0627,-1.5498,0.775,3.0955,1.6833,3.9225,2.9303,2.3725,3.6468,1.5984,2.934,0.3483,2.288,4.8678,1.941,2.5033,1.1856,0.7338,0.1992,-0.7508,0.5119,3
0.9929,-0.8294,2.4879,2.9848,3.4754,2.1829,3.3133,2.7825,2.7211,1.3382,2.5981,1.3916,1.4907,2.2869,3.715,0.384,2.8549,0.6324,1.5182,1.0035,0.5413,3
0.7682,1.1663,2.7259,2.9707,4.0832,2.9893,4.5551,2.1358,4.1632,3.5586,3.164,2.4874,0.3543,0.2432,0.4594,0.0182,-0.8939,1.6293,0.1494,-0.9844,-0.0907,3
-0.8472,0.1008,0.3986,0.9617,-0.2513,-0.3061,-0.0844,-1.6334,2.4735,2.8415,1.589,3.0303,4.0443,5.0991,5.3741,3.6042,3.6719,2.9393,2.8279,1.7193,-1.3497,3
0.1098,0.5208,1.5616,4.3217,3.4318,4.458,4.7345,4.5949,4.6447,4.0002,1.2729,2.6874,-0.4553,-0.3316,-0.4376,0.4964,-0.2338,-0.3869,-1.136,0.1199,-1.5719,3
0.7321,-2.3208,1.4139,2.1846,3.1223,2.613,2.7777,3.9262,2.6389,1.3453,2.5648,2.0524,2.0852,3.4045,3.3091,3.2847,3.322,3.1587,1.1693,-0.6528,-0.683,3
-0.0076,0.038,0.8951,5.0696,4.0164,5.7257,6.9335,4.8909,2.721,4.4727,0.8387,0.4746,1.6746,-0.0578,0.5571,-0.6403,0.4682,2.0484,0.4615,-1.0483,-0.4489,3
1.0065,2.1562,3.2491,0.5493,1.9801,3.691,5.5585,2.5652,1.6846,2.6319,3.6303,1.8834,1.0012,2.3264,2.9605,2.5271,1.578,0.5332,0.1574,2.0353,-0.7657,3
-1.026,0.255,-1.3859,-0.1221,0.2458,-0.8048,-2.2066,-0.1708,3.6193,0.4434,2.2917,2.9807,2.5837,7.1368,4.8966,4.5595,4.1151,3.8704,-0.014,1.0187,-0.1221,3
0.936,0.9969,1.9886,3.639,2.2836,5.3444,6.0705,4.7725,4.2794,3.8071,2.1513,0.2185,-1.259,0.3824,0.4268,-0.573,0.697,1.7613,-0.3291,1.6587,-0.9861,3
-1.1279,0.6798,3.508,2.6701,3.9761,3.999,5.4328,6.1605,4.105,3.1452,2.3242,2.25,0.6788,0.2377,1.3843,0.8987,2.4503,0.592,1.6688,-0.7687,-1.2282,3
-3.051,-0.2,-0.0489,0.93,1.3388,2.2348,3.1414,1.8496,2.0137,-0.1691,1.2551,1.8031,3.5124,2.7885,4.0926,2.1429,2.4322,2.7223,1.2067,0.5091,0.3672,3
1.5163,2.1861,1.9386,4.2208,3.6431,4.1964,5.0415,5.27,4.4841,4.3782,0.619,1.0085,1.3274,-0.2644,3.3075,0.0991,1.7819,-0.8045,2.0799,-0.8533,0.1728,3
1.0011,-0.7821,-0.7672,1.4283,-1.1991,1.7507,0.5479,0.4092,0.7415,1.0184,1.6114,4.8874,4.6175,5.5304,3.8849,3.0974,4.0435,3.884,2.4435,2.1333,0.035,3
1.2724,-0.9016,-1.2698,-0.4895,1.0428,1.2374,1.8938,0.0439,0.0694,0.7023,1.3451,2.1426,-0.0958,4.7649,5.3731,2.682,3.6944,1.0187,2.1569,2.4444,-1.3371,3
0.1422,-0.6338,0.364,0.4941,0.5232,-1.8468,1.6137,0.3845,-1.3514,0.7605,2.5518,4.23,3.3811,4.422,9.1382,4.9291,4.1312,-0.6283,1.9741,2.4756,-0.075,3
0.6838,-0.415,0.2968,1.1551,0.2483,0.4277,1.8963,1.9601,3.3948,-0.5012,2.0768,2.4004,3.4375,2.9839,3.3598,3.9596,3.843,0.9216,1.5914,2.2255,-0.1346,3
1.1089,0.3818,1.9018,1.1986,1.7982,0.8978,1.2894,0.5794,1.0009,1.2853,2.6872,2.4821,1.674,3.2949,3.9951,5.0551,2.0503,2.9882,0.442,0.9129,-1.1123,3
1.0625,2.8006,1.74,2.3429,2.5529,3.9356,4.7875,4.599,2.9401,2.5496,1.9939,3.2891,0.9573,2.6256,2.0436,2.088,1.1029,1.5447,-1.9079,0.7617,-0.0832,3
1.4228,0.8769,-0.311,-2.2186,1.0412,-0.5652,0.2999,-1.6283,-0.1643,1.7846,1.8511,3.0037,4.7854,5.952,6.7077,4.7948,4.1361,2.3781,1.4313,1.3327,0.5412,3
-0.8334,-1.5159,0.992,0.2377,-0.3477,1.0263,-0.3312,0.1111,-0.6926,1.2293,2.8375,3.6332,3.9569,4.2641,5.0099,3.5236,4.1759,4.1627,-0.4728,1.6417,1.0365,3
0.1996,-0.1535,1.3671,0.7158,1.9612,4.0608,4.1592,3.2116,1.5887,3.4567,3.175,2.438,0.5258,1.8437,1.6921,0.1126,1.5053,0.9452,1.2889,-0.4175,-1.6422,3
0.1104,0.7985,0.636,0.7207,0.6547,1.3983,0.6647,0.498,1.8876,1.365,2.1974,2.2005,2.1049,4.3165,5.4286,3.4053,3.6767,3.1614,1.3673,0.6837,-0.8065,3
-0.9631,0.7323,1.733,3.3995,4.5995,4.5034,5.3276,4.6735,3.8453,2.8149,2.7085,1.5038,1.21,0.1453,0.6896,0.4335,0.0307,1.1552,2.1257,-0.1526,-1.1265,3
0.0785,0.6269,-0.5738,1.2681,0.449,1.5048,1.8207,1.9013,1.0341,0.37,3.44,2.8955,3.3494,2.7046,4.0351,3.4227,2.4681,2.9149,0.5617,-0.3701,0.6786,3
-0.1679,0.6504,1.4743,2.7656,3.8566,2.9215,3.9529,1.5484,1.6669,1.8572,0.6399,3.2756,3.0711,2.2085,3.338,3.3151,1.9642,3.9029,0.0712,-0.9809,0.3862,3
-0.0825,-0.2724,0.3924,5.4606,4.931,4.3825,5.1717,7.0376,3.7557,2.8632,1.4995,0.4481,0.2317,0.9601,2.2025,-1.0058,-0.0742,0.5438,0.3823,0.4306,0.1756,3
-0.2248,-0.9754,-1.5497,0.4686,-0.2385,0.9917,-1.3174,-0.9362,-0.2379,1.4038,-0.1121,3.1038,2.9556,3.2085,5.285,4.6019,3.3658,3.9523,0.8366,3.002,0.8562,3
1.7773,-2.4352,-0.8839,1.5845,-0.4575,0.2732,-1.3045,1.5842,-0.7384,1.2243,3.3747,1.6413,4.2185,4.0036,6.4585,4.6047,4.3479,4.3592,2.0214,0.7309,-1.085,3
-0.3341,1.8648,0.4758,0.8975,4.0908,2.7309,3.3441,3.6785,2.0035,2.7424,1.3156,1.3633,1.8094,0.1918,3.4045,1.7424,1.3769,1.1196,0.8958,0.4879,1.3034,3
-1.1541,1.9772,0.2579,1.29,4.1947,3.2535,3.2856,4.2944,2.9985,5.0937,2.2371,0.7025,-0.5086,0.6127,2.4298,2.1991,0.4195,1.1567,-0.2395,0.5233,0.3636,3
0.0289,0.7332,2.1283,2.385,2.5421,2.9879,3.2257,0.7947,3.4336,2.0478,3.1856,1.47,0.7346,2.4204,2.1612,3.6828,3.2503,0.8433,0.6614,-0.4838,0.8712,3
0.9337,-1.9955,-0.8217,2.2748,-0.1634,1.1141,0.6481,0.5125,0.6194,0.9406,2.3561,2.7666,2.8122,3.155,5.4546,4.1912,2.2483,3.1658,1.3756,0.9956,1.105,3
0.1432,0.7496,0.8764,0.8479,3.9517,0.6818,2.9773,0.7779,1.2657,2.4141,-0.4582,2.8764,3.5677,2.3591,3.4222,2.7325,1.4158,1.0129,2.7451,1.2936,-0.2678,3
